Time,EcoregionName,EcoregionIndex,TAP,MAT,BeginGrow,EndGrow,PDSI,
1979, eco9, 1, 160.75, 14.59, 0, 309, 0, 
1980, eco9, 1, 150.69, 14.86, 0, 317, 0, 
1981, eco9, 1, 220.82, 15.35, 0, 365, 0, 
1982, eco9, 1, 193.63, 13.57, 0, 304, 0, 
1983, eco9, 1, 331.27, 14.01, 0, 312, 0, 
1984, eco9, 1, 117.4, 14.6, 21, 290, 0, 
1985, eco9, 1, 82.47, 14.68, 0, 298, 0, 
1986, eco9, 1, 168.03, 15.36, 0, 333, 0, 
1987, eco9, 1, 145.27, 15.36, 0, 310, 0, 
1988, eco9, 1, 129.91, 15.31, 0, 308, 0, 
1979, eco10, 2, 150.11, 15.53, 0, 303, 0, 
1980, eco10, 2, 133.56, 15.76, 0, 313, 0, 
1981, eco10, 2, 199.45, 16.24, 0, 350, 0, 
1982, eco10, 2, 170.88, 14.48, 46, 297, 0, 
1983, eco10, 2, 297.26, 15.08, 0, 305, 0, 
1984, eco10, 2, 104.76, 15.65, 39, 286, 0, 
1985, eco10, 2, 77.42, 15.49, 0, 293, 0, 
1986, eco10, 2, 152.33, 16.13, 16, 316, 0, 
1987, eco10, 2, 128.64, 16.23, 40, 305, 0, 
1988, eco10, 2, 115.28, 16.24, 31, 301, 0, 
1979, eco11, 3, 140.38, 16.54, 0, 309, 0, 
1980, eco11, 3, 117.56, 16.66, 0, 312, 0, 
1981, eco11, 3, 176.65, 17.32, 0, 365, 0, 
1982, eco11, 3, 149.95, 15.65, 0, 309, 0, 
1983, eco11, 3, 260.22, 16.39, 0, 365, 0, 
1984, eco11, 3, 91.53, 16.95, 0, 329, 0, 
1985, eco11, 3, 73.39, 16.67, 0, 303, 0, 
1986, eco11, 3, 134.8, 17.33, 0, 365, 0, 
1987, eco11, 3, 111.66, 17.59, 0, 318, 0, 
1988, eco11, 3, 98.86, 17.77, 0, 333, 0, 
1979, eco18, 4, 148.67, 16.8, 0, 318, 0, 
1980, eco18, 4, 131.84, 16.91, 0, 365, 0, 
1981, eco18, 4, 187.14, 17.51, 0, 365, 0, 
1982, eco18, 4, 163.15, 15.8, 0, 317, 0, 
1983, eco18, 4, 283.01, 16.35, 0, 365, 0, 
1984, eco18, 4, 98.21, 16.94, 0, 342, 0, 
1985, eco18, 4, 77.3, 17.06, 0, 305, 0, 
1986, eco18, 4, 146.56, 17.65, 0, 365, 0, 
1987, eco18, 4, 122.51, 17.65, 0, 365, 0, 
1988, eco18, 4, 106.54, 17.77, 0, 349, 0, 
1979, eco21, 5, 104.33, 11.76, 64, 292, 0, 
1980, eco21, 5, 75.1, 12.01, 85, 272, 0, 
1981, eco21, 5, 118.77, 12.61, 53, 274, 0, 
1982, eco21, 5, 108.81, 10.64, 112, 291, 0, 
1983, eco21, 5, 173.62, 11.46, 25, 295, 0, 
1984, eco21, 5, 78.72, 11.68, 61, 278, 0, 
1985, eco21, 5, 51.58, 11.89, 88, 275, 0, 
1986, eco21, 5, 95.59, 12.68, 29, 298, 0, 
1987, eco21, 5, 74.72, 12.59, 79, 300, 0, 
1988, eco21, 5, 75.21, 12.48, 83, 296, 0, 
1979, eco22, 6, 115.08, 11.02, 94, 290, 0, 
1980, eco22, 6, 83.39, 11.43, 92, 284, 0, 
1981, eco22, 6, 136.03, 11.92, 80, 264, 0, 
1982, eco22, 6, 122.75, 10.07, 115, 280, 0, 
1983, eco22, 6, 195.73, 10.64, 107, 291, 0, 
1984, eco22, 6, 86.19, 10.82, 92, 262, 0, 
1985, eco22, 6, 56.77, 10.96, 94, 268, 0, 
1986, eco22, 6, 105.84, 11.74, 44, 251, 0, 
1987, eco22, 6, 83.01, 11.77, 90, 291, 0, 
1988, eco22, 6, 84.31, 11.76, 91, 291, 0, 
1979, eco23, 7, 137.37, 12.46, 70, 291, 0, 
1980, eco23, 7, 109.75, 12.86, 87, 295, 0, 
1981, eco23, 7, 177.82, 13.3, 74, 271, 0, 
1982, eco23, 7, 160.26, 11.45, 109, 291, 0, 
1983, eco23, 7, 255.32, 12.03, 44, 292, 0, 
1984, eco23, 7, 98.22, 12.43, 70, 268, 0, 
1985, eco23, 7, 70.9, 12.49, 89, 283, 0, 
1986, eco23, 7, 135.09, 13.27, 38, 257, 0, 
1987, eco23, 7, 111.44, 13.29, 82, 293, 0, 
1988, eco23, 7, 103.32, 13.33, 84, 291, 0, 
1979, eco24, 8, 189.38, 13.31, 65, 291, 0, 
1980, eco24, 8, 176.22, 13.56, 82, 298, 0, 
1981, eco24, 8, 250.75, 14.07, 63, 276, 0, 
1982, eco24, 8, 216.88, 12.24, 99, 291, 0, 
1983, eco24, 8, 374.98, 12.82, 45, 294, 0, 
1984, eco24, 8, 134.39, 13.22, 64, 273, 0, 
1985, eco24, 8, 95.18, 13.5, 84, 291, 0, 
1986, eco24, 8, 193.01, 14.12, 39, 296, 0, 
1987, eco24, 8, 162.33, 14, 75, 295, 0, 
1988, eco24, 8, 148.51, 14.04, 75, 291, 0, 
1979, eco25, 9, 180.9, 14.89, 0, 302, 0, 
1980, eco25, 9, 169.09, 15.11, 0, 311, 0, 
1981, eco25, 9, 230.72, 15.64, 0, 365, 0, 
1982, eco25, 9, 200.8, 13.86, 34, 297, 0, 
1983, eco25, 9, 351.55, 14.43, 0, 304, 0, 
1984, eco25, 9, 120.84, 14.89, 41, 310, 0, 
1985, eco25, 9, 91.75, 15.02, 0, 291, 0, 
1986, eco25, 9, 181.02, 15.75, 0, 316, 0, 
1987, eco25, 9, 152.08, 15.71, 45, 307, 0, 
1988, eco25, 9, 134, 15.78, 27, 301, 0, 
1979, eco32, 10, 196.66, 15.22, 0, 313, 0, 
1980, eco32, 10, 174.23, 15.39, 0, 365, 0, 
1981, eco32, 10, 244.12, 15.92, 0, 365, 0, 
1982, eco32, 10, 212.23, 14.14, 0, 310, 0, 
1983, eco32, 10, 353.96, 14.73, 0, 365, 0, 
1984, eco32, 10, 131.61, 15.15, 0, 324, 0, 
1985, eco32, 10, 97.58, 15.24, 0, 298, 0, 
1986, eco32, 10, 201.62, 15.97, 0, 343, 0, 
1987, eco32, 10, 161.41, 15.92, 0, 317, 0, 
1988, eco32, 10, 137.66, 16, 0, 316, 0, 
1979, eco33, 11, 108.71, 12.02, 55, 300, 0, 
1980, eco33, 11, 87.81, 12.18, 79, 300, 0, 
1981, eco33, 11, 129.66, 12.63, 0, 286, 0, 
1982, eco33, 11, 126.23, 11.06, 106, 293, 0, 
1983, eco33, 11, 191.61, 11.67, 0, 307, 0, 
1984, eco33, 11, 92.77, 11.74, 53, 280, 0, 
1985, eco33, 11, 55.52, 11.94, 85, 281, 0, 
1986, eco33, 11, 108.44, 12.82, 0, 300, 0, 
1987, eco33, 11, 93.67, 12.68, 65, 303, 0, 
1988, eco33, 11, 79.83, 12.51, 81, 309, 0, 
1979, eco34, 12, 105.33, 12.27, 57, 295, 0, 
1980, eco34, 12, 78.29, 12.48, 81, 277, 0, 
1981, eco34, 12, 122.37, 13.1, 0, 275, 0, 
1982, eco34, 12, 111.72, 11.23, 111, 291, 0, 
1983, eco34, 12, 175.5, 12.03, 0, 302, 0, 
1984, eco34, 12, 78.97, 12.14, 57, 274, 0, 
1985, eco34, 12, 52.53, 12.37, 86, 279, 0, 
1986, eco34, 12, 98.34, 13.16, 22, 300, 0, 
1987, eco34, 12, 78.85, 13.1, 72, 303, 0, 
1988, eco34, 12, 74.77, 12.96, 83, 302, 0, 
1979, eco35, 13, 118.49, 11.45, 110, 291, 0, 
1980, eco35, 13, 88.76, 11.75, 103, 265, 0, 
1981, eco35, 13, 138.77, 12.32, 91, 270, 0, 
1982, eco35, 13, 128.11, 10.46, 119, 259, 0, 
1983, eco35, 13, 197.57, 11.27, 113, 291, 0, 
1984, eco35, 13, 90.75, 11.4, 111, 270, 0, 
1985, eco35, 13, 58.92, 11.6, 98, 269, 0, 
1986, eco35, 13, 112.21, 12.43, 110, 284, 0, 
1987, eco35, 13, 88.77, 12.36, 98, 291, 0, 
1988, eco35, 13, 84.14, 12.25, 98, 291, 0, 
1979, eco36, 14, 105.68, 11.04, 110, 291, 0, 
1980, eco36, 14, 75.57, 11.27, 103, 278, 0, 
1981, eco36, 14, 122.58, 11.84, 91, 270, 0, 
1982, eco36, 14, 109.89, 10.05, 119, 289, 0, 
1983, eco36, 14, 174.63, 10.69, 113, 291, 0, 
1984, eco36, 14, 80.36, 10.83, 111, 269, 0, 
1985, eco36, 14, 52.03, 11.01, 98, 270, 0, 
1986, eco36, 14, 96.91, 11.8, 110, 285, 0, 
1987, eco36, 14, 74.55, 11.72, 98, 291, 0, 
1988, eco36, 14, 76.67, 11.71, 98, 291, 0, 
1979, eco37, 15, 134.25, 11.65, 67, 291, 0, 
1980, eco37, 15, 107.64, 11.93, 85, 297, 0, 
1981, eco37, 15, 169.63, 12.38, 63, 275, 0, 
1982, eco37, 15, 150.28, 10.58, 108, 291, 0, 
1983, eco37, 15, 246.76, 11.23, 30, 295, 0, 
1984, eco37, 15, 96.03, 11.45, 65, 273, 0, 
1985, eco37, 15, 65.92, 11.62, 88, 276, 0, 
1986, eco37, 15, 136.46, 12.38, 33, 294, 0, 
1987, eco37, 15, 108.87, 12.24, 78, 296, 0, 
1988, eco37, 15, 96.24, 12.26, 83, 292, 0, 
1979, eco38, 16, 173.58, 12.12, 66, 292, 0, 
1980, eco38, 16, 152.63, 12.43, 84, 299, 0, 
1981, eco38, 16, 226.89, 12.88, 63, 276, 0, 
1982, eco38, 16, 194.54, 11.11, 106, 291, 0, 
1983, eco38, 16, 329.06, 11.73, 40, 295, 0, 
1984, eco38, 16, 122.03, 11.98, 65, 273, 0, 
1985, eco38, 16, 86.77, 12.06, 87, 283, 0, 
1986, eco38, 16, 175.47, 12.89, 37, 299, 0, 
1987, eco38, 16, 143.3, 12.79, 77, 298, 0, 
1988, eco38, 16, 131.01, 12.84, 78, 292, 0, 
1979, eco39, 17, 202.64, 14.11, 56, 298, 0, 
1980, eco39, 17, 185.86, 14.31, 0, 304, 0, 
1981, eco39, 17, 258.45, 14.83, 47, 289, 0, 
1982, eco39, 17, 226.07, 13.07, 72, 293, 0, 
1983, eco39, 17, 385, 13.64, 16, 301, 0, 
1984, eco39, 17, 140.98, 14.01, 54, 286, 0, 
1985, eco39, 17, 98.2, 14.13, 76, 291, 0, 
1986, eco39, 17, 206.17, 14.92, 27, 307, 0, 
1987, eco39, 17, 167.61, 14.95, 58, 303, 0, 
1988, eco39, 17, 149.8, 14.96, 55, 298, 0, 
1979, eco40, 18, 199.4, 14.83, 0, 306, 0, 
1980, eco40, 18, 179.83, 15.06, 0, 315, 0, 
1981, eco40, 18, 249.05, 15.59, 0, 365, 0, 
1982, eco40, 18, 219.39, 13.8, 0, 303, 0, 
1983, eco40, 18, 362.34, 14.41, 0, 314, 0, 
1984, eco40, 18, 136.28, 14.76, 23, 321, 0, 
1985, eco40, 18, 96.86, 14.87, 0, 295, 0, 
1986, eco40, 18, 207.2, 15.66, 0, 338, 0, 
1987, eco40, 18, 163.95, 15.63, 0, 312, 0, 
1988, eco40, 18, 143.53, 15.66, 0, 309, 0, 
1979, eco46, 19, 138.28, 12.74, 48, 301, 0, 
1980, eco46, 19, 110.29, 12.88, 80, 303, 0, 
1981, eco46, 19, 155, 13.31, 0, 365, 0, 
1982, eco46, 19, 156.83, 11.78, 108, 295, 0, 
1983, eco46, 19, 243.42, 12.39, 0, 314, 0, 
1984, eco46, 19, 134.21, 12.46, 46, 310, 0, 
1985, eco46, 19, 66.95, 12.57, 87, 287, 0, 
1986, eco46, 19, 141.83, 13.54, 0, 303, 0, 
1987, eco46, 19, 125.87, 13.35, 56, 307, 0, 
1988, eco46, 19, 105.76, 13.19, 83, 309, 0, 
1979, eco47, 20, 123.95, 12.31, 76, 295, 0, 
1980, eco47, 20, 100.49, 12.47, 93, 295, 0, 
1981, eco47, 20, 144.57, 12.87, 84, 286, 0, 
1982, eco47, 20, 143.7, 11.4, 115, 291, 0, 
1983, eco47, 20, 213.47, 11.98, 109, 306, 0, 
1984, eco47, 20, 114.26, 12.06, 105, 279, 0, 
1985, eco47, 20, 61.57, 12.14, 95, 278, 0, 
1986, eco47, 20, 126.53, 13.06, 105, 294, 0, 
1987, eco47, 20, 110.65, 12.86, 94, 300, 0, 
1988, eco47, 20, 93.04, 12.76, 95, 302, 0, 
1979, eco48, 21, 120.29, 11.71, 83, 291, 0, 
1980, eco48, 21, 96.47, 11.93, 94, 286, 0, 
1981, eco48, 21, 139.63, 12.39, 84, 275, 0, 
1982, eco48, 21, 137.45, 10.78, 115, 291, 0, 
1983, eco48, 21, 207.26, 11.4, 109, 292, 0, 
1984, eco48, 21, 101.5, 11.5, 106, 274, 0, 
1985, eco48, 21, 61.89, 11.62, 95, 275, 0, 
1986, eco48, 21, 121.84, 12.5, 105, 293, 0, 
1987, eco48, 21, 102.58, 12.36, 94, 298, 0, 
1988, eco48, 21, 89.07, 12.21, 96, 292, 0, 
1979, eco49, 22, 138.07, 10.52, 119, 291, 0, 
1980, eco49, 22, 109.38, 10.63, 123, 282, 0, 
1981, eco49, 22, 163.14, 11.19, 116, 270, 0, 
1982, eco49, 22, 150.6, 9.46, 131, 284, 0, 
1983, eco49, 22, 228.08, 10.14, 123, 291, 0, 
1984, eco49, 22, 105.91, 10.22, 122, 268, 0, 
1985, eco49, 22, 71.5, 10.41, 121, 275, 0, 
1986, eco49, 22, 135.71, 11.15, 124, 256, 0, 
1987, eco49, 22, 110.12, 11.15, 115, 291, 0, 
1988, eco49, 22, 93.08, 10.97, 131, 291, 0, 
1979, eco50, 23, 129.4, 10.38, 118, 291, 0, 
1980, eco50, 23, 97.4, 10.44, 121, 289, 0, 
1981, eco50, 23, 154.74, 11.07, 111, 272, 0, 
1982, eco50, 23, 136.42, 9.39, 125, 282, 0, 
1983, eco50, 23, 222.4, 9.97, 122, 291, 0, 
1984, eco50, 23, 94.37, 10.06, 120, 268, 0, 
1985, eco50, 23, 64.2, 10.13, 112, 270, 0, 
1986, eco50, 23, 126.04, 10.98, 120, 258, 0, 
1987, eco50, 23, 96.59, 11.01, 111, 291, 0, 
1988, eco50, 23, 88.78, 10.91, 121, 291, 0, 
1979, eco51, 24, 127.22, 11.35, 77, 291, 0, 
1980, eco51, 24, 99.93, 11.56, 92, 291, 0, 
1981, eco51, 24, 158.3, 12.07, 76, 274, 0, 
1982, eco51, 24, 137.72, 10.33, 110, 291, 0, 
1983, eco51, 24, 224.47, 10.97, 108, 292, 0, 
1984, eco51, 24, 90.59, 11.13, 69, 273, 0, 
1985, eco51, 24, 63.24, 11.25, 91, 275, 0, 
1986, eco51, 24, 125.28, 12.05, 41, 292, 0, 
1987, eco51, 24, 99.45, 12, 83, 295, 0, 
1988, eco51, 24, 91.5, 12, 88, 292, 0, 
1979, eco52, 25, 178.95, 12.01, 62, 291, 0, 
1980, eco52, 25, 157.96, 12.19, 85, 296, 0, 
1981, eco52, 25, 231.53, 12.69, 57, 279, 0, 
1982, eco52, 25, 198.92, 10.97, 106, 291, 0, 
1983, eco52, 25, 333.38, 11.55, 26, 296, 0, 
1984, eco52, 25, 126.49, 11.73, 62, 282, 0, 
1985, eco52, 25, 87.32, 11.87, 87, 280, 0, 
1986, eco52, 25, 181.85, 12.8, 31, 299, 0, 
1987, eco52, 25, 147.05, 12.63, 75, 300, 0, 
1988, eco52, 25, 130.32, 12.59, 82, 294, 0, 
1979, eco53, 26, 210.6, 13.47, 67, 292, 0, 
1980, eco53, 26, 190.01, 13.54, 87, 297, 0, 
1981, eco53, 26, 272.56, 14.1, 63, 288, 0, 
1982, eco53, 26, 240.33, 12.51, 105, 291, 0, 
1983, eco53, 26, 402.04, 13.1, 105, 296, 0, 
1984, eco53, 26, 154.22, 13.23, 63, 281, 0, 
1985, eco53, 26, 101.33, 13.24, 89, 285, 0, 
1986, eco53, 26, 217.94, 14.14, 32, 301, 0, 
1987, eco53, 26, 178.33, 14.25, 76, 301, 0, 
1988, eco53, 26, 152.51, 14.14, 82, 296, 0, 
1979, eco54, 27, 194.22, 14.12, 0, 304, 0, 
1980, eco54, 27, 162.17, 14.35, 0, 312, 0, 
1981, eco54, 27, 253.36, 14.87, 0, 365, 0, 
1982, eco54, 27, 233.25, 13.09, 0, 302, 0, 
1983, eco54, 27, 367.15, 13.71, 0, 314, 0, 
1984, eco54, 27, 153.96, 13.98, 24, 319, 0, 
1985, eco54, 27, 88.28, 13.97, 0, 291, 0, 
1986, eco54, 27, 201.91, 14.93, 0, 316, 0, 
1987, eco54, 27, 169.04, 14.89, 0, 312, 0, 
1988, eco54, 27, 140.29, 14.87, 0, 310, 0, 
1979, eco60, 28, 139.67, 12.88, 51, 298, 0, 
1980, eco60, 28, 115.78, 12.95, 81, 299, 0, 
1981, eco60, 28, 159.21, 13.42, 0, 284, 0, 
1982, eco60, 28, 161.72, 11.87, 108, 293, 0, 
1983, eco60, 28, 251.53, 12.5, 0, 310, 0, 
1984, eco60, 28, 136.15, 12.52, 50, 305, 0, 
1985, eco60, 28, 68.78, 12.62, 87, 290, 0, 
1986, eco60, 28, 145.05, 13.59, 17, 301, 0, 
1987, eco60, 28, 130.27, 13.48, 61, 305, 0, 
1988, eco60, 28, 109.44, 13.35, 84, 308, 0, 
1979, eco61, 29, 157.96, 12.07, 109, 291, 0, 
1980, eco61, 29, 130.39, 12.15, 109, 291, 0, 
1981, eco61, 29, 178.8, 12.6, 101, 281, 0, 
1982, eco61, 29, 184.3, 10.91, 123, 291, 0, 
1983, eco61, 29, 281.32, 11.63, 116, 295, 0, 
1984, eco61, 29, 159.56, 11.73, 115, 287, 0, 
1985, eco61, 29, 77.76, 11.77, 107, 282, 0, 
1986, eco61, 29, 166.19, 12.72, 114, 291, 0, 
1987, eco61, 29, 148, 12.53, 108, 292, 0, 
1988, eco61, 29, 125.62, 12.55, 106, 292, 0, 
1979, eco62, 30, 140.86, 10.28, 116, 291, 0, 
1980, eco62, 30, 117.77, 10.39, 119, 291, 0, 
1981, eco62, 30, 161.81, 10.85, 112, 276, 0, 
1982, eco62, 30, 166.51, 9.2, 129, 291, 0, 
1983, eco62, 30, 245.16, 9.84, 122, 291, 0, 
1984, eco62, 30, 130.31, 9.92, 121, 281, 0, 
1985, eco62, 30, 74.13, 9.99, 121, 276, 0, 
1986, eco62, 30, 147.03, 10.97, 120, 291, 0, 
1987, eco62, 30, 124.46, 10.75, 114, 291, 0, 
1988, eco62, 30, 108.94, 10.71, 120, 291, 0, 
1979, eco63, 31, 144.13, 9.14, 126, 291, 0, 
1980, eco63, 31, 122.47, 9.24, 132, 284, 0, 
1981, eco63, 31, 164.62, 9.8, 121, 266, 0, 
1982, eco63, 31, 168.74, 8.1, 134, 274, 0, 
1983, eco63, 31, 254.26, 8.76, 128, 286, 0, 
1984, eco63, 31, 119.49, 8.78, 127, 268, 0, 
1985, eco63, 31, 78.29, 8.74, 0, 266, 0, 
1986, eco63, 31, 152.59, 9.51, 129, 245, 0, 
1987, eco63, 31, 122.08, 9.55, 121, 291, 0, 
1988, eco63, 31, 103.98, 9.47, 0, 291, 0, 
1979, eco64, 32, 175.98, 8.29, 130, 278, 0, 
1980, eco64, 32, 145.99, 8.36, 0, 277, 0, 
1981, eco64, 32, 209.58, 9, 128, 261, 0, 
1982, eco64, 32, 191.14, 7.35, 0, 266, 0, 
1983, eco64, 32, 318.34, 7.91, 129, 273, 0, 
1984, eco64, 32, 127.92, 7.94, 129, 260, 0, 
1985, eco64, 32, 87.14, 7.98, 0, 263, 0, 
1986, eco64, 32, 181.08, 8.78, 132, 240, 0, 
1987, eco64, 32, 141.66, 8.81, 122, 291, 0, 
1988, eco64, 32, 113.12, 8.69, 0, 291, 0, 
1979, eco65, 33, 171.06, 10.46, 125, 282, 0, 
1980, eco65, 33, 137.39, 10.39, 0, 283, 0, 
1981, eco65, 33, 208.68, 11.12, 122, 265, 0, 
1982, eco65, 33, 182.77, 9.47, 131, 269, 0, 
1983, eco65, 33, 297.11, 10.09, 128, 277, 0, 
1984, eco65, 33, 116.65, 10.09, 126, 261, 0, 
1985, eco65, 33, 81.65, 10.12, 130, 263, 0, 
1986, eco65, 33, 166.65, 10.98, 127, 246, 0, 
1987, eco65, 33, 131.67, 11.13, 116, 291, 0, 
1988, eco65, 33, 116.62, 11, 0, 291, 0, 
1979, eco66, 34, 164.13, 11.44, 111, 291, 0, 
1980, eco66, 34, 138.04, 11.55, 106, 291, 0, 
1981, eco66, 34, 202.27, 12.16, 96, 277, 0, 
1982, eco66, 34, 178.67, 10.49, 116, 291, 0, 
1983, eco66, 34, 292.32, 11.08, 115, 291, 0, 
1984, eco66, 34, 113.49, 11.17, 112, 274, 0, 
1985, eco66, 34, 79, 11.25, 99, 278, 0, 
1986, eco66, 34, 165.16, 12.15, 111, 291, 0, 
1987, eco66, 34, 133.4, 12.12, 98, 294, 0, 
1988, eco66, 34, 114.35, 12.09, 100, 291, 0, 
1979, eco67, 35, 184.56, 11.83, 115, 291, 0, 
1980, eco67, 35, 162.33, 11.96, 112, 291, 0, 
1981, eco67, 35, 235.5, 12.59, 103, 273, 0, 
1982, eco67, 35, 213.18, 10.84, 118, 281, 0, 
1983, eco67, 35, 347.94, 11.43, 117, 291, 0, 
1984, eco67, 35, 141.12, 11.61, 114, 268, 0, 
1985, eco67, 35, 94.3, 11.73, 101, 285, 0, 
1986, eco67, 35, 196.08, 12.49, 114, 291, 0, 
1987, eco67, 35, 157.9, 12.52, 103, 292, 0, 
1988, eco67, 35, 132.72, 12.43, 104, 291, 0, 
1979, eco68, 36, 198.28, 12.11, 112, 291, 0, 
1980, eco68, 36, 169.73, 12.25, 107, 291, 0, 
1981, eco68, 36, 257.82, 12.86, 98, 278, 0, 
1982, eco68, 36, 242.76, 11.1, 117, 289, 0, 
1983, eco68, 36, 382.52, 11.71, 115, 291, 0, 
1984, eco68, 36, 163.34, 11.9, 112, 272, 0, 
1985, eco68, 36, 93.79, 11.99, 100, 289, 0, 
1986, eco68, 36, 219.08, 12.79, 111, 291, 0, 
1987, eco68, 36, 185.78, 12.82, 100, 293, 0, 
1988, eco68, 36, 145.2, 12.75, 101, 291, 0, 
1979, eco69, 37, 157.71, 12.35, 48, 294, 0, 
1980, eco69, 37, 137.37, 12.53, 0, 299, 0, 
1981, eco69, 37, 206.36, 13.02, 0, 283, 0, 
1982, eco69, 37, 195.05, 11.25, 77, 292, 0, 
1983, eco69, 37, 302.53, 11.89, 0, 305, 0, 
1984, eco69, 37, 127.38, 12.19, 51, 282, 0, 
1985, eco69, 37, 74.26, 12.16, 80, 291, 0, 
1986, eco69, 37, 181.36, 13.1, 21, 300, 0, 
1987, eco69, 37, 153.85, 12.98, 52, 302, 0, 
1988, eco69, 37, 120.72, 13.04, 75, 304, 0, 
1979, eco70, 38, 123.32, 11.1, 0, 365, 0, 
1980, eco70, 38, 100.97, 11.09, 0, 365, 0, 
1981, eco70, 38, 145.42, 11.86, 0, 365, 0, 
1982, eco70, 38, 156.39, 11.15, 0, 365, 0, 
1983, eco70, 38, 211.56, 12.51, 0, 365, 0, 
1984, eco70, 38, 128.51, 11.31, 0, 365, 0, 
1985, eco70, 38, 74.94, 10.65, 0, 311, 0, 
1986, eco70, 38, 125.63, 11.97, 0, 365, 0, 
1987, eco70, 38, 111.08, 11.66, 0, 365, 0, 
1988, eco70, 38, 103.45, 11.01, 0, 338, 0, 
1979, eco71, 39, 151.02, 11.96, 0, 365, 0, 
1980, eco71, 39, 122, 11.92, 0, 365, 0, 
1981, eco71, 39, 181.77, 12.5, 0, 365, 0, 
1982, eco71, 39, 190.93, 11.79, 0, 365, 0, 
1983, eco71, 39, 254.07, 12.95, 0, 365, 0, 
1984, eco71, 39, 150.89, 11.97, 0, 344, 0, 
1985, eco71, 39, 90.27, 11.43, 0, 305, 0, 
1986, eco71, 39, 158.56, 12.64, 0, 365, 0, 
1987, eco71, 39, 135.61, 12.38, 0, 365, 0, 
1988, eco71, 39, 122.33, 11.81, 0, 333, 0, 
1979, eco72, 40, 240.98, 12.75, 0, 305, 0, 
1980, eco72, 40, 194.79, 12.79, 0, 308, 0, 
1981, eco72, 40, 302.77, 13.18, 0, 365, 0, 
1982, eco72, 40, 300.98, 11.74, 82, 299, 0, 
1983, eco72, 40, 404.17, 12.39, 0, 317, 0, 
1984, eco72, 40, 244.44, 12.3, 30, 312, 0, 
1985, eco72, 40, 139.26, 12.39, 83, 291, 0, 
1986, eco72, 40, 270.8, 13.49, 0, 308, 0, 
1987, eco72, 40, 206.23, 13.28, 0, 312, 0, 
1988, eco72, 40, 199.5, 13.09, 76, 316, 0, 
1979, eco73, 41, 163.09, 13.51, 0, 309, 0, 
1980, eco73, 41, 139.2, 13.56, 0, 315, 0, 
1981, eco73, 41, 189.7, 13.94, 0, 283, 0, 
1982, eco73, 41, 197.55, 12.54, 75, 302, 0, 
1983, eco73, 41, 280.1, 13.16, 0, 351, 0, 
1984, eco73, 41, 161, 13.08, 28, 319, 0, 
1985, eco73, 41, 88.46, 13.31, 81, 291, 0, 
1986, eco73, 41, 175.5, 14.4, 0, 315, 0, 
1987, eco73, 41, 145.83, 14.18, 0, 328, 0, 
1988, eco73, 41, 133.55, 14.02, 75, 321, 0, 
1979, eco74, 42, 178.68, 12.67, 63, 296, 0, 
1980, eco74, 42, 166.87, 12.7, 92, 297, 0, 
1981, eco74, 42, 211.57, 13.18, 81, 281, 0, 
1982, eco74, 42, 221.4, 11.64, 113, 291, 0, 
1983, eco74, 42, 326.15, 12.2, 108, 307, 0, 
1984, eco74, 42, 178.85, 12.26, 65, 289, 0, 
1985, eco74, 42, 94.78, 12.4, 95, 284, 0, 
1986, eco74, 42, 198.65, 13.43, 32, 299, 0, 
1987, eco74, 42, 177.16, 13.27, 85, 302, 0, 
1988, eco74, 42, 151.64, 13.16, 91, 307, 0, 
1979, eco75, 43, 158.89, 12.13, 67, 294, 0, 
1980, eco75, 43, 136.16, 12.19, 91, 294, 0, 
1981, eco75, 43, 182.47, 12.67, 80, 281, 0, 
1982, eco75, 43, 190.62, 11.06, 113, 291, 0, 
1983, eco75, 43, 279.19, 11.7, 107, 304, 0, 
1984, eco75, 43, 157.47, 11.77, 66, 288, 0, 
1985, eco75, 43, 81.3, 11.83, 94, 283, 0, 
1986, eco75, 43, 168.36, 12.81, 34, 296, 0, 
1987, eco75, 43, 145.55, 12.65, 84, 300, 0, 
1988, eco75, 43, 126.64, 12.6, 91, 304, 0, 
1979, eco76, 44, 144.35, 10.82, 116, 291, 0, 
1980, eco76, 44, 122.09, 10.87, 119, 291, 0, 
1981, eco76, 44, 166.09, 11.32, 112, 277, 0, 
1982, eco76, 44, 175.2, 9.54, 129, 291, 0, 
1983, eco76, 44, 249.12, 10.34, 122, 291, 0, 
1984, eco76, 44, 137.29, 10.51, 121, 280, 0, 
1985, eco76, 44, 76.13, 10.51, 121, 276, 0, 
1986, eco76, 44, 152.35, 11.48, 120, 291, 0, 
1987, eco76, 44, 128.12, 11.25, 114, 291, 0, 
1988, eco76, 44, 112.59, 11.31, 120, 291, 0, 
1979, eco77, 45, 142.1, 9.55, 126, 291, 0, 
1980, eco77, 45, 125.01, 9.54, 132, 285, 0, 
1981, eco77, 45, 164.15, 10.05, 121, 266, 0, 
1982, eco77, 45, 175.08, 8.47, 134, 274, 0, 
1983, eco77, 45, 256.15, 9.11, 128, 286, 0, 
1984, eco77, 45, 125.93, 8.94, 127, 268, 0, 
1985, eco77, 45, 78.98, 8.77, 0, 266, 0, 
1986, eco77, 45, 159.94, 9.55, 129, 245, 0, 
1987, eco77, 45, 122.97, 9.67, 121, 291, 0, 
1988, eco77, 45, 104.72, 9.63, 0, 291, 0, 
1979, eco78, 46, 166.94, 9.6, 129, 282, 0, 
1980, eco78, 46, 142.26, 9.39, 0, 279, 0, 
1981, eco78, 46, 197.05, 10.24, 127, 263, 0, 
1982, eco78, 46, 190.94, 9.05, 134, 269, 0, 
1983, eco78, 46, 293.82, 9.68, 129, 275, 0, 
1984, eco78, 46, 138.2, 9.28, 128, 260, 0, 
1985, eco78, 46, 86.73, 8.87, 0, 264, 0, 
1986, eco78, 46, 175.37, 9.94, 131, 240, 0, 
1987, eco78, 46, 140.1, 10.07, 121, 291, 0, 
1988, eco78, 46, 112.57, 9.73, 0, 291, 0, 
1979, eco79, 47, 188.71, 9.79, 126, 289, 0, 
1980, eco79, 47, 151.86, 9.83, 0, 283, 0, 
1981, eco79, 47, 225.46, 10.45, 123, 265, 0, 
1982, eco79, 47, 200.18, 8.78, 132, 271, 0, 
1983, eco79, 47, 326.14, 9.45, 128, 278, 0, 
1984, eco79, 47, 127.94, 9.37, 126, 262, 0, 
1985, eco79, 47, 89.23, 9.29, 132, 265, 0, 
1986, eco79, 47, 184.43, 10.22, 128, 240, 0, 
1987, eco79, 47, 149.22, 10.35, 119, 291, 0, 
1988, eco79, 47, 125.42, 10.22, 0, 291, 0, 
1979, eco80, 48, 165.8, 10.43, 119, 291, 0, 
1980, eco80, 48, 139.33, 10.54, 121, 291, 0, 
1981, eco80, 48, 201.89, 11.2, 110, 272, 0, 
1982, eco80, 48, 178.73, 9.48, 124, 281, 0, 
1983, eco80, 48, 293.64, 10.03, 122, 291, 0, 
1984, eco80, 48, 118.75, 10.06, 120, 270, 0, 
1985, eco80, 48, 78.85, 10.03, 108, 272, 0, 
1986, eco80, 48, 172.29, 11, 119, 256, 0, 
1987, eco80, 48, 137.01, 11.09, 108, 291, 0, 
1988, eco80, 48, 112.28, 11, 121, 291, 0, 
1979, eco81, 49, 173.13, 8.32, 124, 287, 0, 
1980, eco81, 49, 146.06, 8.5, 131, 291, 0, 
1981, eco81, 49, 221.43, 9.18, 119, 268, 0, 
1982, eco81, 49, 192.32, 7.38, 127, 272, 0, 
1983, eco81, 49, 318.27, 7.89, 127, 284, 0, 
1984, eco81, 49, 133.59, 8.01, 124, 260, 0, 
1985, eco81, 49, 85.23, 7.93, 0, 262, 0, 
1986, eco81, 49, 181.49, 9, 123, 241, 0, 
1987, eco81, 49, 149.48, 9.16, 110, 291, 0, 
1988, eco81, 49, 121.66, 8.98, 0, 291, 0, 
1979, eco82, 50, 170.22, 10.39, 121, 291, 0, 
1980, eco82, 50, 148.6, 10.55, 124, 291, 0, 
1981, eco82, 50, 219.02, 11.14, 113, 271, 0, 
1982, eco82, 50, 205.55, 9.39, 124, 279, 0, 
1983, eco82, 50, 321.2, 9.95, 123, 291, 0, 
1984, eco82, 50, 134.93, 10.2, 120, 263, 0, 
1985, eco82, 50, 80.55, 10.05, 0, 270, 0, 
1986, eco82, 50, 196.52, 11.09, 120, 240, 0, 
1987, eco82, 50, 163.26, 11.3, 107, 291, 0, 
1988, eco82, 50, 125, 11.16, 124, 291, 0, 
1979, eco83, 51, 168.93, 11.27, 105, 291, 0, 
1980, eco83, 51, 146.15, 11.56, 95, 291, 0, 
1981, eco83, 51, 221.99, 12.09, 81, 276, 0, 
1982, eco83, 51, 213.11, 10.31, 112, 291, 0, 
1983, eco83, 51, 327.26, 10.92, 109, 293, 0, 
1984, eco83, 51, 140.12, 11.28, 71, 274, 0, 
1985, eco83, 51, 81.36, 11.15, 93, 282, 0, 
1986, eco83, 51, 194.54, 12.12, 42, 256, 0, 
1987, eco83, 51, 168.21, 12.16, 82, 293, 0, 
1988, eco83, 51, 128.27, 12.14, 89, 293, 0, 
1979, eco84, 52, 124.61, 11.41, 0, 318, 0, 
1980, eco84, 52, 101.53, 11.48, 0, 318, 0, 
1981, eco84, 52, 147.73, 12.26, 0, 365, 0, 
1982, eco84, 52, 157.73, 11.56, 0, 365, 0, 
1983, eco84, 52, 211.91, 12.92, 0, 365, 0, 
1984, eco84, 52, 131.55, 11.71, 0, 365, 0, 
1985, eco84, 52, 76.17, 11.03, 0, 308, 0, 
1986, eco84, 52, 127.7, 12.36, 0, 365, 0, 
1987, eco84, 52, 110.87, 12.03, 0, 365, 0, 
1988, eco84, 52, 105.77, 11.33, 0, 334, 0, 
1979, eco85, 53, 181.83, 12.53, 0, 313, 0, 
1980, eco85, 53, 146.63, 12.53, 0, 313, 0, 
1981, eco85, 53, 219.65, 13.01, 0, 365, 0, 
1982, eco85, 53, 222.9, 12.04, 0, 312, 0, 
1983, eco85, 53, 291.74, 12.88, 0, 365, 0, 
1984, eco85, 53, 179.09, 12.27, 20, 321, 0, 
1985, eco85, 53, 106.96, 12.09, 75, 296, 0, 
1986, eco85, 53, 194.27, 13.28, 0, 343, 0, 
1987, eco85, 53, 158.19, 13.09, 0, 330, 0, 
1988, eco85, 53, 145.17, 12.69, 25, 321, 0, 
1979, eco86, 54, 237.01, 12.87, 18, 305, 0, 
1980, eco86, 54, 192.68, 12.86, 76, 309, 0, 
1981, eco86, 54, 297.11, 13.22, 0, 365, 0, 
1982, eco86, 54, 294.1, 11.86, 104, 299, 0, 
1983, eco86, 54, 387.37, 12.57, 0, 319, 0, 
1984, eco86, 54, 237.91, 12.36, 39, 313, 0, 
1985, eco86, 54, 138.11, 12.42, 88, 291, 0, 
1986, eco86, 54, 267.59, 13.59, 0, 310, 0, 
1987, eco86, 54, 204.28, 13.3, 29, 313, 0, 
1988, eco86, 54, 194.42, 13.12, 80, 318, 0, 
1979, eco87, 55, 191.67, 13.44, 17, 307, 0, 
1980, eco87, 55, 162.5, 13.52, 76, 314, 0, 
1981, eco87, 55, 227.34, 13.85, 0, 283, 0, 
1982, eco87, 55, 238.24, 12.47, 103, 300, 0, 
1983, eco87, 55, 318.9, 13.04, 0, 330, 0, 
1984, eco87, 55, 190.53, 12.93, 39, 315, 0, 
1985, eco87, 55, 107.82, 13.15, 87, 291, 0, 
1986, eco87, 55, 211.18, 14.34, 0, 312, 0, 
1987, eco87, 55, 168.64, 14.08, 26, 318, 0, 
1988, eco87, 55, 159.8, 13.97, 79, 321, 0, 
1979, eco88, 56, 198.98, 12.12, 108, 291, 0, 
1980, eco88, 56, 179.55, 12.15, 110, 291, 0, 
1981, eco88, 56, 233.16, 12.6, 103, 280, 0, 
1982, eco88, 56, 248.42, 11.12, 123, 291, 0, 
1983, eco88, 56, 333.79, 11.65, 117, 295, 0, 
1984, eco88, 56, 194.61, 11.65, 116, 291, 0, 
1985, eco88, 56, 109.07, 11.79, 110, 282, 0, 
1986, eco88, 56, 217.88, 12.87, 113, 291, 0, 
1987, eco88, 56, 177.88, 12.65, 110, 293, 0, 
1988, eco88, 56, 166.13, 12.56, 105, 296, 0, 
1979, eco89, 57, 204.63, 10.83, 109, 291, 0, 
1980, eco89, 57, 181.74, 10.88, 111, 291, 0, 
1981, eco89, 57, 241.8, 11.32, 104, 280, 0, 
1982, eco89, 57, 252.71, 9.73, 124, 291, 0, 
1983, eco89, 57, 356.14, 10.34, 118, 291, 0, 
1984, eco89, 57, 207.72, 10.36, 117, 291, 0, 
1985, eco89, 57, 110.04, 10.39, 111, 278, 0, 
1986, eco89, 57, 222.48, 11.44, 114, 291, 0, 
1987, eco89, 57, 186.33, 11.22, 110, 291, 0, 
1988, eco89, 57, 170.78, 11.19, 107, 293, 0, 
1979, eco90, 58, 152.98, 11, 109, 291, 0, 
1980, eco90, 58, 131.5, 11.13, 108, 291, 0, 
1981, eco90, 58, 177.41, 11.6, 100, 275, 0, 
1982, eco90, 58, 188.33, 9.93, 124, 290, 0, 
1983, eco90, 58, 261.73, 10.57, 117, 291, 0, 
1984, eco90, 58, 149.05, 10.6, 116, 274, 0, 
1985, eco90, 58, 82.89, 10.52, 109, 277, 0, 
1986, eco90, 58, 162.24, 11.53, 112, 256, 0, 
1987, eco90, 58, 137.99, 11.59, 106, 291, 0, 
1988, eco90, 58, 121.27, 11.58, 103, 291, 0, 
1979, eco91, 59, 108.22, 11.54, 82, 291, 0, 
1980, eco91, 59, 92.54, 11.56, 93, 291, 0, 
1981, eco91, 59, 123.24, 12.03, 83, 279, 0, 
1982, eco91, 59, 125.12, 10.27, 117, 286, 0, 
1983, eco91, 59, 181.17, 11.1, 109, 297, 0, 
1984, eco91, 59, 90.99, 10.95, 72, 282, 0, 
1985, eco91, 59, 61.85, 10.88, 97, 277, 0, 
1986, eco91, 59, 118.73, 11.9, 53, 291, 0, 
1987, eco91, 59, 92.1, 11.93, 87, 294, 0, 
1988, eco91, 59, 83.75, 11.89, 95, 291, 0, 
1979, eco92, 60, 147.3, 9.41, 124, 284, 0, 
1980, eco92, 60, 132.79, 9.35, 132, 280, 0, 
1981, eco92, 60, 173.87, 9.93, 120, 265, 0, 
1982, eco92, 60, 186.93, 8.38, 129, 267, 0, 
1983, eco92, 60, 267.95, 8.9, 127, 277, 0, 
1984, eco92, 60, 130.87, 8.72, 125, 260, 0, 
1985, eco92, 60, 85.34, 8.61, 126, 260, 0, 
1986, eco92, 60, 171.74, 9.56, 125, 251, 0, 
1987, eco92, 60, 136.34, 9.64, 115, 291, 0, 
1988, eco92, 60, 112.03, 9.55, 0, 291, 0, 
1979, eco93, 61, 143.47, 7.96, 125, 284, 0, 
1980, eco93, 61, 114.17, 7.89, 133, 280, 0, 
1981, eco93, 61, 171.3, 8.61, 123, 265, 0, 
1982, eco93, 61, 157.22, 6.83, 132, 266, 0, 
1983, eco93, 61, 238.68, 7.52, 128, 277, 0, 
1984, eco93, 61, 108.16, 7.39, 128, 260, 0, 
1985, eco93, 61, 74.41, 7.43, 130, 260, 0, 
1986, eco93, 61, 139.66, 8.46, 126, 252, 0, 
1987, eco93, 61, 118.99, 8.52, 118, 291, 0, 
1988, eco93, 61, 102.83, 8.37, 0, 291, 0, 
1979, eco94, 62, 160.11, 8.98, 124, 283, 0, 
1980, eco94, 62, 132.99, 9.03, 131, 283, 0, 
1981, eco94, 62, 195.98, 9.64, 122, 266, 0, 
1982, eco94, 62, 169.42, 7.9, 130, 271, 0, 
1983, eco94, 62, 270.48, 8.49, 127, 280, 0, 
1984, eco94, 62, 119.9, 8.5, 126, 261, 0, 
1985, eco94, 62, 79.84, 8.54, 131, 263, 0, 
1986, eco94, 62, 160.78, 9.58, 124, 257, 0, 
1987, eco94, 62, 131.2, 9.56, 116, 291, 0, 
1988, eco94, 62, 110.93, 9.39, 0, 291, 0, 
1979, eco95, 63, 153.82, 8.57, 127, 286, 0, 
1980, eco95, 63, 130.7, 8.73, 133, 291, 0, 
1981, eco95, 63, 192.29, 9.39, 124, 267, 0, 
1982, eco95, 63, 166.1, 7.64, 131, 270, 0, 
1983, eco95, 63, 268.33, 8.18, 129, 284, 0, 
1984, eco95, 63, 119.61, 8.24, 128, 260, 0, 
1985, eco95, 63, 77.63, 8.13, 0, 261, 0, 
1986, eco95, 63, 161.89, 9.25, 126, 241, 0, 
1987, eco95, 63, 131.57, 9.51, 116, 291, 0, 
1988, eco95, 63, 106.05, 9.28, 0, 291, 0, 
1979, eco96, 64, 129.66, 8.54, 131, 291, 0, 
1980, eco96, 64, 113.26, 8.69, 0, 291, 0, 
1981, eco96, 64, 160.56, 9.33, 131, 267, 0, 
1982, eco96, 64, 148.41, 7.49, 133, 273, 0, 
1983, eco96, 64, 229.33, 8.13, 130, 291, 0, 
1984, eco96, 64, 99.93, 8.2, 131, 261, 0, 
1985, eco96, 64, 61.62, 8.02, 0, 261, 0, 
1986, eco96, 64, 148.66, 9.23, 129, 240, 0, 
1987, eco96, 64, 121.36, 9.49, 120, 291, 0, 
1988, eco96, 64, 87.81, 9.29, 0, 291, 0, 
1979, eco97, 65, 119.84, 9.85, 109, 291, 0, 
1980, eco97, 65, 105.72, 10.17, 97, 291, 0, 
1981, eco97, 65, 148.74, 10.75, 89, 271, 0, 
1982, eco97, 65, 142.81, 8.86, 112, 289, 0, 
1983, eco97, 65, 215.73, 9.53, 110, 291, 0, 
1984, eco97, 65, 97.79, 9.63, 104, 268, 0, 
1985, eco97, 65, 54.63, 9.48, 93, 263, 0, 
1986, eco97, 65, 143.19, 10.64, 106, 247, 0, 
1987, eco97, 65, 121.13, 10.88, 79, 291, 0, 
1988, eco97, 65, 84.53, 10.73, 91, 291, 0, 
1979, eco98, 66, 149.21, 11.39, 0, 315, 0, 
1980, eco98, 66, 118.87, 11.43, 0, 317, 0, 
1981, eco98, 66, 178.22, 12.09, 0, 365, 0, 
1982, eco98, 66, 185.49, 11.36, 0, 365, 0, 
1983, eco98, 66, 243.79, 12.66, 0, 365, 0, 
1984, eco98, 66, 153.17, 11.53, 0, 338, 0, 
1985, eco98, 66, 90.38, 10.96, 0, 302, 0, 
1986, eco98, 66, 154.84, 12.22, 0, 365, 0, 
1987, eco98, 66, 129.13, 11.88, 0, 351, 0, 
1988, eco98, 66, 122.47, 11.25, 0, 328, 0, 
1979, eco99, 67, 206.71, 12.93, 0, 316, 0, 
1980, eco99, 67, 166.04, 12.97, 0, 314, 0, 
1981, eco99, 67, 247.5, 13.47, 0, 365, 0, 
1982, eco99, 67, 245.47, 12.49, 0, 320, 0, 
1983, eco99, 67, 317.5, 13.36, 0, 365, 0, 
1984, eco99, 67, 202.43, 12.75, 0, 335, 0, 
1985, eco99, 67, 121.25, 12.6, 0, 300, 0, 
1986, eco99, 67, 224.26, 13.75, 0, 365, 0, 
1987, eco99, 67, 173.58, 13.58, 0, 348, 0, 
1988, eco99, 67, 163.52, 13.13, 0, 328, 0, 
1979, eco100, 68, 241.84, 13.26, 0, 310, 0, 
1980, eco100, 68, 194.54, 13.32, 0, 317, 0, 
1981, eco100, 68, 300.2, 13.65, 0, 365, 0, 
1982, eco100, 68, 287.77, 12.31, 0, 307, 0, 
1983, eco100, 68, 373.72, 12.94, 0, 349, 0, 
1984, eco100, 68, 236.31, 12.72, 22, 321, 0, 
1985, eco100, 68, 140.86, 12.82, 81, 295, 0, 
1986, eco100, 68, 274.28, 14, 0, 317, 0, 
1987, eco100, 68, 205.45, 13.71, 0, 318, 0, 
1988, eco100, 68, 195.34, 13.55, 31, 321, 0, 
1979, eco101, 69, 175.99, 13.76, 0, 312, 0, 
1980, eco101, 69, 148.7, 13.86, 0, 347, 0, 
1981, eco101, 69, 207.99, 14.18, 0, 365, 0, 
1982, eco101, 69, 218.3, 12.74, 0, 308, 0, 
1983, eco101, 69, 287.75, 13.31, 0, 341, 0, 
1984, eco101, 69, 174.71, 13.21, 25, 321, 0, 
1985, eco101, 69, 99.46, 13.32, 81, 293, 0, 
1986, eco101, 69, 189.82, 14.56, 0, 331, 0, 
1987, eco101, 69, 150.99, 14.26, 0, 323, 0, 
1988, eco101, 69, 142.97, 14.19, 75, 321, 0, 
1979, eco102, 70, 193.45, 12.3, 108, 291, 0, 
1980, eco102, 70, 169.85, 12.37, 109, 291, 0, 
1981, eco102, 70, 226.69, 12.74, 101, 282, 0, 
1982, eco102, 70, 239.2, 11.28, 122, 291, 0, 
1983, eco102, 70, 323.32, 11.83, 116, 296, 0, 
1984, eco102, 70, 190.89, 11.86, 115, 291, 0, 
1985, eco102, 70, 107.97, 12.01, 109, 282, 0, 
1986, eco102, 70, 209.71, 13.04, 112, 291, 0, 
1987, eco102, 70, 165.93, 12.7, 109, 293, 0, 
1988, eco102, 70, 158.99, 12.77, 104, 296, 0, 
1979, eco103, 71, 205.15, 11.47, 109, 291, 0, 
1980, eco103, 71, 183.32, 11.53, 110, 291, 0, 
1981, eco103, 71, 247.06, 11.91, 103, 280, 0, 
1982, eco103, 71, 254.06, 10.42, 123, 291, 0, 
1983, eco103, 71, 349.43, 10.97, 117, 291, 0, 
1984, eco103, 71, 210.34, 11.03, 117, 291, 0, 
1985, eco103, 71, 114.37, 11.16, 111, 278, 0, 
1986, eco103, 71, 224.7, 12.18, 113, 291, 0, 
1987, eco103, 71, 180.13, 11.84, 109, 291, 0, 
1988, eco103, 71, 178.07, 11.95, 106, 293, 0, 
1979, eco104, 72, 138.12, 12, 92, 291, 0, 
1980, eco104, 72, 117.75, 12.05, 101, 291, 0, 
1981, eco104, 72, 160.13, 12.49, 91, 283, 0, 
1982, eco104, 72, 169.27, 10.85, 119, 291, 0, 
1983, eco104, 72, 230.5, 11.45, 112, 295, 0, 
1984, eco104, 72, 128.86, 11.46, 112, 291, 0, 
1985, eco104, 72, 74.78, 11.51, 101, 284, 0, 
1986, eco104, 72, 142.21, 12.55, 107, 291, 0, 
1987, eco104, 72, 118.72, 12.38, 101, 294, 0, 
1988, eco104, 72, 107.95, 12.44, 98, 297, 0, 
1979, eco105, 73, 129.59, 11.86, 70, 291, 0, 
1980, eco105, 73, 107.95, 11.89, 91, 291, 0, 
1981, eco105, 73, 148.25, 12.34, 80, 278, 0, 
1982, eco105, 73, 150.84, 10.65, 114, 291, 0, 
1983, eco105, 73, 208.95, 11.13, 107, 291, 0, 
1984, eco105, 73, 110.73, 11.05, 113, 291, 0, 
1985, eco105, 73, 70.26, 11.22, 95, 279, 0, 
1986, eco105, 73, 131.46, 12.18, 49, 291, 0, 
1987, eco105, 73, 105.56, 12.09, 88, 296, 0, 
1988, eco105, 73, 96.84, 12.18, 93, 294, 0, 
1979, eco106, 74, 134.58, 9.91, 120, 291, 0, 
1980, eco106, 74, 115.18, 9.98, 125, 291, 0, 
1981, eco106, 74, 155.34, 10.46, 113, 267, 0, 
1982, eco106, 74, 161.55, 8.82, 129, 288, 0, 
1983, eco106, 74, 229.48, 9.41, 123, 288, 0, 
1984, eco106, 74, 112.46, 9.3, 125, 274, 0, 
1985, eco106, 74, 75.76, 9.47, 121, 272, 0, 
1986, eco106, 74, 138.94, 10.39, 122, 278, 0, 
1987, eco106, 74, 117.59, 10.28, 115, 291, 0, 
1988, eco106, 74, 102.69, 10.21, 129, 291, 0, 
1979, eco107, 75, 93.54, 9.52, 120, 291, 0, 
1980, eco107, 75, 77.41, 9.54, 125, 290, 0, 
1981, eco107, 75, 105.62, 10.13, 113, 268, 0, 
1982, eco107, 75, 99.07, 8.39, 129, 288, 0, 
1983, eco107, 75, 145.45, 9.07, 123, 291, 0, 
1984, eco107, 75, 71.23, 8.93, 125, 270, 0, 
1985, eco107, 75, 50.38, 9.07, 121, 269, 0, 
1986, eco107, 75, 92.19, 10.08, 122, 285, 0, 
1987, eco107, 75, 77.92, 9.94, 115, 291, 0, 
1988, eco107, 75, 65.6, 9.88, 129, 291, 0, 
1979, eco108, 76, 91.75, 9.66, 120, 291, 0, 
1980, eco108, 76, 74.66, 9.77, 123, 285, 0, 
1981, eco108, 76, 102.83, 10.36, 112, 270, 0, 
1982, eco108, 76, 87.26, 8.65, 124, 279, 0, 
1983, eco108, 76, 132.99, 9.25, 124, 291, 0, 
1984, eco108, 76, 65.07, 9.16, 121, 263, 0, 
1985, eco108, 76, 47.02, 9.31, 116, 270, 0, 
1986, eco108, 76, 86.14, 10.32, 119, 291, 0, 
1987, eco108, 76, 70.05, 10.34, 106, 291, 0, 
1988, eco108, 76, 60.82, 10.27, 119, 291, 0, 
1979, eco109, 77, 151.38, 8.08, 129, 286, 0, 
1980, eco109, 77, 128.08, 8.21, 134, 286, 0, 
1981, eco109, 77, 178.67, 8.82, 126, 268, 0, 
1982, eco109, 77, 157.14, 7.13, 132, 272, 0, 
1983, eco109, 77, 243.31, 7.77, 129, 284, 0, 
1984, eco109, 77, 113.11, 7.7, 130, 262, 0, 
1985, eco109, 77, 78.44, 7.64, 0, 261, 0, 
1986, eco109, 77, 153.7, 8.76, 127, 249, 0, 
1987, eco109, 77, 123.89, 9.01, 118, 291, 0, 
1988, eco109, 77, 103.14, 8.79, 0, 291, 0, 
1979, eco110, 78, 109.38, 8.83, 131, 291, 0, 
1980, eco110, 78, 98.71, 9.02, 0, 281, 0, 
1981, eco110, 78, 132.46, 9.61, 131, 266, 0, 
1982, eco110, 78, 123.76, 7.85, 133, 275, 0, 
1983, eco110, 78, 184.87, 8.55, 130, 291, 0, 
1984, eco110, 78, 88.6, 8.68, 132, 261, 0, 
1985, eco110, 78, 54.59, 8.64, 0, 260, 0, 
1986, eco110, 78, 119.77, 9.87, 129, 246, 0, 
1987, eco110, 78, 98.28, 10.1, 120, 291, 0, 
1988, eco110, 78, 73.48, 9.9, 0, 291, 0, 
1979, eco111, 79, 89.96, 9.37, 109, 291, 0, 
1980, eco111, 79, 81.35, 9.53, 98, 288, 0, 
1981, eco111, 79, 113.8, 10.21, 92, 268, 0, 
1982, eco111, 79, 106.88, 8.46, 112, 280, 0, 
1983, eco111, 79, 156.3, 9.3, 112, 291, 0, 
1984, eco111, 79, 76.8, 9.33, 106, 265, 0, 
1985, eco111, 79, 43.44, 9.37, 95, 260, 0, 
1986, eco111, 79, 97.72, 10.59, 107, 245, 0, 
1987, eco111, 79, 86.66, 11.03, 81, 292, 0, 
1988, eco111, 79, 59.9, 10.88, 92, 293, 0, 
1979, eco112, 80, 153.48, 11.5, 0, 318, 0, 
1980, eco112, 80, 122.57, 11.51, 0, 365, 0, 
1981, eco112, 80, 183.93, 12.09, 0, 365, 0, 
1982, eco112, 80, 192.03, 11.3, 0, 365, 0, 
1983, eco112, 80, 251.18, 12.57, 0, 365, 0, 
1984, eco112, 80, 157.67, 11.46, 0, 345, 0, 
1985, eco112, 80, 93.41, 11, 0, 306, 0, 
1986, eco112, 80, 159.22, 12.22, 0, 365, 0, 
1987, eco112, 80, 131.18, 11.9, 0, 365, 0, 
1988, eco112, 80, 124.49, 11.31, 0, 333, 0, 
1979, eco113, 81, 218.74, 12.71, 0, 315, 0, 
1980, eco113, 81, 174.77, 12.64, 0, 320, 0, 
1981, eco113, 81, 262.71, 13.06, 0, 365, 0, 
1982, eco113, 81, 255.15, 12.12, 0, 365, 0, 
1983, eco113, 81, 330.67, 12.99, 0, 365, 0, 
1984, eco113, 81, 213.48, 12.35, 0, 331, 0, 
1985, eco113, 81, 128.41, 12.14, 0, 300, 0, 
1986, eco113, 81, 239.13, 13.2, 0, 365, 0, 
1987, eco113, 81, 179.4, 13.03, 0, 344, 0, 
1988, eco113, 81, 172.31, 12.57, 0, 326, 0, 
1979, eco114, 82, 276.36, 13.08, 0, 312, 0, 
1980, eco114, 82, 220.56, 13.1, 0, 365, 0, 
1981, eco114, 82, 339.38, 13.44, 0, 365, 0, 
1982, eco114, 82, 312.3, 12.14, 0, 311, 0, 
1983, eco114, 82, 403.99, 12.83, 0, 365, 0, 
1984, eco114, 82, 267.02, 12.51, 17, 321, 0, 
1985, eco114, 82, 160.05, 12.48, 80, 294, 0, 
1986, eco114, 82, 316.96, 13.66, 0, 346, 0, 
1987, eco114, 82, 228.05, 13.39, 0, 330, 0, 
1988, eco114, 82, 221.46, 13.26, 27, 321, 0, 
1979, eco115, 83, 235.1, 13.63, 0, 312, 0, 
1980, eco115, 83, 194.88, 13.71, 0, 339, 0, 
1981, eco115, 83, 294.15, 14.06, 0, 365, 0, 
1982, eco115, 83, 280.52, 12.62, 17, 309, 0, 
1983, eco115, 83, 372.15, 13.21, 0, 335, 0, 
1984, eco115, 83, 235.3, 13.11, 28, 321, 0, 
1985, eco115, 83, 136.73, 13.18, 82, 292, 0, 
1986, eco115, 83, 264.19, 14.33, 0, 327, 0, 
1987, eco115, 83, 202.15, 14.03, 21, 321, 0, 
1988, eco115, 83, 192.42, 13.99, 76, 321, 0, 
1979, eco116, 84, 170.89, 13.72, 0, 310, 0, 
1980, eco116, 84, 146.92, 13.81, 0, 335, 0, 
1981, eco116, 84, 199.31, 14.16, 0, 365, 0, 
1982, eco116, 84, 211.9, 12.71, 25, 306, 0, 
1983, eco116, 84, 276.3, 13.25, 0, 330, 0, 
1984, eco116, 84, 171.32, 13.27, 29, 321, 0, 
1985, eco116, 84, 97.54, 13.37, 83, 291, 0, 
1986, eco116, 84, 183.12, 14.41, 0, 320, 0, 
1987, eco116, 84, 140.06, 13.98, 28, 321, 0, 
1988, eco116, 84, 140.8, 14.1, 78, 321, 0, 
1979, eco117, 85, 187.37, 12.56, 78, 291, 0, 
1980, eco117, 85, 167.87, 12.69, 93, 291, 0, 
1981, eco117, 85, 222.77, 13.13, 81, 276, 0, 
1982, eco117, 85, 230.49, 11.64, 112, 291, 0, 
1983, eco117, 85, 315.14, 12.08, 107, 297, 0, 
1984, eco117, 85, 191.81, 12.21, 105, 275, 0, 
1985, eco117, 85, 105.74, 12.32, 95, 268, 0, 
1986, eco117, 85, 205.24, 13.27, 40, 257, 0, 
1987, eco117, 85, 160.06, 13.11, 85, 294, 0, 
1988, eco117, 85, 160.12, 13.18, 92, 298, 0, 
1979, eco118, 86, 163.8, 12.14, 107, 291, 0, 
1980, eco118, 86, 140.03, 12.17, 107, 291, 0, 
1981, eco118, 86, 191.16, 12.58, 97, 282, 0, 
1982, eco118, 86, 206.76, 11.07, 121, 291, 0, 
1983, eco118, 86, 274.28, 11.49, 115, 291, 0, 
1984, eco118, 86, 163.07, 11.5, 120, 291, 0, 
1985, eco118, 86, 90.24, 11.77, 108, 277, 0, 
1986, eco118, 86, 172.1, 12.78, 112, 291, 0, 
1987, eco118, 86, 142.18, 12.49, 108, 291, 0, 
1988, eco118, 86, 134.82, 12.61, 103, 292, 0, 
1979, eco119, 87, 166.7, 11.11, 113, 291, 0, 
1980, eco119, 87, 139.64, 11.14, 115, 291, 0, 
1981, eco119, 87, 196.99, 11.58, 107, 279, 0, 
1982, eco119, 87, 209.88, 10.01, 125, 291, 0, 
1983, eco119, 87, 275.93, 10.44, 119, 291, 0, 
1984, eco119, 87, 161.1, 10.4, 125, 291, 0, 
1985, eco119, 87, 91.01, 10.67, 117, 274, 0, 
1986, eco119, 87, 173.49, 11.64, 117, 291, 0, 
1987, eco119, 87, 143.9, 11.49, 112, 291, 0, 
1988, eco119, 87, 131.77, 11.58, 114, 291, 0, 
1979, eco120, 88, 146.53, 10.51, 113, 291, 0, 
1980, eco120, 88, 121.29, 10.6, 115, 291, 0, 
1981, eco120, 88, 168.49, 11, 109, 277, 0, 
1982, eco120, 88, 173.18, 9.4, 125, 291, 0, 
1983, eco120, 88, 240.68, 9.88, 119, 291, 0, 
1984, eco120, 88, 126.09, 9.82, 122, 285, 0, 
1985, eco120, 88, 78.38, 9.99, 114, 273, 0, 
1986, eco120, 88, 145.75, 11.08, 115, 291, 0, 
1987, eco120, 88, 121.3, 10.88, 111, 291, 0, 
1988, eco120, 88, 109.54, 10.9, 116, 291, 0, 
1979, eco121, 89, 93.46, 10.55, 113, 291, 0, 
1980, eco121, 89, 78.59, 10.53, 115, 285, 0, 
1981, eco121, 89, 107.57, 11.09, 109, 270, 0, 
1982, eco121, 89, 105.93, 9.42, 125, 287, 0, 
1983, eco121, 89, 143.98, 10.05, 119, 291, 0, 
1984, eco121, 89, 77.93, 9.93, 122, 269, 0, 
1985, eco121, 89, 49.98, 9.95, 114, 262, 0, 
1986, eco121, 89, 93.1, 11.2, 115, 251, 0, 
1987, eco121, 89, 78.03, 10.94, 111, 291, 0, 
1988, eco121, 89, 67.44, 10.9, 116, 291, 0, 
1979, eco122, 90, 73.27, 10.92, 80, 291, 0, 
1980, eco122, 90, 61.34, 10.92, 92, 283, 0, 
1981, eco122, 90, 81.93, 11.47, 83, 269, 0, 
1982, eco122, 90, 77.45, 9.82, 112, 258, 0, 
1983, eco122, 90, 103.87, 10.47, 105, 291, 0, 
1984, eco122, 90, 57.65, 10.38, 78, 266, 0, 
1985, eco122, 90, 39.92, 10.36, 94, 260, 0, 
1986, eco122, 90, 70.85, 11.62, 43, 248, 0, 
1987, eco122, 90, 58.25, 11.33, 89, 291, 0, 
1988, eco122, 90, 49.49, 11.22, 93, 291, 0, 
1979, eco123, 91, 109.77, 10.01, 111, 291, 0, 
1980, eco123, 91, 95.05, 10.09, 107, 291, 0, 
1981, eco123, 91, 123.65, 10.65, 100, 281, 0, 
1982, eco123, 91, 118.63, 8.92, 120, 291, 0, 
1983, eco123, 91, 166.88, 9.64, 116, 296, 0, 
1984, eco123, 91, 89.51, 9.64, 114, 279, 0, 
1985, eco123, 91, 60.34, 9.62, 102, 276, 0, 
1986, eco123, 91, 107.31, 10.73, 113, 291, 0, 
1987, eco123, 91, 88.49, 10.85, 103, 293, 0, 
1988, eco123, 91, 77.77, 10.64, 105, 294, 0, 
1979, eco124, 92, 92.76, 10.78, 111, 291, 0, 
1980, eco124, 92, 82.72, 10.83, 107, 287, 0, 
1981, eco124, 92, 113.1, 11.41, 100, 275, 0, 
1982, eco124, 92, 106.66, 9.74, 120, 290, 0, 
1983, eco124, 92, 148.18, 10.38, 116, 296, 0, 
1984, eco124, 92, 79.95, 10.37, 114, 273, 0, 
1985, eco124, 92, 49.89, 10.32, 102, 267, 0, 
1986, eco124, 92, 94.57, 11.46, 113, 259, 0, 
1987, eco124, 92, 78.9, 11.56, 103, 291, 0, 
1988, eco124, 92, 67.15, 11.3, 105, 292, 0, 
1979, eco127, 93, 170.03, 12.34, 0, 318, 0, 
1980, eco127, 93, 136.28, 12.18, 0, 365, 0, 
1981, eco127, 93, 205.33, 12.54, 0, 365, 0, 
1982, eco127, 93, 212.34, 11.6, 0, 365, 0, 
1983, eco127, 93, 275.22, 12.66, 0, 365, 0, 
1984, eco127, 93, 174.96, 11.8, 0, 332, 0, 
1985, eco127, 93, 102.75, 11.51, 0, 303, 0, 
1986, eco127, 93, 179.14, 12.64, 0, 365, 0, 
1987, eco127, 93, 141.95, 12.41, 0, 346, 0, 
1988, eco127, 93, 135.19, 11.93, 0, 328, 0, 
1979, eco128, 94, 245.57, 13.21, 0, 318, 0, 
1980, eco128, 94, 195.56, 13.17, 0, 365, 0, 
1981, eco128, 94, 295.18, 13.5, 0, 365, 0, 
1982, eco128, 94, 275.92, 12.3, 0, 365, 0, 
1983, eco128, 94, 358.08, 13.12, 0, 365, 0, 
1984, eco128, 94, 237.25, 12.6, 0, 329, 0, 
1985, eco128, 94, 141.24, 12.53, 0, 299, 0, 
1986, eco128, 94, 274.15, 13.68, 0, 365, 0, 
1987, eco128, 94, 199.15, 13.55, 0, 342, 0, 
1988, eco128, 94, 194.07, 13.17, 0, 325, 0, 
1979, eco129, 95, 307.34, 12.84, 45, 299, 0, 
1980, eco129, 95, 245.53, 12.84, 81, 303, 0, 
1981, eco129, 95, 379.28, 13.24, 0, 365, 0, 
1982, eco129, 95, 338.91, 11.93, 106, 295, 0, 
1983, eco129, 95, 438.83, 12.57, 0, 314, 0, 
1984, eco129, 95, 302.53, 12.32, 50, 308, 0, 
1985, eco129, 95, 178.87, 12.31, 89, 288, 0, 
1986, eco129, 95, 350.01, 13.41, 21, 305, 0, 
1987, eco129, 95, 249.44, 13.2, 59, 307, 0, 
1988, eco129, 95, 250.64, 13.12, 86, 312, 0, 
1979, eco130, 96, 285.54, 13.18, 49, 298, 0, 
1980, eco130, 96, 246.8, 13.25, 83, 303, 0, 
1981, eco130, 96, 364.65, 13.56, 0, 365, 0, 
1982, eco130, 96, 333, 12.19, 107, 294, 0, 
1983, eco130, 96, 468.57, 12.72, 0, 314, 0, 
1984, eco130, 96, 292.28, 12.75, 54, 306, 0, 
1985, eco130, 96, 173.51, 12.91, 91, 285, 0, 
1986, eco130, 96, 327.67, 13.88, 23, 304, 0, 
1987, eco130, 96, 249.44, 13.44, 63, 307, 0, 
1988, eco130, 96, 241.97, 13.63, 87, 309, 0, 
1979, eco131, 97, 195.55, 12.68, 62, 291, 0, 
1980, eco131, 97, 172.52, 12.75, 85, 286, 0, 
1981, eco131, 97, 235.95, 13.1, 75, 276, 0, 
1982, eco131, 97, 241.13, 11.68, 107, 290, 0, 
1983, eco131, 97, 330.58, 12.17, 31, 297, 0, 
1984, eco131, 97, 197.1, 12.27, 65, 274, 0, 
1985, eco131, 97, 111.95, 12.39, 91, 268, 0, 
1986, eco131, 97, 214.23, 13.36, 34, 287, 0, 
1987, eco131, 97, 168.23, 13.08, 77, 291, 0, 
1988, eco131, 97, 163.82, 12.99, 89, 292, 0, 
1979, eco132, 98, 193.84, 13.05, 53, 296, 0, 
1980, eco132, 98, 165.24, 13.1, 87, 299, 0, 
1981, eco132, 98, 224.75, 13.41, 0, 315, 0, 
1982, eco132, 98, 242.22, 12, 109, 291, 0, 
1983, eco132, 98, 317.61, 12.45, 27, 303, 0, 
1984, eco132, 98, 195.84, 12.49, 53, 295, 0, 
1985, eco132, 98, 108.66, 12.76, 90, 289, 0, 
1986, eco132, 98, 206.39, 13.69, 23, 300, 0, 
1987, eco132, 98, 162.81, 13.41, 58, 300, 0, 
1988, eco132, 98, 162.89, 13.52, 88, 297, 0, 
1979, eco133, 99, 215.4, 11.02, 113, 291, 0, 
1980, eco133, 99, 182.19, 11.02, 115, 291, 0, 
1981, eco133, 99, 253.37, 11.47, 107, 279, 0, 
1982, eco133, 99, 274.18, 9.89, 125, 291, 0, 
1983, eco133, 99, 355.89, 10.35, 119, 291, 0, 
1984, eco133, 99, 220.11, 10.26, 125, 282, 0, 
1985, eco133, 99, 120.99, 10.6, 117, 273, 0, 
1986, eco133, 99, 232.66, 11.58, 117, 291, 0, 
1987, eco133, 99, 184.63, 11.39, 112, 291, 0, 
1988, eco133, 99, 175.1, 11.47, 114, 291, 0, 
1979, eco134, 100, 160.13, 9.14, 116, 291, 0, 
1980, eco134, 100, 132.8, 9.15, 118, 291, 0, 
1981, eco134, 100, 187.4, 9.56, 111, 276, 0, 
1982, eco134, 100, 195.82, 8.02, 127, 291, 0, 
1983, eco134, 100, 258.77, 8.5, 120, 291, 0, 
1984, eco134, 100, 146.12, 8.44, 125, 269, 0, 
1985, eco134, 100, 85.64, 8.8, 120, 270, 0, 
1986, eco134, 100, 164.71, 9.8, 119, 291, 0, 
1987, eco134, 100, 133.81, 9.66, 113, 291, 0, 
1988, eco134, 100, 119.83, 9.65, 118, 291, 0, 
1979, eco135, 101, 84.88, 10.62, 112, 291, 0, 
1980, eco135, 101, 72.68, 10.55, 114, 285, 0, 
1981, eco135, 101, 97.37, 11.06, 107, 270, 0, 
1982, eco135, 101, 100.48, 9.55, 123, 257, 0, 
1983, eco135, 101, 127.92, 10.07, 117, 291, 0, 
1984, eco135, 101, 74, 10.04, 120, 267, 0, 
1985, eco135, 101, 45.82, 10.04, 109, 260, 0, 
1986, eco135, 101, 89.14, 11.27, 115, 247, 0, 
1987, eco135, 101, 72.19, 11.08, 109, 291, 0, 
1988, eco135, 101, 59.26, 10.99, 108, 291, 0, 
1979, eco136, 102, 63.09, 10.84, 80, 291, 0, 
1980, eco136, 102, 53.4, 10.79, 94, 280, 0, 
1981, eco136, 102, 71.87, 11.34, 86, 265, 0, 
1982, eco136, 102, 74.13, 9.75, 114, 250, 0, 
1983, eco136, 102, 84.74, 10.43, 105, 257, 0, 
1984, eco136, 102, 55.45, 10.32, 87, 261, 0, 
1985, eco136, 102, 35.85, 10.19, 98, 255, 0, 
1986, eco136, 102, 62.96, 11.52, 42, 241, 0, 
1987, eco136, 102, 50.8, 11.22, 100, 258, 0, 
1988, eco136, 102, 43.04, 10.97, 95, 290, 0, 
1979, eco137, 103, 80.14, 10.74, 69, 291, 0, 
1980, eco137, 103, 69.69, 10.77, 91, 291, 0, 
1981, eco137, 103, 91.11, 11.32, 80, 275, 0, 
1982, eco137, 103, 94.35, 9.62, 112, 291, 0, 
1983, eco137, 103, 114.08, 10.32, 106, 295, 0, 
1984, eco137, 103, 74.83, 10.31, 67, 272, 0, 
1985, eco137, 103, 47.65, 10.23, 93, 265, 0, 
1986, eco137, 103, 79.24, 11.46, 40, 253, 0, 
1987, eco137, 103, 65.14, 11.39, 81, 291, 0, 
1988, eco137, 103, 61.24, 11.13, 93, 291, 0, 
1979, eco138, 104, 69.85, 11.35, 66, 291, 0, 
1980, eco138, 104, 61.79, 11.3, 90, 283, 0, 
1981, eco138, 104, 83.88, 11.84, 78, 273, 0, 
1982, eco138, 104, 80.82, 10.2, 112, 283, 0, 
1983, eco138, 104, 97.84, 10.88, 106, 293, 0, 
1984, eco138, 104, 65.37, 10.83, 68, 270, 0, 
1985, eco138, 104, 41.23, 10.78, 93, 265, 0, 
1986, eco138, 104, 65.31, 12.07, 39, 258, 0, 
1987, eco138, 104, 55.22, 11.94, 83, 291, 0, 
1988, eco138, 104, 55.35, 11.56, 92, 291, 0, 
1979, eco141, 105, 167.65, 11.95, 0, 365, 0, 
1980, eco141, 105, 136.23, 11.72, 0, 365, 0, 
1981, eco141, 105, 207.74, 12.04, 0, 365, 0, 
1982, eco141, 105, 211.47, 11.12, 0, 365, 0, 
1983, eco141, 105, 272.22, 12.24, 0, 365, 0, 
1984, eco141, 105, 174.49, 11.3, 0, 334, 0, 
1985, eco141, 105, 102.95, 11.06, 0, 310, 0, 
1986, eco141, 105, 174.41, 12.21, 0, 365, 0, 
1987, eco141, 105, 139.06, 11.99, 0, 365, 0, 
1988, eco141, 105, 133.83, 11.45, 0, 331, 0, 
1979, eco142, 106, 206.73, 12.67, 0, 310, 0, 
1980, eco142, 106, 166.68, 12.5, 0, 365, 0, 
1981, eco142, 106, 249.91, 12.77, 0, 365, 0, 
1982, eco142, 106, 243.4, 11.79, 0, 314, 0, 
1983, eco142, 106, 313.01, 12.8, 0, 365, 0, 
1984, eco142, 106, 207.52, 11.99, 21, 321, 0, 
1985, eco142, 106, 124.02, 11.74, 26, 294, 0, 
1986, eco142, 106, 224.59, 12.87, 0, 341, 0, 
1987, eco142, 106, 168.45, 12.67, 0, 328, 0, 
1988, eco142, 106, 166.21, 12.34, 23, 321, 0, 
1979, eco143, 107, 281.09, 12.85, 25, 300, 0, 
1980, eco143, 107, 226.58, 12.72, 79, 309, 0, 
1981, eco143, 107, 341.11, 13.16, 0, 365, 0, 
1982, eco143, 107, 315.49, 11.95, 105, 297, 0, 
1983, eco143, 107, 396.32, 12.65, 0, 320, 0, 
1984, eco143, 107, 279.83, 12.23, 49, 310, 0, 
1985, eco143, 107, 166.34, 12.18, 87, 291, 0, 
1986, eco143, 107, 317.66, 13.29, 16, 307, 0, 
1987, eco143, 107, 226.67, 13.12, 56, 313, 0, 
1988, eco143, 107, 231.13, 12.9, 85, 310, 0, 
1979, eco144, 108, 347.07, 12.28, 57, 297, 0, 
1980, eco144, 108, 289.98, 12.23, 88, 302, 0, 
1981, eco144, 108, 437.78, 12.62, 0, 347, 0, 
1982, eco144, 108, 394.51, 11.34, 109, 293, 0, 
1983, eco144, 108, 503.18, 11.99, 27, 307, 0, 
1984, eco144, 108, 358.45, 11.66, 56, 299, 0, 
1985, eco144, 108, 215.31, 11.77, 92, 286, 0, 
1986, eco144, 108, 405.82, 12.84, 24, 302, 0, 
1987, eco144, 108, 292.7, 12.67, 67, 304, 0, 
1988, eco144, 108, 298.15, 12.55, 89, 300, 0, 
1979, eco145, 109, 209.19, 12.52, 65, 291, 0, 
1980, eco145, 109, 179.59, 12.56, 90, 291, 0, 
1981, eco145, 109, 256.77, 12.94, 78, 278, 0, 
1982, eco145, 109, 258.87, 11.45, 110, 291, 0, 
1983, eco145, 109, 339.9, 11.98, 38, 297, 0, 
1984, eco145, 109, 214.25, 12.01, 67, 275, 0, 
1985, eco145, 109, 121.35, 12.14, 93, 271, 0, 
1986, eco145, 109, 228.13, 13.13, 37, 291, 0, 
1987, eco145, 109, 180.52, 12.92, 81, 291, 0, 
1988, eco145, 109, 175.02, 12.74, 91, 291, 0, 
1979, eco146, 110, 208.28, 12.18, 112, 291, 0, 
1980, eco146, 110, 179.52, 12.25, 113, 291, 0, 
1981, eco146, 110, 242.46, 12.55, 108, 287, 0, 
1982, eco146, 110, 260.92, 11.13, 121, 291, 0, 
1983, eco146, 110, 336.59, 11.61, 115, 291, 0, 
1984, eco146, 110, 214.81, 11.61, 119, 278, 0, 
1985, eco146, 110, 118.7, 11.93, 105, 276, 0, 
1986, eco146, 110, 222.62, 12.86, 115, 291, 0, 
1987, eco146, 110, 176.37, 12.65, 105, 291, 0, 
1988, eco146, 110, 173.67, 12.68, 108, 291, 0, 
1979, eco147, 111, 254.09, 10.71, 116, 291, 0, 
1980, eco147, 111, 210.66, 10.79, 119, 291, 0, 
1981, eco147, 111, 295.72, 11.14, 115, 282, 0, 
1982, eco147, 111, 315.89, 9.61, 126, 291, 0, 
1983, eco147, 111, 396.93, 10.14, 119, 291, 0, 
1984, eco147, 111, 261.82, 10.12, 124, 270, 0, 
1985, eco147, 111, 143.33, 10.45, 109, 272, 0, 
1986, eco147, 111, 269.2, 11.39, 118, 259, 0, 
1987, eco147, 111, 212.01, 11.32, 106, 291, 0, 
1988, eco147, 111, 202.61, 11.34, 117, 291, 0, 
1979, eco148, 112, 165.06, 9.92, 122, 291, 0, 
1980, eco148, 112, 135.87, 9.97, 126, 291, 0, 
1981, eco148, 112, 195.24, 10.4, 123, 276, 0, 
1982, eco148, 112, 204.63, 8.78, 130, 285, 0, 
1983, eco148, 112, 261.7, 9.37, 123, 291, 0, 
1984, eco148, 112, 162.48, 9.3, 129, 267, 0, 
1985, eco148, 112, 90.99, 9.51, 126, 267, 0, 
1986, eco148, 112, 174.03, 10.58, 123, 257, 0, 
1987, eco148, 112, 139.22, 10.58, 114, 291, 0, 
1988, eco148, 112, 126.02, 10.47, 131, 291, 0, 
1979, eco149, 113, 73.68, 10.7, 113, 291, 0, 
1980, eco149, 113, 61.39, 10.69, 115, 291, 0, 
1981, eco149, 113, 84.21, 11.19, 110, 276, 0, 
1982, eco149, 113, 85.96, 9.6, 123, 291, 0, 
1983, eco149, 113, 108.23, 10.12, 117, 291, 0, 
1984, eco149, 113, 66.86, 10.15, 121, 273, 0, 
1985, eco149, 113, 39.73, 10.23, 105, 266, 0, 
1986, eco149, 113, 73.07, 11.35, 116, 254, 0, 
1987, eco149, 113, 61.07, 11.27, 105, 291, 0, 
1988, eco149, 113, 53.17, 11.17, 110, 291, 0, 
1979, eco150, 114, 66.06, 10.81, 78, 291, 0, 
1980, eco150, 114, 54.94, 10.79, 94, 285, 0, 
1981, eco150, 114, 73.31, 11.34, 86, 268, 0, 
1982, eco150, 114, 77.52, 9.74, 113, 253, 0, 
1983, eco150, 114, 91.22, 10.41, 106, 259, 0, 
1984, eco150, 114, 59.4, 10.32, 106, 264, 0, 
1985, eco150, 114, 37.41, 10.22, 96, 260, 0, 
1986, eco150, 114, 65.32, 11.5, 42, 244, 0, 
1987, eco150, 114, 53.15, 11.27, 94, 291, 0, 
1988, eco150, 114, 47.21, 11.03, 95, 291, 0, 
1979, eco151, 115, 69.32, 10.87, 70, 291, 0, 
1980, eco151, 115, 61.1, 10.85, 92, 291, 0, 
1981, eco151, 115, 81.97, 11.37, 82, 275, 0, 
1982, eco151, 115, 84.84, 9.8, 113, 291, 0, 
1983, eco151, 115, 98.06, 10.48, 106, 295, 0, 
1984, eco151, 115, 67.12, 10.41, 69, 272, 0, 
1985, eco151, 115, 41.58, 10.34, 94, 265, 0, 
1986, eco151, 115, 70.05, 11.64, 41, 253, 0, 
1987, eco151, 115, 57.19, 11.56, 82, 291, 0, 
1988, eco151, 115, 56.21, 11.2, 93, 291, 0, 
1979, eco152, 116, 56.96, 11.47, 64, 291, 0, 
1980, eco152, 116, 50.45, 11.41, 85, 286, 0, 
1981, eco152, 116, 69.38, 11.86, 77, 275, 0, 
1982, eco152, 116, 64.61, 10.29, 103, 287, 0, 
1983, eco152, 116, 74.18, 10.96, 42, 295, 0, 
1984, eco152, 116, 50.12, 10.9, 67, 272, 0, 
1985, eco152, 116, 32.17, 10.85, 89, 269, 0, 
1986, eco152, 116, 50.89, 12.21, 39, 259, 0, 
1987, eco152, 116, 42.9, 12.03, 80, 291, 0, 
1988, eco152, 116, 46.97, 11.5, 88, 291, 0, 
1979, eco156, 117, 214.85, 12.56, 0, 310, 0, 
1980, eco156, 117, 170.76, 12.34, 0, 365, 0, 
1981, eco156, 117, 257.92, 12.61, 0, 365, 0, 
1982, eco156, 117, 249.06, 11.73, 0, 312, 0, 
1983, eco156, 117, 322.84, 12.74, 0, 346, 0, 
1984, eco156, 117, 217.23, 11.98, 23, 321, 0, 
1985, eco156, 117, 132.52, 11.71, 75, 294, 0, 
1986, eco156, 117, 232.68, 12.69, 0, 343, 0, 
1987, eco156, 117, 171.33, 12.4, 0, 323, 0, 
1988, eco156, 117, 175.82, 12.15, 0, 323, 0, 
1979, eco157, 118, 306.38, 12.84, 36, 301, 0, 
1980, eco157, 118, 254.29, 12.7, 82, 311, 0, 
1981, eco157, 118, 368.89, 13.09, 0, 351, 0, 
1982, eco157, 118, 346.33, 11.97, 104, 297, 0, 
1983, eco157, 118, 428.71, 12.5, 23, 304, 0, 
1984, eco157, 118, 304.53, 12.19, 40, 302, 0, 
1985, eco157, 118, 180.94, 12.22, 86, 288, 0, 
1986, eco157, 118, 346.59, 13.3, 0, 308, 0, 
1987, eco157, 118, 245.76, 13.15, 41, 311, 0, 
1988, eco157, 118, 252.68, 12.97, 83, 303, 0, 
1979, eco158, 119, 375.58, 11.94, 105, 294, 0, 
1980, eco158, 119, 322.03, 11.87, 104, 298, 0, 
1981, eco158, 119, 465.26, 12.15, 97, 290, 0, 
1982, eco158, 119, 431.11, 11, 115, 291, 0, 
1983, eco158, 119, 517.16, 11.38, 112, 291, 0, 
1984, eco158, 119, 393.87, 11.29, 114, 277, 0, 
1985, eco158, 119, 233.8, 11.6, 94, 279, 0, 
1986, eco158, 119, 439.62, 12.48, 111, 297, 0, 
1987, eco158, 119, 308.82, 12.43, 85, 297, 0, 
1988, eco158, 119, 321.45, 12.32, 96, 292, 0, 
1979, eco159, 120, 256.29, 12.35, 105, 294, 0, 
1980, eco159, 120, 223.22, 12.38, 104, 298, 0, 
1981, eco159, 120, 316.77, 12.66, 95, 289, 0, 
1982, eco159, 120, 314.88, 11.28, 114, 291, 0, 
1983, eco159, 120, 392.65, 11.58, 111, 292, 0, 
1984, eco159, 120, 265.31, 11.68, 114, 277, 0, 
1985, eco159, 120, 151.97, 12.08, 94, 280, 0, 
1986, eco159, 120, 285.13, 12.99, 110, 298, 0, 
1987, eco159, 120, 221.09, 12.88, 84, 298, 0, 
1988, eco159, 120, 213.94, 12.83, 95, 292, 0, 
1979, eco160, 121, 177.52, 12.67, 58, 294, 0, 
1980, eco160, 121, 146.48, 12.73, 91, 303, 0, 
1981, eco160, 121, 207, 13.04, 75, 288, 0, 
1982, eco160, 121, 221.51, 11.58, 109, 291, 0, 
1983, eco160, 121, 272.42, 12.05, 31, 300, 0, 
1984, eco160, 121, 177.41, 12.07, 55, 297, 0, 
1985, eco160, 121, 97.12, 12.22, 89, 279, 0, 
1986, eco160, 121, 182.38, 13.3, 23, 303, 0, 
1987, eco160, 121, 144.9, 13.14, 60, 306, 0, 
1988, eco160, 121, 140.49, 13.06, 86, 299, 0, 
1979, eco161, 122, 195.71, 11.38, 118, 291, 0, 
1980, eco161, 122, 158.86, 11.53, 122, 291, 0, 
1981, eco161, 122, 227.99, 11.75, 119, 282, 0, 
1982, eco161, 122, 243.73, 10.19, 128, 291, 0, 
1983, eco161, 122, 301.01, 10.73, 121, 291, 0, 
1984, eco161, 122, 196.49, 10.74, 126, 269, 0, 
1985, eco161, 122, 106.53, 11.03, 118, 272, 0, 
1986, eco161, 122, 207.39, 11.99, 121, 258, 0, 
1987, eco161, 122, 160.62, 11.95, 110, 291, 0, 
1988, eco161, 122, 151, 11.83, 123, 291, 0, 
1979, eco162, 123, 181.8, 10.37, 118, 291, 0, 
1980, eco162, 123, 150.33, 10.4, 122, 291, 0, 
1981, eco162, 123, 218.1, 10.84, 119, 282, 0, 
1982, eco162, 123, 228.57, 9.23, 128, 291, 0, 
1983, eco162, 123, 285.82, 9.79, 121, 291, 0, 
1984, eco162, 123, 184.41, 9.74, 126, 269, 0, 
1985, eco162, 123, 101.65, 10.01, 118, 272, 0, 
1986, eco162, 123, 195.68, 11.04, 121, 257, 0, 
1987, eco162, 123, 154.58, 11, 110, 291, 0, 
1988, eco162, 123, 139.15, 10.92, 123, 291, 0, 
1979, eco163, 124, 78.49, 11.64, 105, 291, 0, 
1980, eco163, 124, 65.43, 11.66, 104, 293, 0, 
1981, eco163, 124, 90.08, 12.09, 94, 286, 0, 
1982, eco163, 124, 92.06, 10.56, 116, 291, 0, 
1983, eco163, 124, 116.79, 11.07, 111, 295, 0, 
1984, eco163, 124, 73.95, 11.05, 112, 280, 0, 
1985, eco163, 124, 42.78, 11.19, 97, 278, 0, 
1986, eco163, 124, 77.2, 12.3, 110, 293, 0, 
1987, eco163, 124, 64.55, 12.32, 87, 295, 0, 
1988, eco163, 124, 59.82, 12.11, 97, 292, 0, 
1979, eco164, 125, 81.73, 11.75, 66, 291, 0, 
1980, eco164, 125, 69.06, 11.78, 94, 291, 0, 
1981, eco164, 125, 96.65, 12.21, 80, 283, 0, 
1982, eco164, 125, 101.89, 10.64, 110, 291, 0, 
1983, eco164, 125, 120.31, 11.25, 106, 296, 0, 
1984, eco164, 125, 80.29, 11.22, 106, 282, 0, 
1985, eco164, 125, 47.16, 11.19, 90, 273, 0, 
1986, eco164, 125, 81.73, 12.38, 39, 291, 0, 
1987, eco164, 125, 69.94, 12.4, 76, 295, 0, 
1988, eco164, 125, 67.68, 12.07, 89, 292, 0, 
1979, eco165, 126, 76.72, 11.65, 63, 291, 0, 
1980, eco165, 126, 66.03, 11.67, 92, 291, 0, 
1981, eco165, 126, 90.3, 12.14, 76, 283, 0, 
1982, eco165, 126, 95.21, 10.51, 110, 291, 0, 
1983, eco165, 126, 109.74, 11.19, 105, 297, 0, 
1984, eco165, 126, 75.95, 11.15, 66, 283, 0, 
1985, eco165, 126, 45.54, 10.92, 90, 273, 0, 
1986, eco165, 126, 76.31, 12.25, 38, 291, 0, 
1987, eco165, 126, 64.4, 12.24, 74, 294, 0, 
1988, eco165, 126, 63.74, 11.88, 87, 291, 0, 
1979, eco166, 127, 59.59, 11.47, 64, 291, 0, 
1980, eco166, 127, 52.23, 11.39, 86, 288, 0, 
1981, eco166, 127, 71.97, 11.87, 77, 275, 0, 
1982, eco166, 127, 68.56, 10.25, 104, 288, 0, 
1983, eco166, 127, 80.38, 10.94, 42, 295, 0, 
1984, eco166, 127, 54.21, 10.92, 67, 273, 0, 
1985, eco166, 127, 34.14, 10.78, 89, 270, 0, 
1986, eco166, 127, 54.15, 12.14, 39, 287, 0, 
1987, eco166, 127, 46.87, 12, 79, 291, 0, 
1988, eco166, 127, 47.53, 11.5, 87, 291, 0, 
1979, eco167, 128, 51.84, 11.69, 54, 291, 0, 
1980, eco167, 128, 45.57, 11.67, 83, 291, 0, 
1981, eco167, 128, 63.33, 12.22, 66, 279, 0, 
1982, eco167, 128, 58.34, 10.58, 96, 291, 0, 
1983, eco167, 128, 66.65, 11.3, 32, 305, 0, 
1984, eco167, 128, 44.87, 11.37, 63, 284, 0, 
1985, eco167, 128, 28.35, 10.89, 88, 269, 0, 
1986, eco167, 128, 44.12, 12.28, 37, 258, 0, 
1987, eco167, 128, 39.17, 12.16, 76, 292, 0, 
1988, eco167, 128, 39.05, 11.69, 86, 291, 0, 
1979, eco170, 129, 237, 12.69, 0, 318, 0, 
1980, eco170, 129, 195.28, 12.41, 0, 365, 0, 
1981, eco170, 129, 284.32, 12.75, 0, 365, 0, 
1982, eco170, 129, 274.04, 11.92, 0, 319, 0, 
1983, eco170, 129, 346, 12.94, 0, 365, 0, 
1984, eco170, 129, 237.72, 12.14, 0, 329, 0, 
1985, eco170, 129, 142.67, 11.73, 0, 301, 0, 
1986, eco170, 129, 260.85, 12.79, 0, 365, 0, 
1987, eco170, 129, 193.93, 12.49, 0, 343, 0, 
1988, eco170, 129, 192.78, 12.15, 0, 331, 0, 
1979, eco171, 130, 282.94, 12.53, 0, 301, 0, 
1980, eco171, 130, 236.72, 12.36, 0, 318, 0, 
1981, eco171, 130, 339.81, 12.84, 0, 365, 0, 
1982, eco171, 130, 327.46, 11.62, 0, 301, 0, 
1983, eco171, 130, 400.76, 12.01, 16, 317, 0, 
1984, eco171, 130, 283.72, 11.86, 31, 319, 0, 
1985, eco171, 130, 165.16, 11.83, 80, 287, 0, 
1986, eco171, 130, 317.49, 13.06, 0, 315, 0, 
1987, eco171, 130, 232.08, 12.96, 32, 320, 0, 
1988, eco171, 130, 231.37, 12.84, 30, 312, 0, 
1979, eco172, 131, 290.85, 11.6, 106, 294, 0, 
1980, eco172, 131, 247.54, 11.5, 104, 299, 0, 
1981, eco172, 131, 355.67, 11.82, 98, 306, 0, 
1982, eco172, 131, 344.46, 10.59, 115, 291, 0, 
1983, eco172, 131, 414.93, 10.93, 112, 292, 0, 
1984, eco172, 131, 301.08, 10.84, 115, 280, 0, 
1985, eco172, 131, 176.36, 11.15, 94, 279, 0, 
1986, eco172, 131, 329.78, 12.21, 111, 299, 0, 
1987, eco172, 131, 240.83, 12.11, 85, 298, 0, 
1988, eco172, 131, 243.5, 12.03, 96, 291, 0, 
1979, eco173, 132, 354.73, 11.39, 106, 292, 0, 
1980, eco173, 132, 312.1, 11.49, 105, 297, 0, 
1981, eco173, 132, 434.82, 11.7, 97, 289, 0, 
1982, eco173, 132, 420.35, 10.18, 115, 291, 0, 
1983, eco173, 132, 501.96, 10.59, 112, 292, 0, 
1984, eco173, 132, 370.75, 10.67, 114, 276, 0, 
1985, eco173, 132, 216.56, 11, 96, 278, 0, 
1986, eco173, 132, 410.76, 11.97, 111, 258, 0, 
1987, eco173, 132, 298.88, 11.97, 86, 296, 0, 
1988, eco173, 132, 302.14, 11.81, 97, 292, 0, 
1979, eco174, 133, 207.11, 12.11, 66, 291, 0, 
1980, eco174, 133, 178.89, 12.26, 98, 291, 0, 
1981, eco174, 133, 252.89, 12.48, 86, 278, 0, 
1982, eco174, 133, 266.41, 10.95, 112, 291, 0, 
1983, eco174, 133, 322.77, 11.52, 108, 297, 0, 
1984, eco174, 133, 212.58, 11.55, 109, 281, 0, 
1985, eco174, 133, 116.3, 11.51, 93, 268, 0, 
1986, eco174, 133, 220.06, 12.64, 107, 258, 0, 
1987, eco174, 133, 174.94, 12.59, 81, 292, 0, 
1988, eco174, 133, 164.88, 12.17, 93, 291, 0, 
1979, eco175, 134, 154.55, 12.44, 59, 291, 0, 
1980, eco175, 134, 127.29, 12.66, 89, 299, 0, 
1981, eco175, 134, 189.3, 12.82, 0, 282, 0, 
1982, eco175, 134, 198.72, 11.23, 105, 291, 0, 
1983, eco175, 134, 244.43, 11.83, 28, 304, 0, 
1984, eco175, 134, 153.03, 11.79, 57, 284, 0, 
1985, eco175, 134, 83.62, 11.78, 91, 270, 0, 
1986, eco175, 134, 164.14, 12.97, 26, 300, 0, 
1987, eco175, 134, 130.4, 12.81, 62, 303, 0, 
1988, eco175, 134, 117.93, 12.65, 89, 301, 0, 
1979, eco176, 135, 163.32, 11.97, 105, 291, 0, 
1980, eco176, 135, 136.26, 12.1, 104, 294, 0, 
1981, eco176, 135, 200.85, 12.25, 94, 283, 0, 
1982, eco176, 135, 205.81, 10.67, 116, 291, 0, 
1983, eco176, 135, 252.82, 11.25, 111, 295, 0, 
1984, eco176, 135, 165.64, 11.28, 111, 282, 0, 
1985, eco176, 135, 90.25, 11.39, 97, 273, 0, 
1986, eco176, 135, 174.34, 12.49, 110, 294, 0, 
1987, eco176, 135, 136.72, 12.45, 87, 297, 0, 
1988, eco176, 135, 123.2, 12.21, 97, 292, 0, 
1979, eco177, 136, 87.28, 11.97, 58, 291, 0, 
1980, eco177, 136, 73.77, 11.95, 90, 294, 0, 
1981, eco177, 136, 101.56, 12.4, 67, 285, 0, 
1982, eco177, 136, 104.95, 10.88, 106, 291, 0, 
1983, eco177, 136, 129.88, 11.39, 30, 300, 0, 
1984, eco177, 136, 83.64, 11.36, 60, 287, 0, 
1985, eco177, 136, 47.79, 11.35, 88, 275, 0, 
1986, eco177, 136, 86.31, 12.59, 30, 296, 0, 
1987, eco177, 136, 71.47, 12.57, 66, 299, 0, 
1988, eco177, 136, 66.8, 12.29, 85, 296, 0, 
1979, eco178, 137, 80.76, 11.42, 110, 291, 0, 
1980, eco178, 137, 67.4, 11.39, 113, 291, 0, 
1981, eco178, 137, 95.64, 11.86, 107, 282, 0, 
1982, eco178, 137, 98.4, 10.28, 121, 291, 0, 
1983, eco178, 137, 116.7, 10.91, 115, 293, 0, 
1984, eco178, 137, 75.93, 10.89, 119, 285, 0, 
1985, eco178, 137, 43.66, 10.81, 104, 273, 0, 
1986, eco178, 137, 77.59, 12.02, 114, 291, 0, 
1987, eco178, 137, 68.21, 11.99, 103, 292, 0, 
1988, eco178, 137, 63.46, 11.75, 107, 291, 0, 
1979, eco179, 138, 76.74, 11.66, 62, 291, 0, 
1980, eco179, 138, 65.48, 11.68, 90, 291, 0, 
1981, eco179, 138, 91.55, 12.18, 76, 283, 0, 
1982, eco179, 138, 94.43, 10.53, 107, 291, 0, 
1983, eco179, 138, 111.67, 11.21, 38, 299, 0, 
1984, eco179, 138, 74.34, 11.21, 67, 284, 0, 
1985, eco179, 138, 42.92, 10.92, 90, 273, 0, 
1986, eco179, 138, 75.83, 12.27, 38, 292, 0, 
1987, eco179, 138, 65.59, 12.25, 74, 294, 0, 
1988, eco179, 138, 62.28, 11.92, 86, 292, 0, 
1979, eco180, 139, 72.59, 10.97, 68, 291, 0, 
1980, eco180, 139, 63.21, 10.98, 98, 291, 0, 
1981, eco180, 139, 87.85, 11.51, 85, 277, 0, 
1982, eco180, 139, 88.45, 9.87, 111, 291, 0, 
1983, eco180, 139, 103.42, 10.59, 106, 301, 0, 
1984, eco180, 139, 72.51, 10.76, 106, 284, 0, 
1985, eco180, 139, 43.25, 10.12, 96, 266, 0, 
1986, eco180, 139, 69.38, 11.49, 56, 254, 0, 
1987, eco180, 139, 61.06, 11.5, 83, 291, 0, 
1988, eco180, 139, 58.75, 11.16, 92, 291, 0, 
1979, eco181, 140, 57.26, 11.53, 57, 291, 0, 
1980, eco181, 140, 50.14, 11.47, 89, 291, 0, 
1981, eco181, 140, 70.78, 12.1, 76, 279, 0, 
1982, eco181, 140, 65.77, 10.4, 104, 291, 0, 
1983, eco181, 140, 77.58, 11.21, 36, 305, 0, 
1984, eco181, 140, 51.44, 11.22, 71, 284, 0, 
1985, eco181, 140, 32.02, 10.64, 93, 269, 0, 
1986, eco181, 140, 50.82, 12.11, 44, 258, 0, 
1987, eco181, 140, 43.96, 12.02, 78, 292, 0, 
1988, eco181, 140, 43.38, 11.61, 88, 291, 0, 
1979, eco184, 141, 237.04, 13.11, 0, 320, 0, 
1980, eco184, 141, 199.26, 12.72, 0, 365, 0, 
1981, eco184, 141, 281.07, 13.09, 0, 365, 0, 
1982, eco184, 141, 274.59, 12.29, 0, 365, 0, 
1983, eco184, 141, 342.81, 13.45, 0, 365, 0, 
1984, eco184, 141, 236.16, 12.47, 0, 325, 0, 
1985, eco184, 141, 139.2, 12, 0, 299, 0, 
1986, eco184, 141, 260.7, 13.11, 0, 365, 0, 
1987, eco184, 141, 197.61, 12.71, 0, 340, 0, 
1988, eco184, 141, 191.11, 12.29, 0, 328, 0, 
1979, eco185, 142, 266.5, 12.69, 0, 306, 0, 
1980, eco185, 142, 223.33, 12.5, 0, 365, 0, 
1981, eco185, 142, 321.26, 13, 0, 365, 0, 
1982, eco185, 142, 322.44, 11.81, 0, 306, 0, 
1983, eco185, 142, 395.61, 12.38, 0, 365, 0, 
1984, eco185, 142, 273.15, 12.03, 20, 321, 0, 
1985, eco185, 142, 154.49, 11.88, 77, 291, 0, 
1986, eco185, 142, 298.88, 13.16, 0, 365, 0, 
1987, eco185, 142, 220.9, 13.09, 0, 329, 0, 
1988, eco185, 142, 217.36, 12.88, 0, 320, 0, 
1979, eco186, 143, 284.77, 11.84, 63, 296, 0, 
1980, eco186, 143, 237.21, 11.68, 95, 308, 0, 
1981, eco186, 143, 347.93, 12.06, 83, 290, 0, 
1982, eco186, 143, 349.9, 10.86, 110, 292, 0, 
1983, eco186, 143, 416.69, 11.17, 107, 298, 0, 
1984, eco186, 143, 295.96, 11.08, 107, 293, 0, 
1985, eco186, 143, 169.35, 11.2, 90, 278, 0, 
1986, eco186, 143, 321.64, 12.46, 0, 307, 0, 
1987, eco186, 143, 234.52, 12.35, 75, 309, 0, 
1988, eco186, 143, 235.36, 12.19, 86, 297, 0, 
1979, eco187, 144, 313.6, 10.76, 107, 293, 0, 
1980, eco187, 144, 265.55, 10.64, 107, 298, 0, 
1981, eco187, 144, 383.2, 11, 104, 287, 0, 
1982, eco187, 144, 377.65, 9.63, 117, 291, 0, 
1983, eco187, 144, 445.17, 10, 113, 292, 0, 
1984, eco187, 144, 326.4, 9.96, 116, 279, 0, 
1985, eco187, 144, 189.28, 10.26, 96, 276, 0, 
1986, eco187, 144, 357.44, 11.34, 112, 259, 0, 
1987, eco187, 144, 260.99, 11.29, 88, 298, 0, 
1988, eco187, 144, 261.69, 11.16, 98, 291, 0, 
1979, eco188, 145, 252.12, 10.83, 110, 291, 0, 
1980, eco188, 145, 224.76, 10.95, 111, 291, 0, 
1981, eco188, 145, 309.82, 11.22, 107, 281, 0, 
1982, eco188, 145, 316.44, 9.63, 119, 291, 0, 
1983, eco188, 145, 371.63, 10.15, 115, 291, 0, 
1984, eco188, 145, 266.99, 10.19, 119, 274, 0, 
1985, eco188, 145, 146.91, 10.18, 98, 271, 0, 
1986, eco188, 145, 274.09, 11.3, 114, 256, 0, 
1987, eco188, 145, 211.36, 11.37, 90, 291, 0, 
1988, eco188, 145, 207.12, 11.04, 102, 291, 0, 
1979, eco189, 146, 173.05, 12.24, 62, 292, 0, 
1980, eco189, 146, 146.27, 12.41, 93, 300, 0, 
1981, eco189, 146, 212.9, 12.53, 79, 282, 0, 
1982, eco189, 146, 225.82, 10.93, 108, 291, 0, 
1983, eco189, 146, 271.24, 11.51, 106, 300, 0, 
1984, eco189, 146, 176.34, 11.5, 105, 284, 0, 
1985, eco189, 146, 94.39, 11.53, 92, 270, 0, 
1986, eco189, 146, 179.13, 12.72, 25, 301, 0, 
1987, eco189, 146, 145.46, 12.6, 75, 303, 0, 
1988, eco189, 146, 130.1, 12.36, 91, 297, 0, 
1979, eco190, 147, 166.7, 11.98, 66, 293, 0, 
1980, eco190, 147, 142.53, 12.06, 100, 301, 0, 
1981, eco190, 147, 203.69, 12.24, 88, 284, 0, 
1982, eco190, 147, 217.55, 10.71, 112, 291, 0, 
1983, eco190, 147, 258.85, 11.21, 109, 296, 0, 
1984, eco190, 147, 170.27, 11.23, 110, 282, 0, 
1985, eco190, 147, 91.36, 11.36, 93, 273, 0, 
1986, eco190, 147, 174.22, 12.48, 108, 304, 0, 
1987, eco190, 147, 140.7, 12.46, 80, 302, 0, 
1988, eco190, 147, 120.73, 12.21, 92, 293, 0, 
1979, eco191, 148, 126.15, 11.55, 73, 292, 0, 
1980, eco191, 148, 109.76, 11.59, 105, 298, 0, 
1981, eco191, 148, 150.41, 11.89, 94, 290, 0, 
1982, eco191, 148, 156.46, 10.39, 115, 291, 0, 
1983, eco191, 148, 189.94, 10.86, 111, 295, 0, 
1984, eco191, 148, 125.58, 10.82, 113, 283, 0, 
1985, eco191, 148, 69.73, 10.98, 96, 280, 0, 
1986, eco191, 148, 129.58, 12.13, 110, 299, 0, 
1987, eco191, 148, 106.31, 12.14, 85, 298, 0, 
1988, eco191, 148, 95.54, 11.91, 95, 292, 0, 
1979, eco192, 149, 103.86, 9.94, 116, 291, 0, 
1980, eco192, 149, 90.97, 9.97, 121, 291, 0, 
1981, eco192, 149, 123.52, 10.36, 117, 283, 0, 
1982, eco192, 149, 129.77, 8.79, 126, 291, 0, 
1983, eco192, 149, 155.8, 9.32, 119, 291, 0, 
1984, eco192, 149, 105.72, 9.33, 125, 273, 0, 
1985, eco192, 149, 59.18, 9.48, 113, 274, 0, 
1986, eco192, 149, 103.28, 10.58, 119, 256, 0, 
1987, eco192, 149, 89.92, 10.69, 107, 291, 0, 
1988, eco192, 149, 84.35, 10.47, 120, 291, 0, 
1979, eco193, 150, 98.5, 9.97, 109, 291, 0, 
1980, eco193, 150, 87.15, 10, 111, 291, 0, 
1981, eco193, 150, 121.73, 10.48, 105, 285, 0, 
1982, eco193, 150, 127.73, 8.9, 119, 291, 0, 
1983, eco193, 150, 149.72, 9.41, 114, 291, 0, 
1984, eco193, 150, 105.32, 9.35, 118, 276, 0, 
1985, eco193, 150, 57.16, 9.42, 99, 279, 0, 
1986, eco193, 150, 100.31, 10.6, 113, 259, 0, 
1987, eco193, 150, 89.56, 10.72, 93, 293, 0, 
1988, eco193, 150, 85.03, 10.47, 102, 291, 0, 
1979, eco194, 151, 71.28, 10.65, 69, 291, 0, 
1980, eco194, 151, 62.21, 10.75, 98, 291, 0, 
1981, eco194, 151, 87.56, 11.27, 85, 277, 0, 
1982, eco194, 151, 86.1, 9.54, 110, 291, 0, 
1983, eco194, 151, 102.19, 10.32, 106, 301, 0, 
1984, eco194, 151, 71, 10.48, 106, 287, 0, 
1985, eco194, 151, 41.66, 9.7, 96, 266, 0, 
1986, eco194, 151, 67.68, 11.09, 56, 254, 0, 
1987, eco194, 151, 59.97, 11.11, 83, 291, 0, 
1988, eco194, 151, 56.3, 10.77, 92, 291, 0, 
1979, eco195, 152, 64.27, 10.8, 59, 291, 0, 
1980, eco195, 152, 55.66, 10.85, 91, 291, 0, 
1981, eco195, 152, 79.61, 11.43, 78, 277, 0, 
1982, eco195, 152, 75.43, 9.63, 105, 291, 0, 
1983, eco195, 152, 90.13, 10.49, 38, 302, 0, 
1984, eco195, 152, 59.57, 10.69, 73, 288, 0, 
1985, eco195, 152, 37.27, 9.8, 93, 266, 0, 
1986, eco195, 152, 59.48, 11.19, 47, 254, 0, 
1987, eco195, 152, 50.72, 11.12, 81, 291, 0, 
1988, eco195, 152, 49.11, 10.8, 90, 291, 0, 
1979, eco197, 153, 160.95, 12.44, 0, 365, 0, 
1980, eco197, 153, 132.06, 11.93, 0, 365, 0, 
1981, eco197, 153, 191.35, 12.38, 0, 365, 0, 
1982, eco197, 153, 183.03, 11.62, 0, 365, 0, 
1983, eco197, 153, 228.2, 12.84, 0, 365, 0, 
1984, eco197, 153, 159.76, 11.71, 0, 365, 0, 
1985, eco197, 153, 102.21, 11.11, 0, 320, 0, 
1986, eco197, 153, 179.06, 12.33, 0, 365, 0, 
1987, eco197, 153, 136.26, 11.92, 0, 365, 0, 
1988, eco197, 153, 130.57, 11.45, 0, 351, 0, 
1979, eco198, 154, 196.43, 13.19, 0, 365, 0, 
1980, eco198, 154, 163.14, 12.79, 0, 365, 0, 
1981, eco198, 154, 231.93, 13.18, 0, 365, 0, 
1982, eco198, 154, 220.1, 12.38, 0, 320, 0, 
1983, eco198, 154, 271.75, 13.5, 0, 365, 0, 
1984, eco198, 154, 191.61, 12.55, 0, 330, 0, 
1985, eco198, 154, 118.7, 12.13, 0, 300, 0, 
1986, eco198, 154, 214.69, 13.23, 0, 365, 0, 
1987, eco198, 154, 165.7, 12.86, 0, 348, 0, 
1988, eco198, 154, 157.98, 12.38, 0, 334, 0, 
1979, eco199, 155, 265.41, 12.57, 0, 309, 0, 
1980, eco199, 155, 220.38, 12.25, 0, 365, 0, 
1981, eco199, 155, 325.4, 12.67, 0, 365, 0, 
1982, eco199, 155, 332.72, 11.77, 0, 305, 0, 
1983, eco199, 155, 405.71, 12.41, 0, 313, 0, 
1984, eco199, 155, 280.74, 11.91, 0, 319, 0, 
1985, eco199, 155, 155.88, 11.76, 76, 291, 0, 
1986, eco199, 155, 299.15, 12.91, 0, 365, 0, 
1987, eco199, 155, 218.93, 12.68, 0, 323, 0, 
1988, eco199, 155, 218.71, 12.32, 0, 309, 0, 
1979, eco200, 156, 262.93, 11.79, 0, 296, 0, 
1980, eco200, 156, 218.34, 11.64, 78, 309, 0, 
1981, eco200, 156, 325.35, 12.15, 0, 290, 0, 
1982, eco200, 156, 331.97, 10.81, 100, 292, 0, 
1983, eco200, 156, 400.39, 11.34, 0, 319, 0, 
1984, eco200, 156, 280.01, 11.1, 44, 313, 0, 
1985, eco200, 156, 155.92, 11.05, 88, 278, 0, 
1986, eco200, 156, 295.14, 12.38, 15, 309, 0, 
1987, eco200, 156, 217.81, 12.25, 44, 318, 0, 
1988, eco200, 156, 217.85, 12.06, 81, 312, 0, 
1979, eco201, 157, 233.67, 10.86, 108, 291, 0, 
1980, eco201, 157, 198.16, 10.65, 108, 298, 0, 
1981, eco201, 157, 283.54, 11.07, 103, 279, 0, 
1982, eco201, 157, 282.07, 9.82, 118, 291, 0, 
1983, eco201, 157, 341.83, 10.11, 114, 291, 0, 
1984, eco201, 157, 237.22, 10.08, 118, 281, 0, 
1985, eco201, 157, 136.57, 10.25, 96, 267, 0, 
1986, eco201, 157, 260.79, 11.49, 113, 257, 0, 
1987, eco201, 157, 200.3, 11.4, 88, 305, 0, 
1988, eco201, 157, 191.39, 11.21, 98, 291, 0, 
1979, eco202, 158, 232.53, 10.53, 110, 292, 0, 
1980, eco202, 158, 200.42, 10.38, 112, 299, 0, 
1981, eco202, 158, 284.14, 10.75, 108, 285, 0, 
1982, eco202, 158, 283.15, 9.43, 119, 291, 0, 
1983, eco202, 158, 337.73, 9.75, 115, 291, 0, 
1984, eco202, 158, 236.66, 9.78, 120, 280, 0, 
1985, eco202, 158, 133.8, 9.96, 98, 273, 0, 
1986, eco202, 158, 255.74, 11.14, 114, 300, 0, 
1987, eco202, 158, 198.5, 11.12, 90, 297, 0, 
1988, eco202, 158, 191.78, 10.94, 101, 291, 0, 
1979, eco203, 159, 196.92, 11.28, 72, 291, 0, 
1980, eco203, 159, 167.97, 11.35, 103, 298, 0, 
1981, eco203, 159, 238.36, 11.55, 95, 285, 0, 
1982, eco203, 159, 251.48, 10.06, 114, 291, 0, 
1983, eco203, 159, 297.62, 10.49, 111, 292, 0, 
1984, eco203, 159, 198.94, 10.48, 114, 279, 0, 
1985, eco203, 159, 106.24, 10.67, 94, 274, 0, 
1986, eco203, 159, 196.8, 11.82, 109, 298, 0, 
1987, eco203, 159, 159.21, 11.84, 84, 300, 0, 
1988, eco203, 159, 150.89, 11.56, 94, 291, 0, 
1979, eco204, 160, 163.84, 10.8, 109, 293, 0, 
1980, eco204, 160, 140.81, 10.81, 110, 296, 0, 
1981, eco204, 160, 196.97, 11.06, 105, 297, 0, 
1982, eco204, 160, 212.71, 9.58, 118, 291, 0, 
1983, eco204, 160, 248.56, 9.91, 114, 291, 0, 
1984, eco204, 160, 170.75, 9.99, 118, 271, 0, 
1985, eco204, 160, 89.59, 10.36, 97, 280, 0, 
1986, eco204, 160, 162.9, 11.39, 113, 257, 0, 
1987, eco204, 160, 131.04, 11.53, 89, 295, 0, 
1988, eco204, 160, 121.13, 11.33, 100, 291, 0, 
1979, eco205, 161, 113.97, 10.6, 62, 293, 0, 
1980, eco205, 161, 97.35, 10.62, 92, 298, 0, 
1981, eco205, 161, 133.87, 10.97, 78, 290, 0, 
1982, eco205, 161, 138.06, 9.49, 108, 291, 0, 
1983, eco205, 161, 169.1, 10, 105, 298, 0, 
1984, eco205, 161, 113.06, 9.93, 65, 285, 0, 
1985, eco205, 161, 61.83, 10.08, 90, 283, 0, 
1986, eco205, 161, 112.22, 11.23, 26, 299, 0, 
1987, eco205, 161, 92.03, 11.37, 72, 299, 0, 
1988, eco205, 161, 84.83, 11.11, 85, 295, 0, 
1979, eco206, 162, 76.35, 10.23, 60, 293, 0, 
1980, eco206, 162, 65.81, 10.23, 88, 299, 0, 
1981, eco206, 162, 87, 10.65, 72, 314, 0, 
1982, eco206, 162, 91.43, 9.12, 107, 291, 0, 
1983, eco206, 162, 115.54, 9.65, 26, 300, 0, 
1984, eco206, 162, 77.86, 9.55, 62, 284, 0, 
1985, eco206, 162, 43.62, 9.67, 90, 286, 0, 
1986, eco206, 162, 73.19, 10.85, 22, 300, 0, 
1987, eco206, 162, 64.74, 11.01, 65, 300, 0, 
1988, eco206, 162, 60.22, 10.8, 83, 295, 0, 
1979, eco209, 163, 221.16, 9.75, 63, 298, 0, 
1980, eco209, 163, 194.18, 9.74, 96, 302, 0, 
1981, eco209, 163, 269.33, 10.08, 84, 307, 0, 
1982, eco209, 163, 270.22, 8.64, 111, 291, 0, 
1983, eco209, 163, 321.59, 9.03, 108, 296, 0, 
1984, eco209, 163, 225.65, 8.99, 108, 276, 0, 
1985, eco209, 163, 124.74, 9.35, 91, 285, 0, 
1986, eco209, 163, 242.23, 10.37, 105, 301, 0, 
1987, eco209, 163, 190.6, 10.51, 77, 299, 0, 
1988, eco209, 163, 188.41, 10.39, 87, 294, 0, 
1979, eco212, 164, 202.42, 13.2, 0, 365, 0, 
1980, eco212, 164, 168.45, 12.9, 0, 365, 0, 
1981, eco212, 164, 238.89, 13.2, 0, 365, 0, 
1982, eco212, 164, 225.44, 12.44, 0, 365, 0, 
1983, eco212, 164, 273.45, 13.44, 0, 365, 0, 
1984, eco212, 164, 199.11, 12.65, 0, 333, 0, 
1985, eco212, 164, 122.91, 12.41, 0, 300, 0, 
1986, eco212, 164, 224.5, 13.36, 0, 365, 0, 
1987, eco212, 164, 172.38, 13.12, 0, 351, 0, 
1988, eco212, 164, 164.34, 12.58, 0, 338, 0, 
1979, eco213, 165, 271.29, 12.39, 0, 307, 0, 
1980, eco213, 165, 228.15, 12.18, 0, 365, 0, 
1981, eco213, 165, 333.02, 12.64, 0, 365, 0, 
1982, eco213, 165, 329.82, 11.68, 0, 306, 0, 
1983, eco213, 165, 394.85, 12.4, 0, 365, 0, 
1984, eco213, 165, 279.66, 11.96, 0, 325, 0, 
1985, eco213, 165, 160.91, 11.69, 76, 291, 0, 
1986, eco213, 165, 303.96, 12.82, 0, 351, 0, 
1987, eco213, 165, 226.29, 12.61, 0, 328, 0, 
1988, eco213, 165, 224.14, 12.21, 0, 317, 0, 
1979, eco214, 166, 288.62, 11.42, 0, 295, 0, 
1980, eco214, 166, 242.39, 11.32, 75, 307, 0, 
1981, eco214, 166, 357.43, 11.86, 0, 365, 0, 
1982, eco214, 166, 356.41, 10.54, 99, 292, 0, 
1983, eco214, 166, 423.8, 11.14, 0, 328, 0, 
1984, eco214, 166, 301.74, 10.88, 46, 312, 0, 
1985, eco214, 166, 170.49, 10.77, 89, 282, 0, 
1986, eco214, 166, 324.19, 12.04, 0, 308, 0, 
1987, eco214, 166, 238.79, 11.96, 43, 314, 0, 
1988, eco214, 166, 240.24, 11.74, 83, 309, 0, 
1979, eco215, 167, 238.27, 10.75, 48, 291, 0, 
1980, eco215, 167, 202.75, 10.7, 82, 299, 0, 
1981, eco215, 167, 288.3, 11.21, 0, 280, 0, 
1982, eco215, 167, 283.15, 9.68, 109, 291, 0, 
1983, eco215, 167, 344.82, 10.27, 15, 321, 0, 
1984, eco215, 167, 240.54, 10.07, 55, 284, 0, 
1985, eco215, 167, 137.1, 10, 92, 268, 0, 
1986, eco215, 167, 267.94, 11.38, 23, 300, 0, 
1987, eco215, 167, 202.68, 11.22, 59, 314, 0, 
1988, eco215, 167, 196.98, 11.13, 86, 313, 0, 
1979, eco216, 168, 204.03, 10.75, 63, 292, 0, 
1980, eco216, 168, 175.1, 10.67, 96, 301, 0, 
1981, eco216, 168, 245.52, 11.1, 84, 285, 0, 
1982, eco216, 168, 246.43, 9.71, 111, 291, 0, 
1983, eco216, 168, 297.83, 10.13, 108, 299, 0, 
1984, eco216, 168, 204.85, 10.06, 108, 284, 0, 
1985, eco216, 168, 116.42, 10.15, 92, 274, 0, 
1986, eco216, 168, 223.22, 11.42, 105, 302, 0, 
1987, eco216, 168, 174.67, 11.4, 78, 307, 0, 
1988, eco216, 168, 168.83, 11.21, 88, 297, 0, 
1979, eco226, 169, 217.44, 13.13, 0, 365, 0, 
1980, eco226, 169, 183.22, 12.85, 0, 365, 0, 
1981, eco226, 169, 260.06, 13.15, 0, 365, 0, 
1982, eco226, 169, 246.38, 12.45, 0, 365, 0, 
1983, eco226, 169, 300.53, 13.37, 0, 365, 0, 
1984, eco226, 169, 221.31, 12.72, 0, 334, 0, 
1985, eco226, 169, 134.14, 12.57, 0, 300, 0, 
1986, eco226, 169, 246.31, 13.38, 0, 365, 0, 
1987, eco226, 169, 186.25, 13.26, 0, 351, 0, 
1988, eco226, 169, 181.53, 12.67, 0, 344, 0, 
1979, eco227, 170, 245.83, 12.8, 0, 365, 0, 
1980, eco227, 170, 207.77, 12.53, 0, 365, 0, 
1981, eco227, 170, 298.24, 12.82, 0, 365, 0, 
1982, eco227, 170, 285.73, 12.1, 0, 365, 0, 
1983, eco227, 170, 343.08, 13.05, 0, 365, 0, 
1984, eco227, 170, 248.6, 12.37, 0, 332, 0, 
1985, eco227, 170, 149.58, 12.18, 0, 299, 0, 
1986, eco227, 170, 275.68, 13.03, 0, 365, 0, 
1987, eco227, 170, 208.13, 12.87, 0, 347, 0, 
1988, eco227, 170, 204, 12.29, 0, 339, 0, 
