Time,ClimateRegionName,ClimateRegionIndex,NumSites,NEEC,SOMTC,AGB,AG_NPPC,BG_NPPC,Litterfall,AgeMortality,MineralN,TotalN,GrossMineralization,C_LiveLeaf,C_LiveFRoot,C_LiveWood,C_LiveCRoot,C_DeadWood,C_DeadCRoot,C_DeadLeaf_Struc,C_DeadLeaf_Meta,C_DeadFRoot_Struc,C_DeadFRoot_Meta,C_SOM1surf,C_SOM1soil,C_SOM2,C_SOM3,N_Leaf,N_FRoot,N_Wood,N_CRoot,N_DeadWood,N_DeadCRoot,N_DeadLeaf_Struc,N_DeadLeaf_Meta,N_DeadFRoot_Struc,N_DeadFRoot_Meta,N_SOM1surf,N_SOM1soil,N_SOM2,N_SOM3,SurfStrucNetMin,SurfMetaNetMin,SoilStrucNetMin,SoilMetaNetMin,SOM1surfNetMin,SOM1soilNetMin,SOM2NetMin,SOM3NetMin,TotalNdep,LeachedC,LeachedN,FireCEfflux,FireNEfflux,Nuptake,Nresorbed,TotalSoilN,Nvol,FrassC,
0, eco121, 89, 1, 0, 3932.6, 1698, 0, 0, 0, 0, 5.5, 209.5, 0, 0, 0, 798.1, 239.4, 336.6, 545.4, 257.5, 45.4, 0, 0, 70.4, 1259, 1344.1, 1259, 0, 0, 2.3, 1, 1.7, 2.7, 1.3, 4.5, 0, 0, 35.2, 62.9, 70.4, 21.9, 0, 0, 0, 0, 0, 0, 0, 0, 0, 0, 0, 0, 0, 0, 0, 201.8, 0, 0, 
1, eco121, 89, 1, 424.7, 3437.3, 2119, 207.7, 91.5, 7.5, 5.7, 3.02, 209.9, 36.8, 56, 42.6, 936.6, 281, 341.7, 546.9, 42.9, 37.8, 2.3, 2.8, 180.2, 1645.5, 348.7, 1263, 1.5, 0.9, 2.7, 1.2, 1.7, 2.7, 0.2, 3.6, 0, 0.1, 32.8, 116.2, 20.6, 22.7, 0.5, 0.6, 0, 0, 2.3, 1.4, -4.5, 0, 0.31, 2.4, 0.16, 0, 0, 2.9, 0.1, 199.3, 0.06, 0, 
2, eco121, 89, 1, -194.8, 3235.7, 2695, 318.2, 140, 30.8, 16.8, 6.4, 211, 17.5, 124.2, 94.4, 1146, 343.8, 355.5, 551.3, 18.7, 38.5, 10.1, 13, 186.4, 1686.5, 98.6, 1264.3, 3.3, 2, 3.3, 1.5, 1.7, 2.8, 0.1, 3, 0.1, 0.5, 29.8, 126.5, 7.1, 23, 0.1, 0.4, 0, -0.1, 2.2, 2.8, 1.6, 0, 0.3, 1.54, 0.13, 0, 0, 3.9, 0.4, 196.5, 0.07, 0, 
3, eco121, 89, 1, -288.3, 3148.9, 3158, 297.1, 130.8, 51, 29.1, 10.06, 211.6, 10.5, 163.7, 124.4, 1323.6, 397.1, 377.4, 558.4, 27.7, 45.7, 21.6, 28.5, 183.7, 1647.6, 52.6, 1265.1, 4.3, 2.6, 3.8, 1.8, 1.8, 2.8, 0.1, 2.8, 0.1, 1, 27.2, 125.9, 4.2, 23.2, 0, 0.3, 0, -0.1, 2.2, 2.7, 1.8, 0, 0.32, 2.46, 0.22, 0, 0, 3.4, 0.7, 194.6, 0.14, 0, 
4, eco121, 89, 1, -297.2, 3086.9, 3569, 304.2, 133.9, 61.8, 48, 13.4, 212.1, 9.9, 194.7, 148, 1487, 446.1, 411.9, 569.1, 38.5, 54.8, 31.9, 43.2, 186.8, 1593.5, 41, 1265.6, 5, 3.1, 4.2, 2, 1.9, 2.8, 0.2, 2.7, 0.2, 1.5, 25, 123.4, 3.2, 23.3, 0.1, 0.1, 0, -0.2, 2.1, 3.1, 1.5, 0, 0.31, 2.28, 0.23, 0, 0, 3.5, 0.8, 193, 0.2, 0, 
5, eco121, 89, 1, -312.1, 3050.9, 3932, 315.2, 138.8, 71.9, 74.9, 15.69, 212.5, 9, 218.9, 166.4, 1631.2, 489.4, 463, 585.7, 48.5, 64.6, 43.3, 59.4, 196.7, 1547.4, 40.7, 1266.2, 5.6, 3.4, 4.6, 2.2, 2, 2.9, 0.2, 2.7, 0.2, 2.1, 23.1, 121.1, 2.9, 23.5, 0.1, 0, 0, -0.3, 2.2, 2.8, 0.9, 0, 0.34, 2.81, 0.3, 0, 0, 3.5, 1, 191.7, 0.25, 0, 
6, eco121, 89, 1, -247.3, 3028.6, 4202, 277.2, 122, 73.6, 79.5, 17.69, 212.9, 8.5, 230.5, 175.2, 1746.4, 523.9, 512.2, 600.4, 56.6, 73.7, 51.2, 71.7, 211.7, 1507.9, 42.4, 1266.6, 5.9, 3.6, 5, 2.4, 2.1, 3, 0.3, 2.8, 0.3, 2.6, 21.7, 119.2, 2.8, 23.7, 0.1, -0.1, 0, -0.4, 1.9, 2.9, 0.5, 0, 0.29, 1.59, 0.18, 0, 0, 3, 1, 191, 0.28, 0, 
7, eco121, 89, 1, -290.8, 3007.6, 4538, 335.2, 147.6, 80.8, 97.5, 19.53, 213.7, 10.1, 252.5, 191.9, 1884.1, 565.2, 568, 614.3, 62.8, 82, 55.2, 80, 232, 1465.8, 42.9, 1266.9, 6.5, 4, 5.3, 2.6, 2.2, 3, 0.3, 2.9, 0.3, 2.9, 20.5, 117.2, 2.7, 23.8, 0.1, -0.1, 0.1, -0.5, 2, 3.5, 0.4, 0, 0.27, 0.9, 0.12, 0, 0, 3.5, 1.1, 190.1, 0.31, 0, 
8, eco121, 89, 1, -357.3, 3004, 4937, 390, 171.7, 89.4, 112.8, 20.08, 214.5, 9.7, 282.1, 214.4, 2042.3, 612.7, 626.4, 629.7, 66.6, 89.4, 61.3, 90.3, 257.8, 1434.4, 44.4, 1267.4, 7.3, 4.5, 5.8, 2.8, 2.4, 3.1, 0.3, 3, 0.3, 3.3, 19.3, 115.9, 2.5, 24, 0.1, -0.2, 0.1, -0.5, 2.1, 3.3, -0.1, 0, 0.31, 1.78, 0.21, 0, 0, 4.2, 1.2, 188.7, 0.33, 0, 
9, eco121, 89, 1, -245.1, 3007.2, 5197, 300, 132.1, 92.5, 88, 20.74, 214.9, 8.3, 281.1, 213.6, 2162.8, 648.8, 664.4, 636.8, 76.7, 100.8, 68.5, 101.7, 281.6, 1411.6, 46.4, 1267.6, 7.2, 4.4, 6.1, 3, 2.4, 3.1, 0.4, 3.3, 0.3, 3.7, 18.6, 115, 2.5, 24.1, 0.1, -0.2, 0.1, -0.5, 1.6, 3, -0.3, 0, 0.29, 1.77, 0.21, 0, 0, 3, 1.2, 188.6, 0.34, 0, 
10, eco121, 89, 1, -319.9, 3018.7, 5581, 389.2, 171.4, 93.6, 117.4, 20.5, 215.7, 10.1, 306.9, 233.2, 2317.8, 695.3, 714.7, 645, 74.5, 104.9, 68.6, 104.8, 312.4, 1392.3, 46.1, 1267.9, 7.9, 4.8, 6.6, 3.2, 2.5, 3.1, 0.4, 3.4, 0.3, 3.8, 18, 114.5, 2.4, 24.2, 0.1, -0.3, 0.1, -0.7, 1.9, 3.6, -0.8, 0, 0.29, 1.43, 0.18, 0, 0, 4.2, 1.2, 187.5, 0.35, 0, 
11, eco121, 89, 1, -313.1, 3033, 5927, 389.5, 171.5, 105.1, 122.5, 20.24, 216.3, 10.1, 321.3, 244.2, 2468.4, 740.5, 764.4, 650.4, 81.3, 112.7, 72.1, 111.1, 342.1, 1374.9, 47.7, 1268.3, 8.2, 5, 7, 3.4, 2.7, 3.1, 0.4, 3.6, 0.4, 4, 17.4, 114.1, 2.4, 24.4, 0.1, -0.3, 0.1, -0.7, 1.8, 3.7, -0.9, 0, 0.29, 1.56, 0.17, 0, 0, 4.1, 1.4, 186.8, 0.34, 0, 
12, eco121, 89, 1, -317.5, 3052.5, 6281, 393.7, 173.4, 108.6, 121.1, 19.46, 216.9, 9.7, 332.9, 253, 2620.7, 786.2, 812.9, 653.4, 88.8, 121.8, 75.7, 117.4, 372.1, 1363.2, 48.6, 1268.5, 8.5, 5.2, 7.4, 3.6, 2.8, 3.2, 0.5, 3.8, 0.4, 4.2, 17.1, 114, 2.3, 24.5, 0.1, -0.3, 0.1, -0.8, 1.6, 3.6, -1.1, 0, 0.28, 1.6, 0.17, 0, 0, 4.2, 1.4, 186.2, 0.33, 0, 
13, eco121, 89, 1, -277.6, 3086.5, 6564, 362.7, 159.6, 110.1, 123.5, 18.73, 217.8, 8.8, 333.9, 253.8, 2751.2, 825.4, 856.1, 659.1, 91.4, 128.3, 82.3, 127.1, 404.3, 1358.5, 54.7, 1268.9, 8.6, 5.3, 7.8, 3.8, 2.9, 3.2, 0.5, 4, 0.4, 4.6, 16.9, 114.3, 2.4, 24.7, 0.1, -0.3, 0.1, -0.7, 1.6, 3.1, -1.3, 0, 0.29, 1.15, 0.15, 0, 0, 3.5, 1.5, 186.4, 0.32, 0, 
14, eco121, 89, 1, -444.5, 3123.3, 7025, 499.1, 219.8, 116.7, 164.9, 16.06, 219.4, 9.5, 370.8, 281.8, 2936.5, 881, 930.7, 671.8, 93.8, 134.4, 86.2, 134.5, 438.4, 1360.7, 54.9, 1269.4, 9.7, 5.9, 8.3, 4.1, 3.1, 3.2, 0.5, 4.1, 0.4, 4.9, 16.8, 115.3, 2.3, 24.8, 0.1, -0.3, 0.1, -0.8, 1.7, 3.4, -1.8, 0, 0.29, 1.4, 0.17, 0, 0, 5.2, 1.6, 185.2, 0.3, 0, 
15, eco121, 89, 1, -374.7, 3162.9, 7414, 464.5, 204.5, 128.6, 153.3, 14, 220.5, 10.1, 383.9, 291.8, 3106, 931.8, 989.1, 675.1, 101.5, 144.3, 89.5, 141.4, 473.1, 1364.6, 55.5, 1269.7, 10, 6.1, 8.8, 4.3, 3.2, 3.2, 0.5, 4.4, 0.5, 5.1, 16.8, 116.3, 2.3, 25, 0.1, -0.4, 0.1, -0.9, 1.6, 3.8, -1.9, 0, 0.3, 2.35, 0.25, 0, 0, 4.6, 1.8, 184.9, 0.25, 0, 
16, eco121, 89, 1, -307.9, 3209.2, 7723, 409.9, 180.5, 127.9, 136.6, 12.19, 221.6, 9.3, 381, 289.6, 3254.5, 976.4, 1029.5, 676.3, 107.7, 153.4, 95.5, 150.9, 507.1, 1372.3, 59.8, 1270, 9.9, 6.1, 9.2, 4.5, 3.3, 3.2, 0.5, 4.7, 0.5, 5.5, 16.9, 117.6, 2.4, 25.1, 0.1, -0.4, 0.1, -0.9, 1.6, 3.4, -2, 0, 0.28, 1.08, 0.13, 0, 0, 4, 1.8, 185.4, 0.22, 0, 
17, eco121, 89, 1, -402.7, 3266.5, 8155, 493.1, 217.1, 128.5, 161.5, 8.99, 222.9, 9.6, 402.8, 306.2, 3436.1, 1030.8, 1077.2, 684.8, 103.4, 155.6, 101, 159.7, 544.9, 1386.7, 64.2, 1270.6, 10.5, 6.4, 9.7, 4.8, 3.4, 3.2, 0.5, 4.8, 0.5, 5.8, 17.1, 119.6, 2.3, 25.3, 0.2, -0.4, 0.1, -0.9, 1.8, 3.3, -2.5, 0, 0.33, 2.49, 0.27, 0, 0, 5, 1.8, 184.9, 0.19, 0, 
18, eco121, 89, 1, -349.6, 3319.9, 8526, 463.4, 204, 137.1, 152.3, 6.24, 224.1, 9.9, 407, 309.3, 3606, 1081.8, 1114.2, 686.9, 108.8, 162.1, 106.4, 168.3, 579.1, 1402.6, 67.1, 1271.2, 10.6, 6.5, 10.2, 5, 3.5, 3.2, 0.6, 4.9, 0.5, 6.1, 17.2, 121.6, 2.4, 25.5, 0.2, -0.4, 0.1, -1, 1.7, 3.5, -2.7, 0, 0.33, 3.17, 0.31, 0, 0, 4.6, 1.9, 185.1, 0.13, 0, 
19, eco121, 89, 1, -381.5, 3375.1, 9002, 525.2, 231.3, 140, 162.1, 2.97, 225.5, 11.9, 427.2, 324.7, 3808.8, 1142.6, 1147.6, 681.1, 108.2, 164.8, 103.5, 166.8, 614.5, 1422.5, 66.5, 1271.7, 11.1, 6.8, 10.7, 5.3, 3.6, 3.2, 0.6, 5, 0.5, 6.1, 17.5, 124.1, 2.4, 25.7, 0.2, -0.5, 0.1, -1.2, 1.9, 4.4, -3.2, 0, 0.3, 1.67, 0.16, 0, 0, 5.4, 1.9, 184.8, 0.08, 0, 
20, eco121, 89, 1, -278.9, 3429.6, 9548, 431.6, 190, 138.9, 138.1, 1.42, 226.6, 11, 419.9, 319.1, 3970.7, 1191.2, 1161.7, 675.5, 109.6, 168.9, 107.3, 172.3, 646.5, 1441.2, 69.7, 1272.2, 10.8, 6.6, 11.2, 5.5, 3.6, 3.2, 0.6, 5.1, 0.5, 6.3, 17.7, 126, 2.1, 25.9, 0.2, -0.5, 0.1, -0.7, 1.8, 4.4, -3.2, 0, 0.34, 3.45, 0.31, 0, 0, 4.2, 1.9, 185.6, 0.04, 0, 
21, eco121, 89, 1, -281.4, 3478.3, 9817, 401.1, 176.5, 139.8, 135.3, 1.08, 229, 10, 433.4, 329.4, 4185.9, 1255.8, 1192.1, 675.4, 122.5, 180.2, 116.7, 183.7, 673.1, 1458.3, 74.3, 1272.7, 11, 6.8, 11.7, 5.8, 3.7, 3.2, 0.6, 5.5, 0.6, 6.7, 18, 126.8, 1.7, 26, 0.1, -0.4, 0.1, 0, 1.5, 4.8, -3.2, 0, 0.29, 1.67, 0.15, 0, 0, 3.8, 1.9, 186.9, 0.02, 0, 
22, eco121, 89, 1, -373.9, 3535.9, 10241, 502, 220.9, 138.4, 163.7, 0.66, 230.4, 11.5, 447.8, 340.4, 4371.3, 1311.4, 1230.5, 678.2, 121.2, 182, 119.3, 187.3, 703.8, 1481.5, 77.3, 1273.3, 11.3, 7, 12.3, 6, 3.8, 3.2, 0.6, 5.5, 0.6, 6.8, 18.3, 126.8, 1.4, 26.1, 0.2, -0.5, 0.1, 0.3, 1.8, 5.8, -3.6, 0, 0.29, 1.99, 0.17, 0, 0, 5.1, 1.8, 186.8, 0.02, 0, 
23, eco121, 89, 1, -310.5, 3588, 10609, 477.6, 210.1, 142.3, 161.1, 0.7, 231.7, 12.4, 450.8, 342.6, 4542.5, 1362.8, 1262.4, 673.3, 123.4, 184.6, 117.4, 185.7, 732.8, 1505.7, 75.7, 1273.8, 11.3, 7, 12.7, 6.3, 3.9, 3.1, 0.6, 5.6, 0.6, 6.8, 18.6, 126.9, 1.3, 26.2, 0.2, -0.5, 0.1, 0.3, 1.8, 6.5, -4.4, 0, 0.29, 2.33, 0.2, 0, 0, 4.6, 1.9, 187.3, 0.02, 0, 
24, eco121, 89, 1, -325.4, 3642.7, 10958, 455.5, 200.4, 138.6, 154.4, 0.56, 232.9, 10.4, 450.8, 342.6, 4705, 1411.5, 1296.3, 676.3, 126.9, 188.8, 123.1, 192.8, 759.8, 1527.4, 81, 1274.4, 11.3, 7, 13.2, 6.5, 4, 3.1, 0.6, 5.7, 0.6, 7, 18.9, 126.7, 1.3, 26.3, 0.2, -0.4, 0.1, 0.3, 1.7, 5.3, -3.3, 0, 0.3, 1.94, 0.17, 0, 0, 4.5, 1.8, 187.8, 0.02, 0, 
25, eco121, 89, 1, -297, 3701.6, 11266, 431, 189.6, 138.4, 147.8, 0.31, 234, 9.6, 443.4, 337, 4857.2, 1457.2, 1318.4, 681.8, 128.1, 191.2, 132.2, 204, 786.4, 1551.1, 88.8, 1275.3, 11, 6.9, 13.6, 6.7, 4, 3.2, 0.7, 5.8, 0.7, 7.4, 19.3, 126.8, 1.3, 26.4, 0.2, -0.5, 0.1, 0.3, 1.7, 4.7, -3.2, 0, 0.29, 1.63, 0.14, 0, 0, 4.2, 1.8, 188.6, 0.01, 0, 
26, eco121, 89, 1, -298.9, 3753.8, 11638, 479.9, 211.1, 135.6, 169, 0.51, 235.9, 12, 453.7, 344.8, 5022.1, 1506.6, 1349.5, 680.9, 122.7, 188.5, 126.8, 199.1, 812.7, 1582.6, 82.5, 1276, 11.3, 7.1, 14, 6.9, 4.1, 3.2, 0.6, 5.7, 0.6, 7.2, 19.5, 127.3, 1.2, 26.5, 0.2, -0.5, 0.1, 0.5, 1.9, 6.2, -4.5, 0, 0.3, 2.49, 0.2, 0, 0, 4.2, 1.7, 189.3, 0.01, 0, 
27, eco121, 89, 1, -307.5, 3808.6, 12029, 502, 220.8, 141.2, 176.8, 0.61, 237.6, 12.6, 465.1, 353.5, 5194.7, 1558.4, 1373.8, 679.5, 117, 184.3, 122.7, 195, 837.9, 1611.5, 82.4, 1276.8, 11.6, 7.3, 14.5, 7.2, 4.2, 3.1, 0.6, 5.6, 0.6, 7.1, 19.8, 127.6, 1.2, 26.6, 0.2, -0.5, 0.1, 0.5, 2.1, 6.4, -4.6, 0, 0.32, 3.42, 0.28, 0, 0, 4.6, 1.8, 189.7, 0.01, 0, 
28, eco121, 89, 1, -282.5, 3859.8, 12350, 450, 197.9, 143.2, 155.8, 0.42, 238.8, 10.8, 458.8, 348.7, 5352, 1605.6, 1389.8, 679.6, 122.6, 186.7, 127.9, 201.3, 858.6, 1634.6, 89, 1277.6, 11.4, 7.1, 14.9, 7.4, 4.2, 3.1, 0.6, 5.7, 0.6, 7.3, 20, 127.9, 1.3, 26.7, 0.2, -0.5, 0.1, 0.4, 1.9, 5.4, -3.9, 0, 0.31, 2.44, 0.2, 0, 0, 4.3, 1.8, 190.6, 0.01, 0, 
29, eco121, 89, 1, -294.8, 3903, 12748, 496.9, 218.6, 141.9, 168.1, 0.55, 240.3, 13, 468.1, 355.8, 5529.7, 1658.9, 1411.3, 671.9, 123.4, 186.9, 122, 194.7, 878.8, 1661.3, 84.7, 1278.2, 11.6, 7.3, 15.4, 7.6, 4.3, 3.1, 0.6, 5.7, 0.6, 7.1, 20.2, 128.1, 1.3, 26.8, 0.2, -0.5, 0.1, 0.5, 2, 6.8, -4.7, 0, 0.28, 1.8, 0.14, 0, 0, 4.8, 1.8, 191, 0.01, 0, 
30, eco121, 89, 1, -248.2, 3946.8, 13068, 444, 195.3, 141.9, 152, 0.35, 241.7, 11.8, 461.3, 350.6, 5686.7, 1706, 1422.3, 665.4, 126.2, 189.4, 122.7, 195.1, 897.9, 1683.6, 86.5, 1278.9, 11.4, 7.2, 15.9, 7.8, 4.3, 3.1, 0.6, 5.8, 0.6, 7.1, 20.4, 128.9, 1.4, 26.9, 0.2, -0.5, 0.1, 0.4, 1.9, 6, -4.7, 0, 0.28, 1.38, 0.11, 0, 0, 4.1, 1.8, 192, 0.01, 0, 
31, eco121, 89, 1, -246, 3992.2, 13398, 452.1, 198.8, 135.8, 163.3, 0.53, 244, 12, 462.9, 351.8, 5838.2, 1751.5, 1437, 663.4, 119.1, 186.5, 121.1, 193.2, 917.4, 1710.2, 84.9, 1279.7, 11.5, 7.2, 16.3, 8, 4.3, 3, 0.6, 5.7, 0.6, 7, 20.6, 130.3, 1.3, 27.1, 0.2, -0.5, 0.1, 0.5, 2, 5.9, -5.3, 0, 0.28, 1.59, 0.12, 0, 0, 3.3, 1.7, 193.7, 0.01, 0, 
32, eco121, 89, 1, -203.9, 4037.6, 13637, 397.7, 174.8, 136.5, 148.2, 0.59, 245.1, 10.5, 447.8, 340.3, 5968.5, 1790.6, 1440.7, 663.1, 120.5, 186.3, 126.4, 198.9, 932.8, 1729.4, 94.8, 1280.6, 11, 6.9, 16.6, 8.2, 4.3, 3, 0.6, 5.7, 0.6, 7.2, 20.8, 130.8, 1.4, 27.2, 0.2, -0.5, 0.1, 0.3, 2, 5, -4, 0, 0.32, 3.49, 0.27, 0, 0, 3.6, 1.7, 194.9, 0.02, 0, 
33, eco121, 89, 1, -226.6, 4075.3, 13996, 457.4, 201.1, 134.8, 168, 0.51, 246.7, 12.7, 452, 343.5, 6119, 1835.7, 1449.8, 658.6, 115.2, 181.3, 121.6, 193.2, 947.1, 1755, 91.6, 1281.6, 11.1, 7, 17.1, 8.4, 4.4, 3, 0.6, 5.5, 0.6, 7, 20.9, 131.9, 1.4, 27.3, 0.2, -0.5, 0.1, 0.4, 2.2, 6.3, -5.2, 0, 0.29, 2.05, 0.16, 0, 0, 4.2, 1.7, 195.7, 0.01, 0, 
34, eco121, 89, 1, -274.3, 4113.6, 14334, 455.8, 200.5, 135.7, 164.2, 0.56, 248.6, 11.1, 459.2, 349, 6281.1, 1884.3, 1466, 661.7, 117, 181.5, 125.4, 197.4, 959.1, 1776, 96, 1282.5, 11.3, 7.1, 17.5, 8.7, 4.4, 3, 0.6, 5.5, 0.6, 7.2, 20.9, 132.4, 1.4, 27.4, 0.2, -0.5, 0.1, 0.4, 2, 5.4, -4.1, 0, 0.31, 2.62, 0.2, 0, 0, 4.1, 1.7, 196.6, 0.01, 0, 
35, eco121, 89, 1, -305.2, 4143, 14751, 542, 238.4, 144.9, 199.8, 0.41, 251, 14.4, 479.9, 364.7, 6460.2, 1938.1, 1497, 658.1, 117.3, 179.8, 117.9, 188.6, 971, 1800.3, 88.4, 1283.3, 11.8, 7.4, 18, 8.9, 4.5, 3, 0.6, 5.5, 0.6, 6.8, 21, 133.5, 1.4, 27.6, 0.2, -0.5, 0.1, 0.6, 2.3, 7.6, -6.3, 0, 0.26, 0.35, 0.03, 0, 0, 4.6, 1.8, 197.4, 0.01, 0, 
36, eco121, 89, 1, -346.9, 4183, 15170, 554.7, 244, 153.5, 204.3, 0.44, 253.5, 13.2, 495.1, 376.2, 6641.9, 1992.6, 1523.4, 663.3, 119.7, 179.7, 121.8, 192.7, 983.1, 1819.9, 95.7, 1284.3, 12.2, 7.7, 18.5, 9.2, 4.6, 3, 0.6, 5.5, 0.6, 7, 21, 134.2, 1.4, 27.7, 0.2, -0.5, 0.1, 0.5, 2.3, 6.7, -5.3, 0, 0.3, 2.11, 0.16, 0, 0, 4.5, 1.9, 198.4, 0.01, 0, 
37, eco121, 89, 1, -323.9, 4218.9, 15561, 532.5, 234.3, 155.5, 194.1, 0.29, 255.6, 12.9, 501.6, 381.2, 6818.3, 2045.5, 1550.5, 665.8, 124.9, 183.6, 124.6, 196.5, 996.8, 1843, 93.9, 1285.2, 12.4, 7.8, 19, 9.4, 4.6, 3, 0.6, 5.6, 0.6, 7.1, 21.1, 134.9, 1.3, 27.8, 0.2, -0.5, 0.1, 0.5, 2.2, 6.6, -5.2, 0, 0.29, 1.85, 0.14, 0, 0, 4.6, 1.9, 199.4, 0.01, 0, 
38, eco121, 89, 1, -320.5, 4259.3, 15902, 490.9, 216, 152.8, 177.7, 0.48, 257.4, 10.8, 498.1, 378.5, 6982.1, 2094.6, 1578.4, 672.5, 132.8, 191.2, 133.1, 206.8, 1011.6, 1862.6, 98.9, 1286.1, 12.3, 7.7, 19.4, 9.6, 4.7, 3.1, 0.7, 5.8, 0.7, 7.5, 21.2, 135, 1.3, 27.9, 0.2, -0.4, 0.1, 0.5, 1.9, 5.4, -3.9, 0, 0.33, 4.44, 0.33, 0, 0, 4, 1.9, 200.6, 0.01, 0, 
39, eco121, 89, 1, -264.4, 4300.6, 16211, 466.6, 205.3, 151.4, 169.3, 0.3, 259.2, 11.4, 488.6, 371.4, 7137.5, 2141.3, 1592.5, 674, 136.7, 196.2, 137.7, 213, 1027.1, 1885.1, 101.4, 1287.1, 12, 7.5, 19.8, 9.8, 4.8, 3.1, 0.7, 6, 0.7, 7.7, 21.4, 136, 1.4, 28, 0.2, -0.5, 0.1, 0.5, 2, 5.7, -4.9, 0, 0.31, 2.3, 0.17, 0, 0, 3.8, 1.9, 202.2, 0.01, 0, 
40, eco121, 89, 1, -227.3, 4343.3, 16489, 435.2, 191.4, 144.1, 160.8, 0.26, 261.2, 11, 476.8, 362.4, 7279.6, 2183.9, 1601.1, 675.4, 136.4, 198.6, 140.7, 217.1, 1042.3, 1908.9, 104.2, 1288, 11.6, 7.3, 20.2, 10, 4.8, 3.1, 0.7, 6, 0.7, 7.8, 21.6, 137.3, 1.5, 28.1, 0.2, -0.5, 0.1, 0.4, 1.9, 5.4, -4.8, 0, 0.28, 1.5, 0.11, 0, 0, 3.2, 1.8, 204.1, 0.01, 0, 
41, eco121, 89, 1, -230.1, 4377.7, 16796, 457.1, 201.1, 142, 169.1, 0.29, 263.1, 12.2, 473.9, 360.2, 7428.5, 2228.6, 1614, 673.2, 135.6, 199.4, 137.8, 214.2, 1055.7, 1932.6, 100.5, 1288.9, 11.6, 7.3, 20.6, 10.2, 4.8, 3.1, 0.7, 6, 0.7, 7.7, 21.8, 138.5, 1.4, 28.3, 0.2, -0.5, 0.1, 0.5, 2, 6.2, -5.2, 0, 0.3, 2.39, 0.17, 0, 0, 3.7, 1.7, 205.5, 0.01, 0, 
42, eco121, 89, 1, -239.7, 4411.3, 17128, 470.9, 207.2, 142.6, 174, 0.3, 265.1, 12.6, 474.6, 360.7, 7582, 2274.6, 1626.7, 671, 134.1, 199.4, 134.8, 210.9, 1068.1, 1953.7, 99.9, 1289.7, 11.6, 7.3, 21.1, 10.5, 4.9, 3, 0.7, 6, 0.7, 7.6, 22, 139.6, 1.5, 28.4, 0.2, -0.5, 0.1, 0.5, 2.1, 6.4, -5.4, 0, 0.3, 2.41, 0.17, 0, 0, 3.9, 1.7, 206.7, 0.01, 0, 
43, eco121, 89, 1, -238.8, 4443.1, 17453, 470.8, 207.1, 143.1, 174, 0.3, 267, 12.6, 474.9, 360.9, 7735.5, 2320.6, 1638.2, 668.9, 133.6, 199.5, 133, 208.6, 1079.6, 1972.8, 100.2, 1290.6, 11.6, 7.3, 21.5, 10.7, 4.9, 3, 0.7, 6, 0.7, 7.5, 22.1, 140.7, 1.5, 28.5, 0.2, -0.5, 0.1, 0.5, 2.1, 6.4, -5.5, 0, 0.3, 2.43, 0.18, 0, 0, 3.9, 1.8, 208, 0.01, 0, 
44, eco121, 89, 1, -237, 4473.1, 17780, 470.5, 207, 143.3, 173.9, 0.3, 269, 12.7, 474.8, 360.8, 7888.8, 2366.6, 1648.5, 666.9, 133.3, 199.8, 131.8, 206.9, 1090.2, 1990.7, 100.7, 1291.4, 11.6, 7.3, 21.9, 10.9, 4.9, 3, 0.7, 6, 0.7, 7.4, 22.2, 141.8, 1.5, 28.6, 0.2, -0.5, 0.1, 0.5, 2.1, 6.5, -5.5, 0, 0.3, 2.46, 0.18, 0, 0, 3.8, 1.8, 209.3, 0.01, 0, 
45, eco121, 89, 1, -234.9, 4501.5, 18106, 470.1, 206.9, 143.3, 173.9, 0.3, 270.9, 12.7, 474.6, 360.7, 8042, 2412.6, 1657.8, 664.9, 133.2, 200, 131, 205.6, 1100.2, 2007.7, 101.3, 1292.3, 11.6, 7.3, 22.3, 11.1, 4.9, 3, 0.7, 6.1, 0.7, 7.4, 22.4, 142.9, 1.5, 28.7, 0.2, -0.5, 0.1, 0.5, 2.1, 6.5, -5.6, 0, 0.3, 2.48, 0.18, 0, 0, 3.8, 1.8, 210.6, 0.01, 0, 
46, eco121, 89, 1, -232.8, 4528.4, 18432, 469.8, 206.7, 143.3, 173.8, 0.31, 272.8, 12.8, 474.3, 360.4, 8195, 2458.5, 1666, 662.9, 133.1, 200.2, 130.5, 204.6, 1109.5, 2023.8, 101.9, 1293.2, 11.6, 7.3, 22.7, 11.3, 5, 3, 0.7, 6.1, 0.7, 7.4, 22.5, 143.9, 1.5, 28.9, 0.2, -0.5, 0.1, 0.5, 2.1, 6.5, -5.6, 0, 0.3, 2.5, 0.18, 0, 0, 3.8, 1.8, 211.9, 0.01, 0, 
47, eco121, 89, 1, -242.8, 4554.3, 18764, 478.2, 210.4, 144.3, 180.2, 0.31, 274.8, 12.9, 476.2, 361.9, 8349.9, 2505, 1678.8, 662.7, 133.6, 200.6, 130.4, 204.2, 1118.4, 2039.3, 102.5, 1294, 11.6, 7.3, 23.2, 11.5, 5, 3, 0.7, 6.1, 0.7, 7.3, 22.6, 145, 1.5, 29, 0.2, -0.5, 0.1, 0.5, 2.1, 6.6, -5.7, 0, 0.3, 2.52, 0.18, 0, 0, 3.8, 1.8, 213.2, 0.01, 0, 
48, eco121, 89, 1, -238.8, 4579.6, 19091, 477, 209.9, 145, 180.4, 0.31, 276.8, 13, 476.4, 362.1, 8503.2, 2551, 1689.6, 662.2, 134.2, 201, 130.6, 204.2, 1127.1, 2054.4, 103.1, 1294.9, 11.6, 7.3, 23.6, 11.7, 5, 3, 0.7, 6.1, 0.7, 7.3, 22.7, 146.1, 1.5, 29.1, 0.2, -0.5, 0.1, 0.5, 2.1, 6.6, -5.8, 0, 0.3, 2.53, 0.18, 0, 0, 3.8, 1.8, 214.5, 0.01, 0, 
49, eco121, 89, 1, -234.7, 4604.2, 19418, 475.8, 209.4, 145.1, 180.8, 0.31, 278.8, 13, 476.2, 361.9, 8655.5, 2596.6, 1699.4, 661.7, 134.5, 201.4, 130.7, 204.1, 1135.5, 2069.1, 103.8, 1295.9, 11.6, 7.3, 24, 12, 5.1, 3, 0.7, 6.1, 0.7, 7.3, 22.8, 147.2, 1.5, 29.3, 0.2, -0.5, 0.1, 0.5, 2.1, 6.7, -5.8, 0, 0.3, 2.55, 0.18, 0, 0, 3.8, 1.8, 215.9, 0.01, 0, 
50, eco121, 89, 1, -243.4, 4628.3, 19744, 483.5, 212.7, 145.9, 187.4, 0.31, 281.1, 13.1, 478.1, 363.3, 8808.4, 2642.5, 1714.4, 663, 135, 202, 130.9, 204.5, 1143.7, 2083.4, 104.4, 1296.8, 11.7, 7.4, 24.4, 12.2, 5.1, 3, 0.7, 6.1, 0.7, 7.3, 22.9, 148.3, 1.5, 29.4, 0.2, -0.5, 0.1, 0.5, 2.2, 6.7, -5.9, 0, 0.3, 2.57, 0.19, 0, 0, 3.8, 1.8, 217.3, 0.01, 0, 
51, eco121, 89, 1, -223.1, 4651.5, 20066, 470.8, 207.2, 144.5, 172.1, 0.31, 283, 13.2, 476.9, 362.4, 8960.8, 2688.2, 1718.3, 660.7, 133.8, 202.9, 130.4, 203.6, 1151.5, 2097.4, 104.9, 1297.7, 11.7, 7.3, 24.9, 12.4, 5.1, 3, 0.7, 6.2, 0.7, 7.3, 23, 149.5, 1.5, 29.5, 0.2, -0.5, 0.1, 0.5, 2.2, 6.8, -6, 0, 0.3, 2.59, 0.19, 0, 0, 3.8, 1.7, 218.7, 0.01, 0, 
52, eco121, 89, 1, -223.9, 4672.1, 20403, 471.2, 207.4, 140.8, 172.6, 0.32, 285, 13.2, 479.5, 364.4, 9115.9, 2734.8, 1719.7, 658.4, 132.4, 201.8, 129.5, 202, 1158, 2110.4, 105.2, 1298.6, 11.7, 7.4, 25.3, 12.6, 5.1, 3, 0.7, 6.1, 0.7, 7.3, 23.1, 150.6, 1.6, 29.6, 0.2, -0.5, 0.1, 0.5, 2.2, 6.9, -6, 0, 0.3, 2.6, 0.19, 0, 0, 3.8, 1.7, 219.9, 0.01, 0, 
53, eco121, 89, 1, -223.2, 4691.1, 20734, 471, 207.3, 141.4, 173.2, 0.32, 287, 13.3, 481.6, 366, 9270.4, 2781.1, 1721.4, 656.4, 131.9, 201.2, 129.1, 201.1, 1163.6, 2122.5, 105.4, 1299.6, 11.8, 7.4, 25.7, 12.8, 5.1, 3, 0.7, 6.1, 0.7, 7.2, 23.2, 151.7, 1.6, 29.8, 0.2, -0.5, 0.1, 0.5, 2.2, 6.9, -6.1, 0, 0.3, 2.62, 0.19, 0, 0, 3.8, 1.7, 221.2, 0.01, 0, 
54, eco121, 89, 1, -222.3, 4708.8, 21067, 470.8, 207.2, 141.7, 173.7, 0.32, 289, 13.4, 483.2, 367.2, 9424.2, 2827.2, 1723.5, 654.8, 131.7, 200.9, 129, 200.5, 1168.6, 2133.9, 105.7, 1300.5, 11.8, 7.4, 26.1, 13, 5.1, 2.9, 0.7, 6.1, 0.7, 7.2, 23.2, 152.8, 1.6, 29.9, 0.2, -0.5, 0.1, 0.5, 2.2, 7, -6.1, 0, 0.3, 2.63, 0.19, 0, 0, 3.8, 1.7, 222.4, 0.01, 0, 
55, eco121, 89, 1, -221.1, 4725.6, 21393, 470.6, 207.1, 141.9, 174.3, 0.32, 290.9, 13.4, 484.5, 368.2, 9577.2, 2873.2, 1725.9, 653.4, 131.7, 200.7, 128.9, 200.1, 1173.2, 2144.8, 106.1, 1301.5, 11.9, 7.5, 26.6, 13.3, 5.1, 2.9, 0.7, 6.1, 0.7, 7.2, 23.3, 153.9, 1.6, 30.1, 0.2, -0.5, 0.1, 0.5, 2.2, 7, -6.2, 0, 0.3, 2.65, 0.19, 0, 0, 3.8, 1.7, 223.7, 0.01, 0, 
56, eco121, 89, 1, -219.9, 4741.5, 21725, 470.4, 207, 142.1, 174.9, 0.33, 292.8, 13.5, 485.6, 369.1, 9729.4, 2918.8, 1728.6, 652.2, 131.8, 200.6, 129, 199.8, 1177.5, 2155.2, 106.4, 1302.4, 11.9, 7.5, 27, 13.5, 5.1, 2.9, 0.7, 6.1, 0.7, 7.2, 23.3, 155, 1.6, 30.2, 0.2, -0.5, 0.1, 0.5, 2.2, 7.1, -6.2, 0, 0.3, 2.66, 0.19, 0, 0, 3.8, 1.7, 225, 0.01, 0, 
57, eco121, 89, 1, -230.1, 4757.1, 22054, 478.4, 210.5, 143.1, 181.7, 0.33, 294.9, 13.5, 488.8, 371.5, 9882.6, 2964.8, 1737, 653, 132.4, 200.8, 129.4, 200, 1181.6, 2165.3, 106.8, 1303.4, 11.9, 7.5, 27.4, 13.7, 5.1, 2.9, 0.7, 6.1, 0.7, 7.2, 23.3, 156.1, 1.6, 30.3, 0.2, -0.5, 0.1, 0.5, 2.2, 7.1, -6.3, 0, 0.3, 2.67, 0.19, 0, 0, 3.8, 1.7, 226.2, 0.01, 0, 
58, eco121, 89, 1, -227.4, 4772.7, 22380, 477.8, 210.2, 143.9, 182.6, 0.33, 296.9, 13.6, 490.3, 372.6, 10033.2, 3010, 1745.2, 653.8, 133.1, 201.1, 129.9, 200.3, 1185.9, 2175.2, 107.2, 1304.4, 12, 7.5, 27.8, 13.9, 5.2, 2.9, 0.7, 6.1, 0.7, 7.2, 23.4, 157.2, 1.6, 30.5, 0.2, -0.5, 0.1, 0.5, 2.2, 7.2, -6.3, 0, 0.3, 2.69, 0.2, 0, 0, 3.8, 1.7, 227.5, 0.01, 0, 
59, eco121, 89, 1, -236.5, 4788.7, 22702, 485.5, 213.6, 145.2, 189.5, 0.33, 299, 13.7, 493.6, 375.1, 10184, 3055.2, 1758.9, 656.4, 134.2, 201.5, 130.5, 201, 1190.5, 2185.1, 107.7, 1305.4, 12, 7.6, 28.2, 14.1, 5.2, 2.9, 0.7, 6.1, 0.7, 7.2, 23.4, 158.3, 1.6, 30.6, 0.2, -0.5, 0.1, 0.5, 2.2, 7.2, -6.4, 0, 0.3, 2.7, 0.2, 0, 0, 3.8, 1.7, 228.9, 0.01, 0, 
60, eco121, 89, 1, -233.1, 4805.3, 23025, 484.9, 213.4, 146, 190.5, 0.33, 301, 13.8, 495.1, 376.3, 10332, 3099.6, 1772.1, 659.1, 135.1, 202, 131.2, 201.8, 1195.6, 2195.1, 108.3, 1306.3, 12.1, 7.6, 28.6, 14.3, 5.2, 3, 0.7, 6.1, 0.7, 7.2, 23.5, 159.4, 1.6, 30.7, 0.2, -0.5, 0.1, 0.5, 2.2, 7.3, -6.5, 0, 0.3, 2.71, 0.2, 0, 0, 3.8, 1.7, 230.2, 0.01, 0, 
61, eco121, 89, 1, -225.8, 4822.4, 23335, 481.6, 211.9, 146.4, 190.8, 0.34, 303.1, 13.8, 496, 377, 10476.5, 3142.9, 1786.7, 662.1, 135.2, 202.8, 131.5, 202.3, 1201, 2205.2, 108.9, 1307.3, 12.1, 7.6, 29, 14.6, 5.3, 3, 0.7, 6.1, 0.7, 7.2, 23.5, 160.5, 1.6, 30.9, 0.2, -0.5, 0.1, 0.5, 2.2, 7.4, -6.5, 0, 0.3, 2.72, 0.2, 0, 0, 3.8, 1.7, 231.6, 0.01, 0, 
62, eco121, 89, 1, -233.8, 4839.5, 23645, 488.6, 215, 146.3, 197.7, 0.34, 305.2, 13.9, 499.2, 379.4, 10620.3, 3186.1, 1805.1, 666.7, 135.8, 203.1, 131.9, 202.9, 1206.5, 2215.3, 109.4, 1308.3, 12.1, 7.7, 29.4, 14.8, 5.3, 3, 0.7, 6.1, 0.7, 7.3, 23.6, 161.6, 1.6, 31, 0.2, -0.5, 0.1, 0.5, 2.2, 7.4, -6.6, 0, 0.3, 2.74, 0.2, 0, 0, 3.9, 1.7, 232.9, 0.01, 0, 
63, eco121, 89, 1, -241.4, 4857.7, 23949, 496, 218.2, 148.4, 204.5, 0.34, 307.4, 14, 502.4, 381.8, 10762.5, 3228.8, 1828.2, 672.8, 137.1, 203.7, 132.8, 204, 1212.7, 2225.5, 110.1, 1309.3, 12.2, 7.7, 29.8, 15, 5.4, 3, 0.7, 6.2, 0.7, 7.3, 23.6, 162.8, 1.6, 31.2, 0.2, -0.5, 0.1, 0.5, 2.2, 7.5, -6.6, 0, 0.3, 2.75, 0.2, 0, 0, 3.9, 1.8, 234.3, 0.01, 0, 
64, eco121, 89, 1, -237, 4877.2, 24246, 495.4, 218, 149.6, 205.6, 0.34, 309.6, 14.1, 503.6, 382.7, 10901.6, 3270.5, 1850.2, 678.8, 138.3, 204.4, 133.7, 205.3, 1219.7, 2236.2, 110.9, 1310.4, 12.2, 7.7, 30.2, 15.2, 5.5, 3, 0.7, 6.2, 0.7, 7.3, 23.7, 163.9, 1.6, 31.3, 0.2, -0.5, 0.1, 0.5, 2.2, 7.5, -6.7, 0, 0.3, 2.76, 0.2, 0, 0, 3.9, 1.8, 235.8, 0.01, 0, 
65, eco121, 89, 1, -232.6, 4897.6, 24542, 494.8, 217.7, 150.1, 206.8, 0.34, 311.7, 14.2, 504.1, 383.1, 11039, 3311.7, 1871.1, 684.6, 139, 205, 134.4, 206.4, 1227.3, 2247.3, 111.6, 1311.4, 12.2, 7.7, 30.6, 15.4, 5.5, 3.1, 0.7, 6.2, 0.7, 7.4, 23.7, 165.1, 1.6, 31.5, 0.2, -0.5, 0.1, 0.5, 2.2, 7.6, -6.8, 0, 0.3, 2.77, 0.21, 0, 0, 3.8, 1.8, 237.3, 0.01, 0, 
66, eco121, 89, 1, -228.5, 4918.5, 24830, 494.2, 217.4, 150.2, 208, 0.34, 313.9, 14.3, 504.2, 383.2, 11174.8, 3352.4, 1891.3, 690.3, 139.4, 205.5, 134.8, 207.3, 1235.1, 2258.6, 112.3, 1312.4, 12.2, 7.7, 30.9, 15.6, 5.6, 3.1, 0.7, 6.2, 0.7, 7.4, 23.8, 166.4, 1.7, 31.6, 0.2, -0.5, 0.1, 0.5, 2.2, 7.7, -6.9, 0, 0.3, 2.79, 0.21, 0, 0, 3.8, 1.8, 238.7, 0.01, 0, 
67, eco121, 89, 1, -224.7, 4939.7, 25118, 493.5, 217.1, 150.2, 209.3, 0.35, 316, 14.3, 504.2, 383.2, 11308.9, 3392.7, 1910.6, 695.9, 139.5, 205.8, 135.1, 207.9, 1243.1, 2270.1, 113, 1313.5, 12.2, 7.7, 31.3, 15.8, 5.6, 3.1, 0.7, 6.2, 0.7, 7.4, 23.9, 167.6, 1.7, 31.8, 0.2, -0.5, 0.1, 0.5, 2.2, 7.7, -7, 0, 0.3, 2.8, 0.21, 0, 0, 3.8, 1.8, 240.3, 0.01, 0, 
68, eco121, 89, 1, -221, 4960.9, 25402, 492.9, 216.9, 150, 210.6, 0.35, 318.2, 14.4, 504.2, 383.2, 11441.2, 3432.4, 1929.4, 701.5, 139.5, 206, 135.2, 208.3, 1251.1, 2281.6, 113.6, 1314.5, 12.2, 7.7, 31.7, 16, 5.7, 3.1, 0.7, 6.2, 0.7, 7.4, 23.9, 168.9, 1.7, 31.9, 0.2, -0.5, 0.1, 0.5, 2.2, 7.8, -7.1, 0, 0.3, 2.82, 0.21, 0, 0, 3.8, 1.8, 241.8, 0.01, 0, 
69, eco121, 89, 1, -217.6, 4982.1, 25679, 492.3, 216.6, 149.8, 212, 0.35, 320.3, 14.5, 504.2, 383.2, 11571.7, 3471.5, 1947.7, 706.9, 139.4, 206.1, 135.2, 208.6, 1259.1, 2293.2, 114.3, 1315.6, 12.2, 7.7, 32, 16.1, 5.7, 3.1, 0.7, 6.2, 0.7, 7.4, 24, 170.2, 1.7, 32.1, 0.2, -0.5, 0.1, 0.5, 2.3, 7.8, -7.1, 0, 0.3, 2.83, 0.21, 0, 0, 3.8, 1.8, 243.3, 0.01, 0, 
70, eco121, 89, 1, -214.2, 5003.2, 25950, 491.6, 216.3, 149.7, 213.4, 0.35, 322.4, 14.6, 504.1, 383.1, 11700.3, 3510.1, 1965.5, 712.4, 139.3, 206.2, 135.2, 208.7, 1267, 2304.7, 114.8, 1316.6, 12.2, 7.7, 32.4, 16.3, 5.8, 3.2, 0.7, 6.2, 0.7, 7.4, 24, 171.5, 1.7, 32.2, 0.2, -0.5, 0.1, 0.5, 2.3, 7.9, -7.2, 0, 0.3, 2.85, 0.21, 0, 0, 3.8, 1.8, 244.8, 0.01, 0, 
71, eco121, 89, 1, -211, 5024, 26219, 490.9, 216, 149.5, 214.8, 0.36, 324.5, 14.7, 504, 383.1, 11827, 3548.1, 1983, 717.8, 139.1, 206.2, 135.1, 208.7, 1274.8, 2316.1, 115.4, 1317.7, 12.2, 7.7, 32.7, 16.5, 5.8, 3.2, 0.7, 6.2, 0.7, 7.4, 24.1, 172.8, 1.7, 32.4, 0.2, -0.5, 0.1, 0.5, 2.3, 8, -7.3, 0, 0.3, 2.86, 0.22, 0, 0, 3.8, 1.8, 246.3, 0.01, 0, 
72, eco121, 89, 1, -207.7, 5044.6, 26485, 490.3, 215.7, 149.3, 216.3, 0.36, 326.6, 14.8, 504, 383, 11951.7, 3585.5, 2000.3, 723.2, 138.9, 206.1, 135, 208.6, 1282.5, 2327.4, 116, 1318.8, 12.2, 7.7, 33.1, 16.7, 5.9, 3.2, 0.7, 6.2, 0.7, 7.4, 24.1, 174.1, 1.7, 32.5, 0.2, -0.5, 0.1, 0.5, 2.3, 8, -7.3, 0, 0.3, 2.87, 0.22, 0, 0, 3.8, 1.8, 247.8, 0.01, 0, 
73, eco121, 89, 1, -204.5, 5065, 26747, 489.6, 215.4, 149.1, 217.9, 0.36, 328.7, 14.8, 503.9, 383, 12074.4, 3622.3, 2017.3, 728.6, 138.7, 206, 134.9, 208.4, 1290, 2338.5, 116.5, 1319.9, 12.2, 7.7, 33.4, 16.9, 5.9, 3.2, 0.7, 6.2, 0.7, 7.4, 24.2, 175.3, 1.7, 32.7, 0.2, -0.5, 0.1, 0.5, 2.3, 8.1, -7.4, 0, 0.3, 2.89, 0.22, 0, 0, 3.9, 1.8, 249.3, 0.01, 0, 
74, eco121, 89, 1, -201.4, 5085.1, 27003, 488.9, 215.1, 148.9, 219.5, 0.36, 330.7, 14.9, 503.8, 382.9, 12195, 3658.5, 2034.2, 734, 138.5, 205.9, 134.8, 208.2, 1297.4, 2349.6, 117.1, 1321, 12.2, 7.7, 33.7, 17.1, 6, 3.3, 0.7, 6.2, 0.7, 7.4, 24.2, 176.6, 1.7, 32.9, 0.2, -0.5, 0.1, 0.5, 2.3, 8.2, -7.4, 0, 0.3, 2.9, 0.22, 0, 0, 3.9, 1.7, 250.8, 0.01, 0, 
75, eco121, 89, 1, -198.2, 5105, 27257, 488.2, 214.8, 148.7, 221.1, 0.36, 332.7, 15, 503.7, 382.8, 12313.6, 3694.1, 2050.9, 739.4, 138.4, 205.8, 134.7, 208, 1304.7, 2360.5, 117.6, 1322.1, 12.2, 7.7, 34.1, 17.3, 6, 3.3, 0.7, 6.2, 0.7, 7.4, 24.3, 177.9, 1.7, 33, 0.2, -0.5, 0.1, 0.5, 2.3, 8.2, -7.5, 0, 0.3, 2.91, 0.22, 0, 0, 3.9, 1.7, 252.2, 0.01, 0, 
76, eco121, 89, 1, -195.1, 5124.6, 27504, 487.4, 214.5, 148.5, 222.7, 0.37, 334.7, 15.1, 503.6, 382.7, 12430.1, 3729, 2067.5, 744.9, 138.2, 205.6, 134.6, 207.8, 1311.9, 2371.3, 118.2, 1323.2, 12.2, 7.7, 34.4, 17.4, 6.1, 3.3, 0.7, 6.2, 0.7, 7.4, 24.3, 179.1, 1.7, 33.2, 0.2, -0.5, 0.1, 0.5, 2.3, 8.3, -7.6, 0, 0.3, 2.93, 0.22, 0, 0, 3.9, 1.7, 253.7, 0.01, 0, 
77, eco121, 89, 1, -192.1, 5144, 27745, 486.7, 214.2, 148.3, 224.3, 0.37, 336.7, 15.1, 503.5, 382.6, 12544.5, 3763.3, 2084, 750.3, 138, 205.5, 134.5, 207.5, 1319, 2382, 118.7, 1324.3, 12.2, 7.7, 34.7, 17.6, 6.1, 3.3, 0.7, 6.2, 0.7, 7.4, 24.3, 180.4, 1.7, 33.4, 0.2, -0.5, 0.1, 0.5, 2.3, 8.4, -7.6, 0, 0.3, 2.94, 0.22, 0, 0, 3.9, 1.7, 255.1, 0.01, 0, 
78, eco121, 89, 1, -189, 5163.2, 27984, 486, 213.9, 148.1, 225.9, 0.37, 338.7, 15.2, 503.3, 382.5, 12656.8, 3797, 2100.4, 755.8, 137.8, 205.3, 134.4, 207.2, 1326, 2392.5, 119.2, 1325.4, 12.1, 7.7, 35, 17.8, 6.2, 3.3, 0.7, 6.2, 0.7, 7.4, 24.4, 181.6, 1.7, 33.5, 0.2, -0.5, 0.1, 0.5, 2.3, 8.4, -7.7, 0, 0.3, 2.95, 0.23, 0, 0, 3.9, 1.7, 256.5, 0.01, 0, 
79, eco121, 89, 1, -186, 5182.1, 28219, 485.4, 213.6, 147.9, 227.6, 0.37, 340.6, 15.3, 503.1, 382.3, 12767.1, 3830.1, 2116.7, 761.3, 137.7, 205.1, 134.2, 206.9, 1332.9, 2403, 119.7, 1326.6, 12.1, 7.7, 35.3, 18, 6.2, 3.4, 0.7, 6.2, 0.7, 7.3, 24.4, 182.9, 1.7, 33.7, 0.2, -0.5, 0.1, 0.5, 2.3, 8.5, -7.7, 0, 0.3, 2.97, 0.23, 0, 0, 3.9, 1.7, 258, 0.01, 0, 
80, eco121, 89, 1, -183.1, 5200.9, 28451, 484.7, 213.3, 147.8, 229.2, 0.38, 342.5, 15.4, 502.8, 382.2, 12875.4, 3862.6, 2132.9, 766.8, 137.5, 204.9, 134.1, 206.6, 1339.7, 2413.3, 120.2, 1327.7, 12.1, 7.7, 35.6, 18.1, 6.3, 3.4, 0.7, 6.2, 0.7, 7.3, 24.4, 184.1, 1.8, 33.9, 0.2, -0.5, 0.1, 0.5, 2.3, 8.5, -7.8, 0, 0.3, 2.98, 0.23, 0, 0, 3.9, 1.7, 259.4, 0.01, 0, 
81, eco121, 89, 1, -180.2, 5219.5, 28674, 484.1, 213, 147.6, 230.8, 0.38, 344.4, 15.4, 502.5, 381.9, 12981.8, 3894.5, 2148.9, 772.3, 137.4, 204.8, 134.1, 206.4, 1346.4, 2423.5, 120.7, 1328.9, 12.1, 7.7, 35.9, 18.3, 6.3, 3.4, 0.7, 6.2, 0.7, 7.3, 24.4, 185.3, 1.8, 34, 0.2, -0.5, 0.1, 0.5, 2.3, 8.6, -7.8, 0, 0.3, 2.99, 0.23, 0, 0, 3.9, 1.7, 260.7, 0.01, 0, 
82, eco121, 89, 1, -177.4, 5237.9, 28894, 483.5, 212.7, 147.5, 232.3, 0.38, 346.2, 15.5, 502.2, 381.7, 13086.3, 3925.9, 2164.7, 777.7, 137.3, 204.6, 134, 206.1, 1353.1, 2433.6, 121.2, 1330, 12.1, 7.7, 36.2, 18.4, 6.3, 3.4, 0.7, 6.2, 0.7, 7.3, 24.4, 186.4, 1.8, 34.2, 0.2, -0.5, 0.1, 0.5, 2.3, 8.7, -7.9, 0, 0.3, 3, 0.23, 0, 0, 3.9, 1.7, 262.1, 0.01, 0, 
83, eco121, 89, 1, -174.6, 5256.2, 29112, 483, 212.5, 147.4, 233.8, 0.38, 348, 15.6, 501.8, 381.4, 13189, 3956.7, 2180.4, 783.1, 137.2, 204.4, 133.9, 205.9, 1359.7, 2443.6, 121.7, 1331.2, 12.1, 7.6, 36.4, 18.6, 6.4, 3.4, 0.7, 6.2, 0.7, 7.3, 24.5, 187.6, 1.8, 34.4, 0.2, -0.5, 0.1, 0.5, 2.3, 8.7, -7.9, 0, 0.3, 3.02, 0.23, 0, 0, 4, 1.7, 263.4, 0.01, 0, 
84, eco121, 89, 1, -171.8, 5274.3, 29324, 482.4, 212.3, 147.3, 235.3, 0.38, 349.8, 15.6, 501.3, 381, 13290.1, 3987, 2195.7, 788.5, 137.1, 204.3, 133.8, 205.6, 1366.2, 2453.5, 122.2, 1332.3, 12.1, 7.6, 36.7, 18.8, 6.4, 3.5, 0.7, 6.2, 0.7, 7.3, 24.5, 188.8, 1.8, 34.5, 0.2, -0.5, 0.1, 0.5, 2.3, 8.8, -8, 0, 0.3, 3.03, 0.23, 0, 0, 4, 1.7, 264.8, 0.01, 0, 
85, eco121, 89, 1, -169.1, 5292.2, 29536, 481.9, 212, 147.2, 236.7, 0.39, 351.6, 15.7, 500.8, 380.6, 13389.4, 4016.8, 2210.8, 793.8, 137, 204.1, 133.8, 205.4, 1372.7, 2463.3, 122.7, 1333.5, 12, 7.6, 37, 18.9, 6.5, 3.5, 0.7, 6.2, 0.7, 7.3, 24.5, 189.9, 1.8, 34.7, 0.2, -0.5, 0.1, 0.5, 2.3, 8.8, -8, 0, 0.3, 3.04, 0.24, 0, 0, 4, 1.7, 266.1, 0.01, 0, 
86, eco121, 89, 1, -166.4, 5310, 29742, 481.4, 211.8, 147.1, 238.2, 0.39, 353.4, 15.8, 500.2, 380.1, 13487.8, 4046.3, 2225, 798.9, 136.9, 204, 133.8, 205.2, 1379.1, 2473, 123.2, 1334.7, 12, 7.6, 37.3, 19.1, 6.5, 3.5, 0.7, 6.2, 0.7, 7.3, 24.5, 191, 1.8, 34.9, 0.2, -0.5, 0.1, 0.5, 2.3, 8.9, -8.1, 0, 0.3, 3.05, 0.24, 0, 0, 4, 1.7, 267.4, 0.01, 0, 
87, eco121, 89, 1, -163.1, 5327.6, 29948, 480.4, 211.4, 147, 239.8, 0.39, 355.1, 15.8, 499.4, 379.5, 13585, 4075.5, 2238.3, 803.7, 136.8, 203.9, 133.7, 205, 1385.4, 2482.6, 123.7, 1335.9, 12, 7.6, 37.5, 19.2, 6.6, 3.5, 0.7, 6.1, 0.7, 7.3, 24.5, 192.2, 1.8, 35.1, 0.2, -0.5, 0.1, 0.5, 2.3, 9, -8.1, 0, 0.3, 3.07, 0.24, 0, 0, 4, 1.7, 268.7, 0.01, 0, 
88, eco121, 89, 1, -159.6, 5344.9, 30150, 479.2, 210.8, 146.7, 241, 0.39, 356.8, 15.9, 498.5, 378.8, 13680.5, 4104.2, 2250.9, 808.3, 136.7, 203.7, 133.6, 204.7, 1391.6, 2492.1, 124.1, 1337.1, 11.9, 7.6, 37.8, 19.4, 6.6, 3.5, 0.7, 6.1, 0.7, 7.3, 24.5, 193.3, 1.8, 35.2, 0.2, -0.5, 0.1, 0.5, 2.3, 9, -8.2, 0, 0.3, 3.08, 0.24, 0, 0, 4, 1.7, 270, 0.01, 0, 
89, eco121, 89, 1, -156.1, 5361.8, 30350, 477.9, 210.3, 146.4, 240.9, 0.39, 358.5, 16, 497.5, 378.1, 13775.8, 4132.7, 2261.8, 812.4, 136.4, 203.5, 133.5, 204.4, 1397.6, 2501.4, 124.6, 1338.3, 11.9, 7.6, 38, 19.6, 6.6, 3.5, 0.7, 6.1, 0.7, 7.3, 24.5, 194.3, 1.8, 35.4, 0.2, -0.5, 0.1, 0.5, 2.3, 9.1, -8.2, 0, 0.3, 3.09, 0.24, 0, 0, 4.1, 1.7, 271.2, 0.01, 0, 
90, eco121, 89, 1, -152.8, 5378.2, 30550, 476.5, 209.7, 146, 240.8, 0.39, 360.1, 16, 496.5, 377.3, 13870.8, 4161.3, 2270.9, 815.9, 136.2, 203.2, 133.3, 204, 1403.2, 2510.5, 125, 1339.5, 11.9, 7.5, 38.3, 19.7, 6.6, 3.6, 0.7, 6.1, 0.7, 7.2, 24.5, 195.4, 1.8, 35.6, 0.2, -0.5, 0.1, 0.5, 2.3, 9.1, -8.3, 0, 0.3, 3.1, 0.24, 0, 0, 4.1, 1.7, 272.5, 0.01, 0, 
91, eco121, 89, 1, -127.8, 5393.4, 30747, 459.7, 202.3, 143.7, 226.3, 0.4, 361.5, 16.1, 492.7, 374.5, 13963.7, 4189.1, 2269.9, 815.8, 134.1, 203.1, 132.2, 202.2, 1408.2, 2519.3, 125.2, 1340.7, 11.8, 7.5, 38.5, 19.9, 6.6, 3.5, 0.7, 6.2, 0.7, 7.2, 24.5, 196.5, 1.8, 35.8, 0.2, -0.5, 0.1, 0.5, 2.3, 9.2, -8.3, 0, 0.3, 3.11, 0.24, 0, 0, 4.1, 1.6, 273.7, 0.01, 0, 
92, eco121, 89, 1, -138.6, 5406, 30954, 466.4, 205.2, 140.2, 231.5, 0.4, 363.1, 16.1, 495.2, 376.3, 14060.8, 4218.2, 2271.1, 816.9, 132.4, 201.5, 131, 200.1, 1411.9, 2527.1, 125.1, 1341.9, 11.9, 7.5, 38.8, 20, 6.6, 3.6, 0.7, 6.1, 0.7, 7.1, 24.5, 197.4, 1.8, 35.9, 0.2, -0.5, 0.1, 0.5, 2.3, 9.2, -8.3, 0, 0.3, 3.12, 0.25, 0, 0, 4.1, 1.6, 274.7, 0.01, 0, 
93, eco121, 89, 1, -137.5, 5417.3, 31156, 465.3, 204.8, 141.1, 231.4, 0.4, 364.6, 16.1, 495.8, 376.8, 14156, 4246.8, 2271.7, 817.8, 131.8, 200.7, 130.4, 198.9, 1414.8, 2534.2, 125.2, 1343.1, 11.9, 7.5, 39.1, 20.2, 6.6, 3.6, 0.7, 6.1, 0.7, 7.1, 24.5, 198.4, 1.8, 36.1, 0.2, -0.5, 0.1, 0.5, 2.3, 9.3, -8.3, 0, 0.3, 3.13, 0.25, 0, 0, 4.2, 1.6, 275.7, 0.01, 0, 
94, eco121, 89, 1, -135.8, 5427.8, 31356, 464.2, 204.3, 141.3, 231.3, 0.4, 366, 16.2, 495.7, 376.8, 14250.9, 4275.3, 2271.7, 818.5, 131.6, 200.1, 130.1, 198.1, 1417.4, 2540.7, 125.3, 1344.3, 11.9, 7.5, 39.3, 20.3, 6.6, 3.6, 0.7, 6, 0.7, 7.1, 24.5, 199.3, 1.8, 36.3, 0.2, -0.5, 0.1, 0.5, 2.3, 9.3, -8.3, 0, 0.3, 3.14, 0.25, 0, 0, 4.2, 1.6, 276.7, 0.01, 0, 
95, eco121, 89, 1, -126.6, 5437.2, 31554, 457.9, 201.5, 140.6, 226.5, 0.4, 367.3, 16.2, 494.5, 375.8, 14344.9, 4303.5, 2268.3, 817.9, 130.8, 199.9, 129.6, 197.1, 1419.4, 2546.9, 125.4, 1345.5, 11.8, 7.5, 39.6, 20.5, 6.6, 3.6, 0.7, 6, 0.7, 7, 24.5, 200.1, 1.8, 36.5, 0.2, -0.5, 0.1, 0.5, 2.3, 9.4, -8.4, 0, 0.3, 3.15, 0.25, 0, 0, 4.2, 1.6, 277.7, 0.01, 0, 
96, eco121, 89, 1, -118.5, 5445, 31753, 451.6, 198.7, 138.4, 221.6, 0.41, 368.5, 16.3, 493.5, 375.1, 14438.9, 4331.7, 2261, 816.2, 129.6, 199, 128.8, 195.4, 1420.5, 2552.3, 125.4, 1346.8, 11.8, 7.5, 39.8, 20.6, 6.6, 3.5, 0.7, 6, 0.7, 7, 24.4, 200.9, 1.8, 36.7, 0.2, -0.5, 0.1, 0.5, 2.3, 9.4, -8.4, 0, 0.3, 3.15, 0.25, 0, 0, 4.3, 1.6, 278.6, 0.01, 0, 
97, eco121, 89, 1, -118.8, 5451.1, 31956, 450.9, 198.4, 137, 221.6, 0.41, 369.6, 16.3, 493.8, 375.3, 14533.8, 4360.1, 2253.3, 814.4, 128.7, 197.5, 128.1, 193.7, 1420.9, 2557, 125.2, 1348, 11.8, 7.5, 40.1, 20.8, 6.6, 3.5, 0.7, 6, 0.6, 6.9, 24.4, 201.7, 1.8, 36.9, 0.2, -0.5, 0.1, 0.5, 2.3, 9.5, -8.4, 0, 0.3, 3.16, 0.25, 0, 0, 4.3, 1.6, 279.4, 0.01, 0, 
98, eco121, 89, 1, -119, 5456, 32160, 450.4, 198.2, 137, 221.8, 0.41, 370.7, 16.3, 494, 375.4, 14628.6, 4388.6, 2245.9, 812.7, 128.1, 196.4, 127.7, 192.4, 1420.7, 2561, 125.1, 1349.2, 11.8, 7.5, 40.3, 20.9, 6.5, 3.5, 0.7, 5.9, 0.6, 6.8, 24.3, 202.4, 1.8, 37, 0.2, -0.5, 0.1, 0.5, 2.3, 9.5, -8.4, 0, 0.3, 3.16, 0.25, 0, 0, 4.3, 1.6, 280.1, 0.01, 0, 
99, eco121, 89, 1, -112.1, 5459.7, 32359, 444.8, 195.8, 136.2, 217.1, 0.41, 371.7, 16.3, 493.2, 374.9, 14722.8, 4416.8, 2236.2, 809.9, 127.1, 195.6, 127, 191, 1419.9, 2564.4, 125, 1350.4, 11.8, 7.5, 40.6, 21.1, 6.5, 3.5, 0.6, 5.9, 0.6, 6.8, 24.3, 203, 1.8, 37.2, 0.2, -0.5, 0.1, 0.4, 2.3, 9.5, -8.4, 0, 0.3, 3.17, 0.25, 0, 0, 4.3, 1.5, 280.8, 0.01, 0, 
100, eco121, 89, 1, -106.2, 5461.6, 32561, 439.4, 193.4, 134.1, 212.6, 0.41, 372.7, 16.3, 493, 374.7, 14817.3, 4445.2, 2223.4, 806.3, 125.4, 194.7, 126, 189.1, 1418.1, 2567.1, 124.7, 1351.7, 11.7, 7.5, 40.9, 21.2, 6.5, 3.5, 0.6, 5.9, 0.6, 6.7, 24.2, 203.6, 1.9, 37.4, 0.2, -0.5, 0.1, 0.4, 2.3, 9.6, -8.4, 0, 0.3, 3.17, 0.25, 0, 0, 4.3, 1.5, 281.4, 0.01, 0, 
