Time,Month,ClimateRegionName,ClimateRegionIndex,NumSites,Precipitation,AirTemp,AvgTotalNPP_C,AvgHeteroRespiration,avgNEE,Ndep,StreamN,SoilWaterContent,
1, 7, eco121, 89, 1, 1.6, 21.2, 1.17, 21.25, 20.08, 0.02, 0, 0.83, 
1, 8, eco121, 89, 1, 2, 19, 11.56, 31.14, 19.58, 0.02, 0, 1.82, 
1, 9, eco121, 89, 1, 1.7, 18.2, 23.16, 48, 24.85, 0.02, 0, 2.68, 
1, 10, eco121, 89, 1, 13.8, 12.4, 71.36, 208.74, 137.38, 0.03, 0.03, 4.9, 
1, 11, eco121, 89, 1, 15.3, 4.1, 11.26, 48.36, 37.1, 0.03, 0, 9.63, 
1, 12, eco121, 89, 1, 11.4, 3, 7.26, 32.83, 25.57, 0.03, 0.01, 9.64, 
1, 1, eco121, 89, 1, 12.3, 0.5, 2.5, 69.12, 66.63, 0.03, 0.02, 9.72, 
1, 2, eco121, 89, 1, 15.7, 2.9, 7.22, 27.1, 19.88, 0.03, 0.02, 9.57, 
1, 3, eco121, 89, 1, 6.2, 6.5, 23.57, 51.27, 27.7, 0.02, 0.04, 9.34, 
1, 4, eco121, 89, 1, 6.7, 7.7, 31.44, 72.69, 41.25, 0.02, 0.03, 6.38, 
1, 5, eco121, 89, 1, 5.7, 13.5, 80.47, 95.32, 14.85, 0.02, 0.02, 3.87, 
1, 6, eco121, 89, 1, 0.8, 16.9, 28.19, 18, -10.18, 0.02, 0, 4.26, 
2, 7, eco121, 89, 1, 0.2, 21.5, 19.97, 13.73, -6.24, 0.02, 0, 4.31, 
2, 8, eco121, 89, 1, 0, 19.4, 26.28, 14.52, -11.76, 0.02, 0, 4.27, 
2, 9, eco121, 89, 1, 0.8, 16.9, 47.24, 25.56, -21.68, 0.02, 0, 4.69, 
2, 10, eco121, 89, 1, 3.5, 12.2, 82.41, 55.8, -26.61, 0.02, 0, 5.01, 
2, 11, eco121, 89, 1, 4.3, 5.4, 21.63, 28.44, 6.81, 0.02, 0, 6.21, 
2, 12, eco121, 89, 1, 16.2, 3.6, 12.2, 9.84, -2.37, 0.03, 0.01, 9.64, 
2, 1, eco121, 89, 1, 15, 2.4, 7.94, 8.87, 0.93, 0.03, 0.02, 9.63, 
2, 2, eco121, 89, 1, 19.4, 5.3, 21.04, 10.23, -10.81, 0.03, 0.03, 9.42, 
2, 3, eco121, 89, 1, 6.8, 4.2, 14.97, 10.65, -4.32, 0.02, 0.02, 9.51, 
2, 4, eco121, 89, 1, 5.6, 8.8, 49.86, 29.15, -20.71, 0.02, 0.06, 5.66, 
2, 5, eco121, 89, 1, 2.2, 11.9, 72.93, 28.83, -44.1, 0.02, 0, 4.49, 
2, 6, eco121, 89, 1, 4.5, 14.5, 81.74, 27.82, -53.92, 0.02, 0, 3.7, 
3, 7, eco121, 89, 1, 0.6, 20.9, 20.65, 5.7, -14.95, 0.02, 0, 4, 
3, 8, eco121, 89, 1, 0, 21.7, 19.23, 5.64, -13.59, 0.02, 0, 3.97, 
3, 9, eco121, 89, 1, 2.7, 17.4, 65.63, 19.24, -46.38, 0.02, 0, 4.93, 
3, 10, eco121, 89, 1, 9.8, 9.7, 58.94, 22.41, -36.53, 0.03, 0.03, 5.74, 
3, 11, eco121, 89, 1, 27.9, 6, 25.56, 7.19, -18.37, 0.04, 0.05, 7.44, 
3, 12, eco121, 89, 1, 27.6, 4.1, 14.59, 6.43, -8.16, 0.04, 0.02, 9.58, 
3, 1, eco121, 89, 1, 13.1, 3.3, 11.15, 6.14, -5.01, 0.03, 0.02, 9.58, 
3, 2, eco121, 89, 1, 10.2, 4.5, 16.68, 6.61, -10.07, 0.03, 0.03, 9.51, 
3, 3, eco121, 89, 1, 7.2, 5.4, 21.54, 9.97, -11.57, 0.03, 0.03, 9.47, 
3, 4, eco121, 89, 1, 4.1, 9.6, 57.81, 21.05, -36.76, 0.02, 0.04, 5.45, 
3, 5, eco121, 89, 1, 3.5, 12.2, 79.81, 22.56, -57.26, 0.02, 0, 4.27, 
3, 6, eco121, 89, 1, 0.8, 17.6, 36.32, 6.71, -29.61, 0.02, 0, 4.7, 
4, 7, eco121, 89, 1, 0.5, 19.8, 29.37, 5.89, -23.47, 0.02, 0, 4.93, 
4, 8, eco121, 89, 1, 0.2, 20.1, 31.19, 6.47, -24.73, 0.02, 0, 4.99, 
4, 9, eco121, 89, 1, 2.4, 14.5, 78.42, 19.95, -58.48, 0.02, 0, 4.59, 
4, 10, eco121, 89, 1, 11, 10.6, 67.49, 21.16, -46.33, 0.03, 0.04, 5.21, 
4, 11, eco121, 89, 1, 14.7, 3.6, 12.38, 7.5, -4.87, 0.03, 0.01, 9.63, 
4, 12, eco121, 89, 1, 23.3, 1.3, 4.94, 11.9, 6.96, 0.04, 0.05, 9.66, 
4, 1, eco121, 89, 1, 10.5, -0.6, 0.02, 0.33, 0.31, 0.03, 0.01, 9.73, 
4, 2, eco121, 89, 1, 14.7, 3.4, 11.51, 6.24, -5.26, 0.03, 0.04, 9.47, 
4, 3, eco121, 89, 1, 13.3, 3.8, 13.23, 6.46, -6.77, 0.03, 0.03, 9.45, 
4, 4, eco121, 89, 1, 8, 6.2, 27.08, 12.27, -14.82, 0.03, 0.05, 9.32, 
4, 5, eco121, 89, 1, 0.3, 12.9, 85.54, 23.11, -62.43, 0.02, 0, 2.39, 
4, 6, eco121, 89, 1, 7, 16.8, 76.9, 19.58, -57.32, 0.02, 0, 3.9, 
5, 7, eco121, 89, 1, 1.2, 18.1, 32.94, 6.03, -26.9, 0.02, 0, 4.5, 
5, 8, eco121, 89, 1, 6.1, 19.8, 80.49, 24.17, -56.31, 0.02, 0.01, 2.33, 
5, 9, eco121, 89, 1, 2.3, 16, 43.41, 8.21, -35.2, 0.02, 0, 3.56, 
5, 10, eco121, 89, 1, 3.6, 12, 78.54, 22.07, -56.47, 0.02, 0, 5.13, 
5, 11, eco121, 89, 1, 25, 4.7, 17.83, 8.56, -9.27, 0.04, 0.02, 9.54, 
5, 12, eco121, 89, 1, 26, 2.3, 7.54, 6.33, -1.21, 0.04, 0.03, 9.6, 
5, 1, eco121, 89, 1, 17.5, 2.8, 8.97, 6.59, -2.38, 0.03, 0.03, 9.53, 
5, 2, eco121, 89, 1, 24.5, 4.3, 15.52, 7.33, -8.18, 0.04, 0.05, 9.4, 
5, 3, eco121, 89, 1, 27.3, 5.4, 21.79, 7.93, -13.86, 0.04, 0.06, 9.25, 
5, 4, eco121, 89, 1, 7.1, 5.9, 25.13, 11.8, -13.34, 0.03, 0.06, 9.32, 
5, 5, eco121, 89, 1, 2.3, 13.2, 93.27, 27.8, -65.47, 0.02, 0.05, 2.89, 
5, 6, eco121, 89, 1, 1.1, 15.7, 28.64, 5.13, -23.51, 0.02, 0, 3.48, 
6, 7, eco121, 89, 1, 0.8, 22.3, 18.18, 4.85, -13.34, 0.02, 0, 3.86, 
6, 8, eco121, 89, 1, 1, 20, 31.12, 6.59, -24.52, 0.02, 0, 4.35, 
6, 9, eco121, 89, 1, 1.4, 16.2, 59.79, 13.75, -46.04, 0.02, 0, 5.05, 
6, 10, eco121, 89, 1, 7.2, 8.8, 53.23, 21.37, -31.86, 0.03, 0.02, 5.88, 
6, 11, eco121, 89, 1, 31.1, 3.7, 13.59, 7.78, -5.82, 0.04, 0.02, 9.57, 
6, 12, eco121, 89, 1, 5.4, 0.3, 3.33, 12.95, 9.62, 0.02, 0.03, 9.74, 
6, 1, eco121, 89, 1, 1.2, 2.3, 8.03, 7.26, -0.77, 0.02, 0.02, 9.66, 
6, 2, eco121, 89, 1, 10.6, 3.6, 12.98, 7.94, -5.05, 0.03, 0.02, 9.57, 
6, 3, eco121, 89, 1, 8, 6.7, 33.11, 15.27, -17.84, 0.03, 0.05, 9.35, 
6, 4, eco121, 89, 1, 6.1, 6.7, 33.03, 18.22, -14.81, 0.02, 0.02, 6.72, 
6, 5, eco121, 89, 1, 3.5, 12.5, 89.17, 26.98, -62.19, 0.02, 0, 3.58, 
6, 6, eco121, 89, 1, 1.8, 16, 43.61, 8.9, -34.71, 0.02, 0, 4.49, 
7, 7, eco121, 89, 1, 2, 22.3, 35.95, 9.52, -26.43, 0.02, 0, 4.46, 
7, 8, eco121, 89, 1, 0.5, 19.6, 35.2, 7.58, -27.62, 0.02, 0, 4.69, 
7, 9, eco121, 89, 1, 3.9, 14.1, 103.1, 28.7, -74.4, 0.02, 0, 4.47, 
7, 10, eco121, 89, 1, 6.8, 10, 69.17, 25.04, -44.13, 0.02, 0.01, 5.5, 
7, 11, eco121, 89, 1, 8.5, 1.1, 5.2, 14.29, 9.08, 0.03, 0, 8.55, 
7, 12, eco121, 89, 1, 6.9, 2, 7.68, 15.2, 7.52, 0.02, 0.02, 9.7, 
7, 1, eco121, 89, 1, 1.2, 1.2, 5.45, 14.52, 9.07, 0.02, 0.02, 9.74, 
7, 2, eco121, 89, 1, 8.3, 3.7, 14.6, 8.7, -5.9, 0.03, 0.02, 9.59, 
7, 3, eco121, 89, 1, 7.1, 3.8, 14.84, 10.16, -4.68, 0.02, 0.02, 9.56, 
7, 4, eco121, 89, 1, 1.2, 10.4, 73.8, 26.66, -47.14, 0.02, 0.02, 4.76, 
7, 5, eco121, 89, 1, 2.1, 12, 69.81, 20.52, -49.3, 0.02, 0, 4.89, 
7, 6, eco121, 89, 1, 1.5, 18.8, 47.94, 11.07, -36.87, 0.02, 0, 4.54, 
8, 7, eco121, 89, 1, 0.3, 20.4, 29.76, 6.99, -22.76, 0.02, 0, 4.68, 
8, 8, eco121, 89, 1, 0, 22.4, 25.6, 7.16, -18.44, 0.02, 0, 4.65, 
8, 9, eco121, 89, 1, 7.7, 13.3, 104.43, 32.95, -71.48, 0.03, 0.02, 4.52, 
8, 10, eco121, 89, 1, 4, 11.5, 86.95, 28.89, -58.06, 0.02, 0, 5.18, 
8, 11, eco121, 89, 1, 5.7, 5.8, 27.9, 17.72, -10.18, 0.02, 0, 7.33, 
8, 12, eco121, 89, 1, 6, 2, 7.86, 8.45, 0.59, 0.02, 0, 9.19, 
8, 1, eco121, 89, 1, 17, 4.9, 21.59, 10.18, -11.41, 0.03, 0.03, 9.53, 
8, 2, eco121, 89, 1, 32.6, 5.1, 23.12, 10.43, -12.69, 0.04, 0.05, 9.39, 
8, 3, eco121, 89, 1, 11.5, 7.9, 46.69, 16.84, -29.85, 0.03, 0.08, 9.23, 
8, 4, eco121, 89, 1, 2.6, 8, 47.96, 23.91, -24.05, 0.02, 0.02, 6.35, 
8, 5, eco121, 89, 1, 4.2, 13.3, 102.15, 32.27, -69.87, 0.02, 0.01, 3.67, 
8, 6, eco121, 89, 1, 1.5, 19, 37.76, 8.66, -29.1, 0.02, 0, 4.44, 
9, 7, eco121, 89, 1, 5.6, 18.3, 88.5, 28.61, -59.89, 0.02, 0, 2.43, 
9, 8, eco121, 89, 1, 0.1, 21.2, 9.76, 3.91, -5.84, 0.02, 0, 2.48, 
9, 9, eco121, 89, 1, 0.1, 16, 22.59, 4.69, -17.9, 0.02, 0, 2.48, 
9, 10, eco121, 89, 1, 0.6, 14.1, 38.14, 8.21, -29.93, 0.02, 0, 2.77, 
9, 11, eco121, 89, 1, 7.7, 5.8, 28.02, 20.61, -7.4, 0.03, 0, 6.13, 
9, 12, eco121, 89, 1, 23, 1, 5.09, 16.57, 11.48, 0.04, 0.02, 9.74, 
9, 1, eco121, 89, 1, 13, 0.9, 4.72, 16.43, 11.71, 0.03, 0.06, 9.67, 
9, 2, eco121, 89, 1, 10.9, 3.7, 14.77, 10.48, -4.29, 0.03, 0.04, 9.52, 
9, 3, eco121, 89, 1, 11.5, 5.4, 24.76, 12.77, -11.99, 0.03, 0.04, 9.42, 
9, 4, eco121, 89, 1, 2.1, 10.8, 78.93, 31.03, -47.9, 0.02, 0.05, 4.87, 
9, 5, eco121, 89, 1, 2.6, 14.3, 79.12, 24.32, -54.81, 0.02, 0, 4.49, 
9, 6, eco121, 89, 1, 0.8, 19.3, 37.69, 9.34, -28.35, 0.02, 0, 4.84, 
10, 7, eco121, 89, 1, 0.3, 22.6, 26.55, 8.14, -18.41, 0.02, 0, 4.92, 
10, 8, eco121, 89, 1, 0.4, 21.4, 36.15, 10.1, -26.05, 0.02, 0, 5.1, 
10, 9, eco121, 89, 1, 0.8, 17.4, 66.56, 18.38, -48.17, 0.02, 0, 4.97, 
10, 10, eco121, 89, 1, 0.7, 14.5, 82.21, 24.9, -57.31, 0.02, 0, 5.14, 
10, 11, eco121, 89, 1, 25, 4.9, 22.72, 11.92, -10.8, 0.04, 0.02, 9.55, 
10, 12, eco121, 89, 1, 7, 1, 5.31, 17.65, 12.34, 0.02, 0.03, 9.72, 
10, 1, eco121, 89, 1, 14.5, 0.7, 4.69, 17.36, 12.67, 0.03, 0.04, 9.71, 
10, 2, eco121, 89, 1, 0.5, 5.4, 26.47, 12.47, -14, 0.02, 0.03, 9.48, 
10, 3, eco121, 89, 1, 1.6, 6.2, 32.72, 21.68, -11.04, 0.02, 0.02, 7.49, 
10, 4, eco121, 89, 1, 5.2, 8.7, 59.32, 28.67, -30.65, 0.02, 0.02, 5.98, 
10, 5, eco121, 89, 1, 5.6, 11.2, 88.84, 33.63, -55.21, 0.02, 0.02, 4.58, 
10, 6, eco121, 89, 1, 5.8, 16.6, 109.02, 35.74, -73.28, 0.02, 0.01, 3.21, 
11, 7, eco121, 89, 1, 0.1, 19.6, 18.84, 5.05, -13.79, 0.02, 0, 3.25, 
11, 8, eco121, 89, 1, 1.3, 19.2, 35.65, 8.38, -27.27, 0.02, 0, 3.89, 
11, 9, eco121, 89, 1, 5.8, 15.9, 125.24, 39.45, -85.79, 0.02, 0, 4.07, 
11, 10, eco121, 89, 1, 9.7, 10.2, 80.21, 31.35, -48.86, 0.03, 0.03, 5.39, 
11, 11, eco121, 89, 1, 3.3, 5.2, 26.9, 21.67, -5.23, 0.02, 0, 6, 
11, 12, eco121, 89, 1, 1.1, 2.5, 10.51, 14.92, 4.41, 0.02, 0, 5.83, 
11, 1, eco121, 89, 1, 7.4, 0, 0.03, 17.02, 16.99, 0.03, 0, 8.37, 
11, 2, eco121, 89, 1, 3.1, 0.8, 5.1, 17.88, 12.78, 0.02, 0.02, 9.76, 
11, 3, eco121, 89, 1, 21.8, 5.3, 27.22, 14.88, -12.34, 0.04, 0.05, 9.38, 
11, 4, eco121, 89, 1, 4.8, 10.4, 82.4, 31.85, -50.55, 0.02, 0.08, 4.73, 
11, 5, eco121, 89, 1, 4.9, 12, 99.2, 33.8, -65.41, 0.02, 0, 4.25, 
11, 6, eco121, 89, 1, 1.3, 17.4, 49.7, 11.61, -38.09, 0.02, 0, 4.89, 
12, 7, eco121, 89, 1, 2.7, 22, 51.28, 16.6, -34.69, 0.02, 0, 3.15, 
12, 8, eco121, 89, 1, 2, 19.6, 42.51, 10.81, -31.69, 0.02, 0, 4.16, 
12, 9, eco121, 89, 1, 1.4, 17.7, 63.91, 17.28, -46.63, 0.02, 0, 4.84, 
12, 10, eco121, 89, 1, 3.6, 10.8, 88.97, 34.73, -54.25, 0.02, 0, 5.24, 
12, 11, eco121, 89, 1, 4.3, 4.2, 19.78, 19.77, -0.01, 0.02, 0, 6.6, 
12, 12, eco121, 89, 1, 3.3, -1.8, 0.01, 0.5, 0.49, 0.02, 0, 7.56, 
12, 1, eco121, 89, 1, 16.9, 1.6, 7.3, 19.94, 12.64, 0.03, 0.03, 9.7, 
12, 2, eco121, 89, 1, 6.4, 2, 8.59, 20.46, 11.87, 0.02, 0.04, 9.66, 
12, 3, eco121, 89, 1, 5.6, 6.9, 42.03, 23.01, -19.02, 0.02, 0.05, 6.97, 
12, 4, eco121, 89, 1, 3.3, 11.5, 98.05, 37.09, -60.97, 0.02, 0.01, 4.57, 
12, 5, eco121, 89, 1, 11.6, 10.7, 87.66, 35.25, -52.41, 0.03, 0.05, 4.64, 
12, 6, eco121, 89, 1, 1.1, 16.6, 56.98, 14.15, -42.84, 0.02, 0, 5.17, 
13, 7, eco121, 89, 1, 3, 22.1, 58.21, 19.69, -38.52, 0.02, 0, 2.34, 
13, 8, eco121, 89, 1, 0.5, 20.2, 16.22, 5.2, -11.02, 0.02, 0, 2.58, 
13, 9, eco121, 89, 1, 0.3, 18.9, 23.33, 6.04, -17.29, 0.02, 0, 2.68, 
13, 10, eco121, 89, 1, 3.5, 12.7, 102.46, 33.6, -68.86, 0.02, 0, 4.44, 
13, 11, eco121, 89, 1, 10.5, 5.9, 34.57, 22.31, -12.25, 0.03, 0, 9.49, 
13, 12, eco121, 89, 1, 7.1, 1.3, 7.06, 20.53, 13.46, 0.02, 0.02, 9.74, 
13, 1, eco121, 89, 1, 3.5, 2, 9.46, 12.1, 2.64, 0.02, 0.01, 9.7, 
13, 2, eco121, 89, 1, 8.3, 7.1, 46.96, 23.27, -23.7, 0.03, 0.04, 9.42, 
13, 3, eco121, 89, 1, 19.1, 3, 13.63, 12.96, -0.66, 0.03, 0.03, 9.57, 
13, 4, eco121, 89, 1, 4.4, 6.5, 40.81, 25.26, -15.55, 0.02, 0.04, 6.9, 
13, 5, eco121, 89, 1, 5.2, 9.8, 80.93, 36.06, -44.87, 0.02, 0.02, 4.6, 
13, 6, eco121, 89, 1, 2.9, 14.9, 88.64, 27.7, -60.94, 0.02, 0, 4.44, 
14, 7, eco121, 89, 1, 2.9, 21, 61.61, 18.69, -42.92, 0.02, 0, 4.01, 
14, 8, eco121, 89, 1, 0, 21.4, 29.18, 8.35, -20.82, 0.02, 0, 3.99, 
14, 9, eco121, 89, 1, 0.6, 17.1, 61.83, 15.11, -46.72, 0.02, 0, 4.26, 
14, 10, eco121, 89, 1, 8.3, 12.3, 120.12, 42.76, -77.36, 0.03, 0.02, 5.11, 
14, 11, eco121, 89, 1, 5.1, 5, 28.96, 22.58, -6.38, 0.02, 0, 7, 
14, 12, eco121, 89, 1, 19.4, -0.2, 0.03, 0.61, 0.58, 0.03, 0.01, 9.78, 
14, 1, eco121, 89, 1, 7.1, 2.7, 13.83, 13.43, -0.4, 0.03, 0.02, 9.64, 
14, 2, eco121, 89, 1, 13, 6, 38.36, 16.48, -21.89, 0.03, 0.04, 9.45, 
14, 3, eco121, 89, 1, 6.1, 8.1, 63.38, 29.36, -34.02, 0.02, 0.05, 6.76, 
14, 4, eco121, 89, 1, 6.7, 10.2, 92.63, 38.76, -53.88, 0.02, 0.03, 5.32, 
14, 5, eco121, 89, 1, 1.7, 17.3, 82.84, 24.04, -58.8, 0.02, 0, 4.11, 
14, 6, eco121, 89, 1, 6.3, 17.8, 126.09, 44.2, -81.9, 0.02, 0.01, 3.31, 
15, 7, eco121, 89, 1, 1.7, 17.8, 46.19, 10.68, -35.52, 0.02, 0, 4.12, 
15, 8, eco121, 89, 1, 2.3, 19.3, 63.97, 17.82, -46.15, 0.02, 0, 5.06, 
15, 9, eco121, 89, 1, 0.4, 16.8, 73.55, 19.67, -53.88, 0.02, 0, 5.12, 
15, 10, eco121, 89, 1, 2.9, 11.9, 116.36, 41.77, -74.59, 0.02, 0, 5, 
15, 11, eco121, 89, 1, 3.2, 3.2, 16.7, 21.93, 5.22, 0.02, 0, 5.96, 
15, 12, eco121, 89, 1, 11.8, 1.8, 9.52, 23.29, 13.76, 0.03, 0.01, 9.73, 
15, 1, eco121, 89, 1, 21.3, -0.5, 0.03, 0.64, 0.61, 0.03, 0.01, 9.73, 
15, 2, eco121, 89, 1, 11.1, 1.7, 9.13, 23.46, 14.34, 0.03, 0.07, 9.6, 
15, 3, eco121, 89, 1, 9.5, 7.7, 59.24, 26.75, -32.49, 0.03, 0.08, 9.2, 
15, 4, eco121, 89, 1, 8.9, 6.7, 47.42, 29.39, -18.03, 0.03, 0.03, 6.53, 
15, 5, eco121, 89, 1, 10.7, 12.1, 121.05, 45.32, -75.73, 0.03, 0.06, 4.28, 
15, 6, eco121, 89, 1, 4.2, 15.1, 105.83, 33.62, -72.22, 0.02, 0, 4.06, 
16, 7, eco121, 89, 1, 0.3, 22.7, 24.84, 8.7, -16.14, 0.02, 0, 4.15, 
16, 8, eco121, 89, 1, 0, 19.7, 35.95, 9.47, -26.48, 0.02, 0, 4.11, 
16, 9, eco121, 89, 1, 1.3, 17.7, 72.21, 20.04, -52.17, 0.02, 0, 4.72, 
16, 10, eco121, 89, 1, 1.4, 10.3, 95.61, 39.2, -56.41, 0.02, 0, 5.2, 
16, 11, eco121, 89, 1, 16.9, 0.1, 0.03, 21.8, 21.77, 0.03, 0.01, 9.79, 
16, 12, eco121, 89, 1, 7.9, 0.4, 5.13, 22.31, 17.19, 0.03, 0.03, 9.74, 
16, 1, eco121, 89, 1, 8.6, 2.8, 14.61, 15.06, 0.44, 0.03, 0.02, 9.62, 
16, 2, eco121, 89, 1, 9.5, 2.9, 14.67, 15.18, 0.52, 0.03, 0.02, 9.61, 
16, 3, eco121, 89, 1, 2.6, 7.6, 59.11, 31.68, -27.43, 0.02, 0.04, 6.67, 
16, 4, eco121, 89, 1, 3.2, 9.4, 83.64, 40.15, -43.49, 0.02, 0, 5.49, 
16, 5, eco121, 89, 1, 4.8, 13.5, 134.83, 47.22, -87.61, 0.02, 0, 3.73, 
16, 6, eco121, 89, 1, 0.9, 16.6, 49.7, 11.64, -38.06, 0.02, 0, 4.13, 
17, 7, eco121, 89, 1, 5.8, 19.8, 101.84, 38.15, -63.69, 0.02, 0, 2.22, 
17, 8, eco121, 89, 1, 0, 19, 12.76, 5.03, -7.73, 0.02, 0, 2.21, 
17, 9, eco121, 89, 1, 0.6, 17.4, 29.57, 7.28, -22.29, 0.02, 0, 2.47, 
17, 10, eco121, 89, 1, 0.6, 11.6, 51.62, 14.8, -36.82, 0.02, 0, 2.75, 
17, 11, eco121, 89, 1, 2.9, 8.3, 69.38, 38.16, -31.22, 0.02, 0, 4.48, 
17, 12, eco121, 89, 1, 28.7, 3.3, 17.49, 16.23, -1.26, 0.04, 0.01, 9.62, 
17, 1, eco121, 89, 1, 39.7, 2.9, 15.23, 15.97, 0.74, 0.05, 0.04, 9.47, 
17, 2, eco121, 89, 1, 4.4, 7.4, 57.11, 21.88, -35.24, 0.02, 0.06, 9.25, 
17, 3, eco121, 89, 1, 27.5, 4.4, 24.85, 17.64, -7.21, 0.04, 0.04, 9.42, 
17, 4, eco121, 89, 1, 12.2, 6.9, 50.66, 28.05, -22.61, 0.03, 0.06, 9.27, 
17, 5, eco121, 89, 1, 5.6, 12.5, 130.87, 52.26, -78.61, 0.02, 0.05, 4.26, 
17, 6, eco121, 89, 1, 6.6, 15.4, 148.75, 51.95, -96.8, 0.02, 0.01, 3.83, 
18, 7, eco121, 89, 1, 1.3, 22.9, 32.89, 11.73, -21.16, 0.02, 0, 4.43, 
18, 8, eco121, 89, 1, 0.1, 21.2, 36.83, 11.37, -25.46, 0.02, 0, 4.43, 
18, 9, eco121, 89, 1, 1.8, 15.9, 99.4, 32.45, -66.96, 0.02, 0, 5.09, 
18, 10, eco121, 89, 1, 6.3, 10.6, 105.57, 45.83, -59.74, 0.02, 0.01, 5.42, 
18, 11, eco121, 89, 1, 16.1, 5.9, 40.01, 25.16, -14.85, 0.03, 0.02, 9.53, 
18, 12, eco121, 89, 1, 38.8, 2.5, 13.01, 15.9, 2.89, 0.05, 0.03, 9.56, 
18, 1, eco121, 89, 1, 25.4, 1.9, 10.15, 26.88, 16.73, 0.04, 0.08, 9.57, 
18, 2, eco121, 89, 1, 16.5, 4.9, 29.61, 18.54, -11.08, 0.03, 0.05, 9.35, 
18, 3, eco121, 89, 1, 6.9, 6.7, 49.25, 25.87, -23.37, 0.02, 0.05, 9.31, 
18, 4, eco121, 89, 1, 7.6, 8.5, 72.84, 38.69, -34.15, 0.03, 0.04, 6.02, 
18, 5, eco121, 89, 1, 7.5, 11.2, 114.34, 48.53, -65.81, 0.03, 0.03, 4.56, 
18, 6, eco121, 89, 1, 1, 17.4, 63.58, 16.97, -46.62, 0.02, 0, 5.02, 
19, 7, eco121, 89, 1, 1, 20.8, 52.8, 16.36, -36.45, 0.02, 0, 4.59, 
19, 8, eco121, 89, 1, 3, 20.2, 81.05, 28.54, -52.51, 0.02, 0, 3.84, 
19, 9, eco121, 89, 1, 3.1, 16.8, 108.77, 37.49, -71.28, 0.02, 0, 5.01, 
19, 10, eco121, 89, 1, 7.6, 9.9, 96.36, 44.78, -51.58, 0.03, 0.02, 5.58, 
19, 11, eco121, 89, 1, 14, 5.3, 33.92, 25.08, -8.84, 0.03, 0.01, 9.57, 
19, 12, eco121, 89, 1, 6.4, 1.4, 8.48, 26.62, 18.14, 0.02, 0.02, 9.73, 
19, 1, eco121, 89, 1, 22.5, 1.2, 7.61, 26.22, 18.61, 0.04, 0.05, 9.66, 
19, 2, eco121, 89, 1, 3.8, 3.1, 16.1, 17.04, 0.94, 0.02, 0.02, 9.58, 
19, 3, eco121, 89, 1, 5.2, 6.6, 48.42, 30.9, -17.51, 0.02, 0.04, 7.07, 
19, 4, eco121, 89, 1, 5.8, 8, 66.92, 39.88, -27.04, 0.02, 0.01, 6.16, 
19, 5, eco121, 89, 1, 2.5, 15.6, 121.24, 42.68, -78.56, 0.02, 0, 3.1, 
19, 6, eco121, 89, 1, 5.2, 15.4, 114.76, 39.3, -75.46, 0.02, 0, 4.69, 
20, 7, eco121, 89, 1, 1, 22.1, 43.11, 14.29, -28.82, 0.02, 0, 5.13, 
20, 8, eco121, 89, 1, 0, 21.9, 42.48, 14.04, -28.44, 0.02, 0, 5.1, 
20, 9, eco121, 89, 1, 1.7, 18.3, 97.36, 33.15, -64.2, 0.02, 0, 4.46, 
20, 10, eco121, 89, 1, 4.7, 9.6, 92.28, 45.09, -47.19, 0.02, 0, 5.51, 
20, 11, eco121, 89, 1, 28.8, 3.5, 18.87, 17.85, -1.03, 0.04, 0.01, 9.58, 
20, 12, eco121, 89, 1, 5.9, 0, 0.04, 25.11, 25.08, 0.02, 0.02, 9.75, 
20, 1, eco121, 89, 1, 30.6, 2.9, 15.57, 17.46, 1.9, 0.04, 0.03, 9.52, 
20, 2, eco121, 89, 1, 32.3, 1.7, 9.51, 28.18, 18.67, 0.04, 0.1, 9.51, 
20, 3, eco121, 89, 1, 15.8, 5, 31.27, 19.91, -11.36, 0.03, 0.05, 9.25, 
20, 4, eco121, 89, 1, 5.3, 7.5, 61.29, 35.08, -26.2, 0.02, 0.06, 6.26, 
20, 5, eco121, 89, 1, 13.2, 8.3, 72.64, 41.49, -31.15, 0.03, 0.04, 5.39, 
20, 6, eco121, 89, 1, 4.7, 16.1, 137.21, 51.1, -86.11, 0.02, 0, 2.71, 
21, 7, eco121, 89, 1, 0, 19.8, 17.53, 6.33, -11.19, 0.02, 0, 2.7, 
21, 8, eco121, 89, 1, 1.1, 19.2, 38.12, 9.68, -28.43, 0.02, 0, 3.21, 
21, 9, eco121, 89, 1, 0.2, 17.7, 45.17, 10.51, -34.66, 0.02, 0, 3.27, 
21, 10, eco121, 89, 1, 5.3, 11.6, 132.25, 52.36, -79.9, 0.02, 0, 5.06, 
21, 11, eco121, 89, 1, 12.2, 6.4, 52.2, 32.17, -20.02, 0.03, 0.01, 9.51, 
21, 12, eco121, 89, 1, 4.1, 1.8, 11.42, 28.84, 17.42, 0.02, 0.01, 9.72, 
21, 1, eco121, 89, 1, 14.5, 2.2, 13, 17.17, 4.17, 0.03, 0.01, 9.66, 
21, 2, eco121, 89, 1, 24.7, 1.1, 8.43, 27.97, 19.55, 0.04, 0.06, 9.63, 
21, 3, eco121, 89, 1, 6.9, 2.9, 17.24, 18.07, 0.83, 0.02, 0.02, 9.52, 
21, 4, eco121, 89, 1, 3, 7.2, 63, 36.53, -26.46, 0.02, 0.05, 6.38, 
21, 5, eco121, 89, 1, 0.9, 11.4, 116.28, 42.03, -74.25, 0.02, 0, 4.55, 
21, 6, eco121, 89, 1, 0.2, 15.9, 62.99, 14.58, -48.41, 0.02, 0, 4.61, 
22, 7, eco121, 89, 1, 1.5, 20.2, 65.11, 18.42, -46.69, 0.02, 0, 4.92, 
22, 8, eco121, 89, 1, 0.2, 20.4, 55.4, 15.54, -39.86, 0.02, 0, 4.97, 
22, 9, eco121, 89, 1, 0.9, 16.5, 95.03, 31, -64.02, 0.02, 0, 5.02, 
22, 10, eco121, 89, 1, 6.9, 10.2, 100.05, 50.54, -49.51, 0.02, 0.01, 5.47, 
22, 11, eco121, 89, 1, 4, 2.8, 17.05, 23.79, 6.74, 0.02, 0, 6.64, 
22, 12, eco121, 89, 1, 4.4, 2.5, 14.86, 18.14, 3.28, 0.02, 0, 8.44, 
22, 1, eco121, 89, 1, 20.7, 1.5, 9.84, 29.62, 19.78, 0.03, 0.03, 9.68, 
22, 2, eco121, 89, 1, 18.4, 4, 25.48, 19.97, -5.51, 0.03, 0.03, 9.49, 
22, 3, eco121, 89, 1, 5.9, 5, 35.32, 24.15, -11.17, 0.02, 0.03, 9.44, 
22, 4, eco121, 89, 1, 8.7, 10, 111.95, 48.75, -63.21, 0.03, 0.07, 5.12, 
22, 5, eco121, 89, 1, 2.7, 11.6, 120.32, 47.76, -72.56, 0.02, 0, 4.7, 
22, 6, eco121, 89, 1, 1.6, 19.1, 72.5, 21.34, -51.16, 0.02, 0, 4.73, 
23, 7, eco121, 89, 1, 1.8, 20.9, 64.12, 20.96, -43.16, 0.02, 0, 4.45, 
23, 8, eco121, 89, 1, 0, 21.7, 41.25, 12.96, -28.29, 0.02, 0, 4.41, 
23, 9, eco121, 89, 1, 2.5, 17.8, 88.7, 40.53, -48.18, 0.02, 0, 4.79, 
23, 10, eco121, 89, 1, 2.3, 12.1, 106.6, 54.36, -52.24, 0.02, 0, 5.13, 
23, 11, eco121, 89, 1, 19.8, 5.3, 39.17, 24.93, -14.24, 0.03, 0.01, 9.55, 
23, 12, eco121, 89, 1, 20, 1.8, 11.5, 30.55, 19.05, 0.03, 0.04, 9.66, 
23, 1, eco121, 89, 1, 7.5, 1.8, 11.27, 30.4, 19.13, 0.03, 0.04, 9.66, 
23, 2, eco121, 89, 1, 8.6, 1.9, 12, 30.62, 18.63, 0.03, 0.04, 9.65, 
23, 3, eco121, 89, 1, 7.2, 7.2, 65.24, 32.86, -32.38, 0.03, 0.05, 9.33, 
23, 4, eco121, 89, 1, 4.5, 6.4, 53.4, 37.15, -16.25, 0.02, 0.01, 7.15, 
23, 5, eco121, 89, 1, 1.4, 16.6, 126.88, 45.34, -81.54, 0.02, 0, 2.46, 
23, 6, eco121, 89, 1, 2.4, 16.2, 67.53, 16.5, -51.03, 0.02, 0, 3.65, 
24, 7, eco121, 89, 1, 0.6, 22.7, 31.18, 11.19, -19.99, 0.02, 0, 3.94, 
24, 8, eco121, 89, 1, 0, 20.2, 40.39, 11.44, -28.95, 0.02, 0, 3.91, 
24, 9, eco121, 89, 1, 0.3, 17, 67.66, 17.74, -49.93, 0.02, 0, 4.03, 
24, 10, eco121, 89, 1, 0.2, 10.7, 80.62, 37.72, -42.9, 0.02, 0, 4.21, 
24, 11, eco121, 89, 1, 11.5, 6.1, 49.04, 32.84, -16.2, 0.03, 0, 9.56, 
24, 12, eco121, 89, 1, 37.5, 2.5, 15.18, 19.19, 4.01, 0.05, 0.02, 9.58, 
24, 1, eco121, 89, 1, 10.6, 0.9, 7.48, 29.89, 22.41, 0.03, 0.05, 9.66, 
24, 2, eco121, 89, 1, 7.6, 5.3, 39.22, 22.83, -16.39, 0.03, 0.03, 9.43, 
24, 3, eco121, 89, 1, 4.5, 5.8, 45.12, 31.02, -14.1, 0.02, 0.02, 9.46, 
24, 4, eco121, 89, 1, 4.9, 9.8, 109.55, 51.8, -57.75, 0.02, 0.04, 5.32, 
24, 5, eco121, 89, 1, 1.9, 12.8, 103.43, 45.43, -58.01, 0.02, 0, 4.67, 
24, 6, eco121, 89, 1, 0.9, 18, 67.03, 19.46, -47.57, 0.02, 0, 5.08, 
25, 7, eco121, 89, 1, 2.9, 23.2, 61.88, 28.91, -32.97, 0.02, 0, 2.38, 
25, 8, eco121, 89, 1, 1.9, 20.5, 44.37, 12.99, -31.38, 0.02, 0, 3.31, 
25, 9, eco121, 89, 1, 0.7, 17.9, 58.49, 16.22, -42.26, 0.02, 0, 3.65, 
25, 10, eco121, 89, 1, 0.3, 12.7, 73.9, 28.71, -45.19, 0.02, 0, 3.76, 
25, 11, eco121, 89, 1, 10, 3.7, 23.91, 25.79, 1.88, 0.03, 0, 8.08, 
25, 12, eco121, 89, 1, 19.6, 2.2, 13.61, 19.45, 5.84, 0.03, 0.01, 9.67, 
25, 1, eco121, 89, 1, 10.5, 5.7, 44.61, 24.17, -20.44, 0.03, 0.03, 9.44, 
25, 2, eco121, 89, 1, 4.6, 3.9, 25.06, 21.71, -3.35, 0.02, 0.01, 9.63, 
25, 3, eco121, 89, 1, 11.1, 7, 62.36, 36.79, -25.57, 0.03, 0.03, 9.39, 
25, 4, eco121, 89, 1, 13.9, 5.5, 42.59, 31.39, -11.2, 0.03, 0.02, 9.46, 
25, 5, eco121, 89, 1, 2.1, 12.9, 130.53, 66.72, -63.81, 0.02, 0.04, 3.49, 
25, 6, eco121, 89, 1, 0.2, 18.9, 39.32, 10.78, -28.54, 0.02, 0, 3.57, 
26, 7, eco121, 89, 1, 0.4, 22.1, 30.14, 11.08, -19.06, 0.02, 0, 3.74, 
26, 8, eco121, 89, 1, 0.6, 21, 43.29, 13.66, -29.64, 0.02, 0, 3.99, 
26, 9, eco121, 89, 1, 0.7, 15.9, 69.84, 24.8, -45.04, 0.02, 0, 4.3, 
26, 10, eco121, 89, 1, 11.1, 10.6, 91.21, 56.36, -34.85, 0.03, 0.04, 5.49, 
26, 11, eco121, 89, 1, 4.7, 4.3, 28.83, 31.71, 2.88, 0.02, 0, 7, 
26, 12, eco121, 89, 1, 19.1, 2.6, 15.87, 20.15, 4.29, 0.03, 0.01, 9.68, 
26, 1, eco121, 89, 1, 11.8, 1.8, 11.35, 33.27, 21.92, 0.03, 0.04, 9.67, 
26, 2, eco121, 89, 1, 21.3, 3.7, 24.14, 21.64, -2.5, 0.03, 0.03, 9.5, 
26, 3, eco121, 89, 1, 4.7, 9.4, 106.52, 46.12, -60.4, 0.02, 0.1, 5.66, 
26, 4, eco121, 89, 1, 3.7, 10.9, 107.39, 57.91, -49.48, 0.02, 0, 5.01, 
26, 5, eco121, 89, 1, 3.7, 12.8, 101.32, 56.61, -44.71, 0.02, 0, 4.4, 
26, 6, eco121, 89, 1, 1, 18.1, 61.05, 18.74, -42.31, 0.02, 0, 4.84, 
27, 7, eco121, 89, 1, 1, 22.5, 50.52, 17.81, -32.72, 0.02, 0, 4.92, 
27, 8, eco121, 89, 1, 0, 21.4, 49.48, 15.87, -33.6, 0.02, 0, 4.87, 
27, 9, eco121, 89, 1, 0.6, 15.6, 77.79, 32.35, -45.44, 0.02, 0, 5.13, 
27, 10, eco121, 89, 1, 2.4, 10.9, 92.61, 56.68, -35.93, 0.02, 0, 5.23, 
27, 11, eco121, 89, 1, 16.7, 4.4, 30.3, 24.78, -5.52, 0.03, 0.01, 9.6, 
27, 12, eco121, 89, 1, 38.4, 2.5, 15.49, 20.12, 4.64, 0.05, 0.02, 9.57, 
27, 1, eco121, 89, 1, 10.8, 1.9, 11.89, 33.45, 21.56, 0.03, 0.06, 9.61, 
27, 2, eco121, 89, 1, 4.8, 5.3, 39.92, 23.87, -16.05, 0.02, 0.03, 9.43, 
27, 3, eco121, 89, 1, 11.2, 7.7, 75.5, 38.74, -36.75, 0.03, 0.05, 9.28, 
27, 4, eco121, 89, 1, 6.8, 7.9, 79.09, 46.46, -32.63, 0.02, 0.03, 6.25, 
27, 5, eco121, 89, 1, 12.9, 12.6, 115.13, 65.5, -49.63, 0.03, 0.08, 4.29, 
27, 6, eco121, 89, 1, 3, 14.8, 85.09, 39.66, -45.44, 0.02, 0, 4.7, 
28, 7, eco121, 89, 1, 0.6, 22.7, 44.85, 15.6, -29.25, 0.02, 0, 4.96, 
28, 8, eco121, 89, 1, 0.7, 20.1, 59.66, 20.58, -39.08, 0.02, 0, 5.05, 
28, 9, eco121, 89, 1, 0.1, 16.8, 71.75, 27.2, -44.55, 0.02, 0, 5.07, 
28, 10, eco121, 89, 1, 1, 10.5, 89.69, 53.25, -36.44, 0.02, 0, 5.21, 
28, 11, eco121, 89, 1, 14.7, 5.1, 38.86, 29.16, -9.7, 0.03, 0.01, 9.58, 
28, 12, eco121, 89, 1, 18.7, 2.4, 14.76, 20.1, 5.34, 0.03, 0.01, 9.64, 
28, 1, eco121, 89, 1, 22.3, 1.9, 11.84, 33.6, 21.76, 0.04, 0.06, 9.62, 
28, 2, eco121, 89, 1, 9.9, 4.2, 28.32, 22.5, -5.83, 0.03, 0.03, 9.48, 
28, 3, eco121, 89, 1, 15.1, 2, 12.61, 19.85, 7.24, 0.03, 0.02, 9.61, 
28, 4, eco121, 89, 1, 8, 8.3, 86.54, 43.04, -43.5, 0.03, 0.07, 6.13, 
28, 5, eco121, 89, 1, 3.3, 14.3, 130.23, 61.53, -68.7, 0.02, 0, 3.36, 
28, 6, eco121, 89, 1, 2.1, 19.1, 58.79, 18.98, -39.81, 0.02, 0, 4.4, 
29, 7, eco121, 89, 1, 2.2, 22.4, 56.59, 22.86, -33.73, 0.02, 0, 4.52, 
29, 8, eco121, 89, 1, 0.3, 20.5, 52.84, 16.59, -36.25, 0.02, 0, 4.65, 
29, 9, eco121, 89, 1, 1.1, 15.6, 81.56, 37.85, -43.71, 0.02, 0, 5.16, 
29, 10, eco121, 89, 1, 10.6, 9.7, 84.34, 52.95, -31.39, 0.03, 0.04, 5.76, 
29, 11, eco121, 89, 1, 4.2, 5.7, 46.33, 39.13, -7.2, 0.02, 0, 6.44, 
29, 12, eco121, 89, 1, 13.1, 0.6, 6.68, 31.12, 24.44, 0.03, 0, 9.78, 
29, 1, eco121, 89, 1, 4.2, 0.6, 6.81, 31.16, 24.34, 0.02, 0.02, 9.74, 
29, 2, eco121, 89, 1, 16.5, 3.6, 23.53, 21.92, -1.61, 0.03, 0.02, 9.56, 
29, 3, eco121, 89, 1, 1.8, 8.8, 97.9, 47.42, -50.47, 0.02, 0.06, 6.16, 
29, 4, eco121, 89, 1, 4.5, 9.6, 100.48, 54.58, -45.9, 0.02, 0.01, 5.48, 
29, 5, eco121, 89, 1, 1.8, 14.7, 90.88, 42.76, -48.12, 0.02, 0, 4.29, 
29, 6, eco121, 89, 1, 1.4, 17.2, 67.58, 22.37, -45.2, 0.02, 0, 4.97, 
30, 7, eco121, 89, 1, 0, 21.1, 48.58, 15.06, -33.52, 0.02, 0, 4.94, 
30, 8, eco121, 89, 1, 0.1, 20.6, 53.35, 17.1, -36.26, 0.02, 0, 4.93, 
30, 9, eco121, 89, 1, 0, 18.1, 65.1, 23.22, -41.87, 0.02, 0, 4.88, 
30, 10, eco121, 89, 1, 4.3, 11.1, 93.21, 60.35, -32.86, 0.02, 0, 5.24, 
30, 11, eco121, 89, 1, 8.2, 6.4, 55.61, 39.31, -16.3, 0.03, 0, 8.69, 
30, 12, eco121, 89, 1, 9.1, 0.2, 5.51, 30.52, 25.01, 0.03, 0.01, 9.78, 
30, 1, eco121, 89, 1, 20.2, 0.2, 5.47, 30.48, 25.01, 0.03, 0.03, 9.72, 
30, 2, eco121, 89, 1, 7.9, 3.8, 25.72, 22.51, -3.21, 0.03, 0.02, 9.52, 
30, 3, eco121, 89, 1, 4.3, 4.8, 35.39, 28.03, -7.37, 0.02, 0.02, 9.49, 
30, 4, eco121, 89, 1, 2.2, 7.3, 71.52, 45.99, -25.53, 0.02, 0.02, 6.56, 
30, 5, eco121, 89, 1, 4.2, 13.5, 129.37, 66.16, -63.2, 0.02, 0.01, 3.55, 
30, 6, eco121, 89, 1, 0.4, 17.1, 50.55, 12.48, -38.06, 0.02, 0, 3.74, 
31, 7, eco121, 89, 1, 0.2, 22.1, 31.71, 11.38, -20.33, 0.02, 0, 3.83, 
31, 8, eco121, 89, 1, 0.5, 20, 48.77, 14.17, -34.6, 0.02, 0, 4.03, 
31, 9, eco121, 89, 1, 0.2, 18.1, 58.4, 18.17, -40.23, 0.02, 0, 4.09, 
31, 10, eco121, 89, 1, 6.9, 10.4, 88.88, 59.02, -29.86, 0.02, 0.01, 5.5, 
31, 11, eco121, 89, 1, 5.7, 4.5, 32.34, 33.32, 0.98, 0.02, 0, 7.58, 
31, 12, eco121, 89, 1, 5.8, 0, 0.04, 0.96, 0.92, 0.02, 0, 9.64, 
31, 1, eco121, 89, 1, 3.1, 2.9, 18.02, 21.79, 3.77, 0.02, 0, 9.68, 
31, 2, eco121, 89, 1, 13, 3.9, 26.07, 23.28, -2.8, 0.03, 0.01, 9.58, 
31, 3, eco121, 89, 1, 11.6, 5.1, 39.06, 28.6, -10.45, 0.03, 0.03, 9.46, 
31, 4, eco121, 89, 1, 1.7, 8.5, 92.54, 52.18, -40.36, 0.02, 0.03, 6.04, 
31, 5, eco121, 89, 1, 8.5, 15.2, 118.01, 79.55, -38.46, 0.03, 0.04, 4.18, 
31, 6, eco121, 89, 1, 5.9, 17, 97.07, 62.47, -34.6, 0.02, 0, 3.2, 
32, 7, eco121, 89, 1, 0.6, 22.2, 29.04, 10.7, -18.34, 0.02, 0, 3.49, 
32, 8, eco121, 89, 1, 0, 19.7, 36.66, 10.48, -26.19, 0.02, 0, 3.46, 
32, 9, eco121, 89, 1, 1.9, 16.4, 73.01, 28, -45.01, 0.02, 0, 4.36, 
32, 10, eco121, 89, 1, 19, 11.2, 95.52, 58.12, -37.39, 0.03, 0.09, 5.05, 
32, 11, eco121, 89, 1, 10.5, 3.4, 23.02, 26.21, 3.2, 0.03, 0, 9.42, 
32, 12, eco121, 89, 1, 22, 1.7, 11.47, 34.08, 22.62, 0.04, 0.04, 9.66, 
32, 1, eco121, 89, 1, 18.9, 2.7, 17.58, 21.36, 3.78, 0.03, 0.02, 9.56, 
32, 2, eco121, 89, 1, 8.7, 3.9, 27.04, 23.06, -3.97, 0.03, 0.02, 9.49, 
32, 3, eco121, 89, 1, 8.1, 4.6, 33.96, 27.73, -6.23, 0.03, 0.03, 9.45, 
32, 4, eco121, 89, 1, 14.4, 4.9, 37.39, 31.25, -6.15, 0.03, 0.03, 9.41, 
32, 5, eco121, 89, 1, 3.8, 8.3, 92.02, 52.55, -39.47, 0.02, 0.03, 5.19, 
32, 6, eco121, 89, 1, 2.8, 15.3, 95.79, 45.08, -50.7, 0.02, 0, 3.81, 
33, 7, eco121, 89, 1, 2.9, 19.6, 65.77, 25.76, -40.01, 0.02, 0, 5.03, 
33, 8, eco121, 89, 1, 0.1, 20.2, 55.49, 18.17, -37.32, 0.02, 0, 5.04, 
33, 9, eco121, 89, 1, 0.3, 19.1, 66.43, 25.71, -40.72, 0.02, 0, 5.16, 
33, 10, eco121, 89, 1, 8, 11.4, 96.32, 63.93, -32.38, 0.03, 0.03, 5.02, 
33, 11, eco121, 89, 1, 5.8, 4, 27.86, 33.75, 5.89, 0.02, 0, 6.94, 
33, 12, eco121, 89, 1, 2.8, 3.2, 21.48, 27.3, 5.82, 0.02, 0, 8.08, 
33, 1, eco121, 89, 1, 5, 3.6, 24.25, 26.15, 1.91, 0.02, 0, 9.66, 
33, 2, eco121, 89, 1, 7.5, 2, 12.98, 35.57, 22.59, 0.03, 0.02, 9.69, 
33, 3, eco121, 89, 1, 22.5, 3.7, 25.67, 22.94, -2.73, 0.04, 0.02, 9.47, 
33, 4, eco121, 89, 1, 5.9, 5.9, 51.28, 36.6, -14.68, 0.02, 0.04, 9.36, 
33, 5, eco121, 89, 1, 7.9, 9.4, 109.11, 55.9, -53.21, 0.03, 0.05, 4.64, 
33, 6, eco121, 89, 1, 5.1, 15.5, 101.83, 60.11, -41.72, 0.02, 0, 3.21, 
34, 7, eco121, 89, 1, 0.6, 21.1, 35.44, 11.16, -24.28, 0.02, 0, 3.49, 
34, 8, eco121, 89, 1, 0, 22.8, 27.93, 11.03, -16.89, 0.02, 0, 3.46, 
34, 9, eco121, 89, 1, 0, 19.6, 47.97, 13.17, -34.8, 0.02, 0, 3.42, 
34, 10, eco121, 89, 1, 5.1, 13, 106.08, 68.42, -37.66, 0.02, 0, 5.02, 
34, 11, eco121, 89, 1, 21.8, 6.8, 61.15, 30.95, -30.2, 0.04, 0.04, 7.24, 
34, 12, eco121, 89, 1, 23.1, 0.1, 5.39, 31.51, 26.12, 0.04, 0.02, 9.77, 
34, 1, eco121, 89, 1, 17.3, 2.9, 19.21, 21.87, 2.66, 0.03, 0.02, 9.55, 
34, 2, eco121, 89, 1, 4.6, 3.9, 27.67, 23.36, -4.31, 0.02, 0.02, 9.56, 
34, 3, eco121, 89, 1, 23.2, 4.1, 29.22, 23.7, -5.52, 0.04, 0.03, 9.46, 
34, 4, eco121, 89, 1, 6.4, 8.6, 100.23, 48.54, -51.69, 0.02, 0.07, 6.08, 
34, 5, eco121, 89, 1, 1.6, 13.3, 108.22, 54.64, -53.58, 0.02, 0, 4.3, 
34, 6, eco121, 89, 1, 3.1, 15.5, 87.87, 43.68, -44.19, 0.02, 0, 4.62, 
35, 7, eco121, 89, 1, 0.9, 24.3, 45.37, 17.71, -27.66, 0.02, 0, 5.04, 
35, 8, eco121, 89, 1, 0.8, 21, 61.24, 22.81, -38.43, 0.02, 0, 4.86, 
35, 9, eco121, 89, 1, 4.4, 15.6, 114.92, 74.16, -40.75, 0.02, 0, 4.16, 
35, 10, eco121, 89, 1, 0, 10.4, 84.92, 43.56, -41.36, 0.02, 0, 4.14, 
35, 11, eco121, 89, 1, 4.9, 6.6, 60.44, 45.06, -15.38, 0.02, 0, 5.67, 
35, 12, eco121, 89, 1, 1.3, 2.3, 15.49, 24.53, 9.04, 0.02, 0, 5.74, 
35, 1, eco121, 89, 1, 4, 1.9, 12.95, 35.1, 22.15, 0.02, 0, 7.07, 
35, 2, eco121, 89, 1, 2, 3.5, 24.5, 25.78, 1.28, 0.02, 0, 8.52, 
35, 3, eco121, 89, 1, 7.6, 7.6, 82.84, 45.72, -37.12, 0.03, 0.03, 6.89, 
35, 4, eco121, 89, 1, 2.5, 9.5, 104.25, 56.52, -47.73, 0.02, 0, 5.63, 
35, 5, eco121, 89, 1, 3.9, 13.6, 110.16, 64.44, -45.72, 0.02, 0, 3.83, 
35, 6, eco121, 89, 1, 1.5, 18.4, 63.42, 19.9, -43.52, 0.02, 0, 4.58, 
36, 7, eco121, 89, 1, 1.5, 23.6, 52.24, 19.92, -32.32, 0.02, 0, 4.94, 
36, 8, eco121, 89, 1, 0.8, 21, 61.34, 22.52, -38.83, 0.02, 0, 4.96, 
36, 9, eco121, 89, 1, 4.3, 17.7, 109.71, 73.81, -35.89, 0.02, 0, 3.64, 
36, 10, eco121, 89, 1, 11.7, 12, 103.47, 64.73, -38.74, 0.03, 0.04, 5.15, 
36, 11, eco121, 89, 1, 9.3, 5.6, 49.23, 34.28, -14.96, 0.03, 0, 9.4, 
36, 12, eco121, 89, 1, 18.6, 3.4, 23.57, 22.41, -1.16, 0.03, 0.01, 9.62, 
36, 1, eco121, 89, 1, 3.3, 3.5, 24.6, 22.76, -1.84, 0.02, 0.01, 9.63, 
36, 2, eco121, 89, 1, 16.6, 4.4, 33.63, 24.21, -9.42, 0.03, 0.02, 9.53, 
36, 3, eco121, 89, 1, 15.7, 6.7, 66.04, 32.73, -33.3, 0.03, 0.05, 9.35, 
36, 4, eco121, 89, 1, 1.9, 10.1, 112.39, 60.64, -51.75, 0.02, 0.02, 5.44, 
36, 5, eco121, 89, 1, 1.9, 13.5, 96.77, 52.35, -44.42, 0.02, 0, 4.56, 
36, 6, eco121, 89, 1, 0.8, 17.6, 65.73, 21.48, -44.25, 0.02, 0, 4.91, 
37, 7, eco121, 89, 1, 2.2, 21.7, 65.54, 28.65, -36.89, 0.02, 0, 3.72, 
37, 8, eco121, 89, 1, 0.1, 20.9, 43.79, 12.95, -30.84, 0.02, 0, 3.74, 
37, 9, eco121, 89, 1, 0.8, 17.2, 69.69, 24.8, -44.9, 0.02, 0, 4.12, 
37, 10, eco121, 89, 1, 2.6, 14.7, 106.94, 64.49, -42.46, 0.02, 0, 5.11, 
37, 11, eco121, 89, 1, 4.9, 3.5, 24.87, 28.19, 3.33, 0.02, 0, 7.12, 
37, 12, eco121, 89, 1, 27, 0.4, 6.29, 33, 26.71, 0.04, 0.03, 9.74, 
37, 1, eco121, 89, 1, 4.8, 5, 41.01, 25.72, -15.29, 0.02, 0.02, 9.52, 
37, 2, eco121, 89, 1, 17.8, 6.9, 70.08, 29.03, -41.05, 0.03, 0.03, 9.39, 
37, 3, eco121, 89, 1, 5.4, 9.1, 99.35, 52.61, -46.74, 0.02, 0.05, 6.41, 
37, 4, eco121, 89, 1, 3, 8.9, 82.39, 57.06, -25.33, 0.02, 0, 6.11, 
37, 5, eco121, 89, 1, 4.1, 13.5, 108.76, 71.16, -37.6, 0.02, 0, 3.85, 
37, 6, eco121, 89, 1, 0.8, 21.7, 48.05, 15.23, -32.82, 0.02, 0, 4.23, 
38, 7, eco121, 89, 1, 0.3, 20.6, 48.39, 14.25, -34.14, 0.02, 0, 4.32, 
38, 8, eco121, 89, 1, 0.1, 22.8, 43.6, 15.05, -28.55, 0.02, 0, 4.33, 
38, 9, eco121, 89, 1, 0, 16.7, 67.08, 22.56, -44.52, 0.02, 0, 4.31, 
38, 10, eco121, 89, 1, 26.3, 8.8, 81.98, 45.57, -36.41, 0.04, 0.1, 6.05, 
38, 11, eco121, 89, 1, 12.4, 6.2, 55.45, 37.76, -17.69, 0.03, 0.01, 9.54, 
38, 12, eco121, 89, 1, 12.8, -0.3, 0.04, 1.02, 0.98, 0.03, 0, 9.76, 
38, 1, eco121, 89, 1, 28.8, 1.3, 10.14, 36.24, 26.1, 0.04, 0.06, 9.63, 
38, 2, eco121, 89, 1, 8.1, 6.1, 57.08, 28.42, -28.67, 0.03, 0.04, 9.37, 
38, 3, eco121, 89, 1, 22.5, 5.9, 54.84, 28.46, -26.37, 0.04, 0.04, 9.33, 
38, 4, eco121, 89, 1, 5.5, 10.6, 111.64, 63.61, -48.04, 0.02, 0.08, 5.04, 
38, 5, eco121, 89, 1, 3.2, 13.5, 101.49, 60.87, -40.62, 0.02, 0, 4.36, 
38, 6, eco121, 89, 1, 2.4, 18, 75.12, 32.5, -42.62, 0.02, 0, 4.74, 
39, 7, eco121, 89, 1, 0.4, 22, 49.73, 17.02, -32.71, 0.02, 0, 4.88, 
39, 8, eco121, 89, 1, 0.4, 22, 54.07, 20.12, -33.96, 0.02, 0, 5.05, 
39, 9, eco121, 89, 1, 1.2, 16.3, 86.6, 45.02, -41.58, 0.02, 0, 4.87, 
39, 10, eco121, 89, 1, 3, 10.6, 94.1, 63.95, -30.15, 0.02, 0, 5.28, 
39, 11, eco121, 89, 1, 10.9, 4.5, 35.87, 31.71, -4.16, 0.03, 0, 9.63, 
39, 12, eco121, 89, 1, 1.9, 1.7, 11.68, 37, 25.32, 0.02, 0.01, 9.74, 
39, 1, eco121, 89, 1, 25.9, -0.4, 0.04, 1.02, 0.98, 0.04, 0, 9.73, 
39, 2, eco121, 89, 1, 26.4, 3.2, 22.61, 24.23, 1.62, 0.04, 0.04, 9.46, 
39, 3, eco121, 89, 1, 12.8, 6.6, 66.05, 31.84, -34.21, 0.03, 0.05, 9.25, 
39, 4, eco121, 89, 1, 13.2, 6.3, 60.95, 38.79, -22.17, 0.03, 0.04, 9.35, 
39, 5, eco121, 89, 1, 1.7, 13.9, 132.62, 79.46, -53.17, 0.02, 0.02, 2.67, 
39, 6, eco121, 89, 1, 2, 17.9, 57.6, 17.42, -40.18, 0.02, 0, 3.68, 
40, 7, eco121, 89, 1, 0, 22.1, 30.26, 11.64, -18.62, 0.02, 0, 3.64, 
40, 8, eco121, 89, 1, 0, 20.2, 42.42, 12.62, -29.8, 0.02, 0, 3.6, 
40, 9, eco121, 89, 1, 0.3, 15.7, 63.22, 20.15, -43.07, 0.02, 0, 3.72, 
40, 10, eco121, 89, 1, 1.7, 11.5, 94.44, 56.55, -37.88, 0.02, 0, 4.54, 
40, 11, eco121, 89, 1, 11.8, 5.7, 49.95, 38.5, -11.45, 0.03, 0.01, 9.56, 
40, 12, eco121, 89, 1, 7.7, 1.1, 9.02, 36.74, 27.71, 0.03, 0.01, 9.74, 
40, 1, eco121, 89, 1, 10.1, 3.6, 25.68, 25.06, -0.61, 0.03, 0.01, 9.61, 
40, 2, eco121, 89, 1, 3, 2.9, 19.56, 24.12, 4.56, 0.02, 0.01, 9.65, 
40, 3, eco121, 89, 1, 8.3, 4, 29.94, 28.45, -1.49, 0.03, 0.01, 9.56, 
40, 4, eco121, 89, 1, 8.3, 7.8, 89.82, 52.26, -37.56, 0.03, 0.05, 6.3, 
40, 5, eco121, 89, 1, 4.9, 14.3, 119.15, 78.67, -40.48, 0.02, 0.01, 3.56, 
40, 6, eco121, 89, 1, 0.5, 17.4, 53.15, 14.54, -38.61, 0.02, 0, 3.8, 
41, 7, eco121, 89, 1, 0, 20.2, 39.4, 12.03, -27.37, 0.02, 0, 3.76, 
41, 8, eco121, 89, 1, 1.1, 20.5, 53.66, 18.28, -35.38, 0.02, 0, 4.27, 
41, 9, eco121, 89, 1, 3.1, 14.7, 98.65, 62.1, -36.56, 0.02, 0, 4.83, 
41, 10, eco121, 89, 1, 1.5, 7.8, 72.27, 55.19, -17.08, 0.02, 0, 5.44, 
41, 11, eco121, 89, 1, 5.7, 5.8, 51.16, 44.37, -6.78, 0.02, 0, 7.09, 
41, 12, eco121, 89, 1, 12, 1.7, 12.21, 37.78, 25.58, 0.03, 0.01, 9.73, 
41, 1, eco121, 89, 1, 17.5, 3.4, 24.28, 24.59, 0.31, 0.03, 0.02, 9.56, 
41, 2, eco121, 89, 1, 24.6, -0.8, 0.03, 1.02, 0.99, 0.04, 0, 9.69, 
41, 3, eco121, 89, 1, 8.2, 4.1, 31.58, 26.1, -5.48, 0.03, 0.03, 9.41, 
41, 4, eco121, 89, 1, 5.7, 9.5, 117.2, 58.47, -58.73, 0.02, 0.09, 5.18, 
41, 5, eco121, 89, 1, 7.7, 11.9, 102.31, 71.99, -30.32, 0.03, 0.02, 4.3, 
41, 6, eco121, 89, 1, 0.3, 17.8, 55.51, 16.24, -39.27, 0.02, 0, 4.4, 
42, 7, eco121, 89, 1, 0, 20.2, 47.77, 14.36, -33.41, 0.02, 0, 4.36, 
42, 8, eco121, 89, 1, 1.1, 20.5, 58.31, 21.76, -36.55, 0.02, 0, 4.86, 
42, 9, eco121, 89, 1, 3.1, 14.7, 103.52, 67.54, -35.98, 0.02, 0, 4.52, 
42, 10, eco121, 89, 1, 1.5, 7.8, 72.13, 54.57, -17.56, 0.02, 0, 5.35, 
42, 11, eco121, 89, 1, 5.7, 5.8, 51.08, 44.29, -6.79, 0.02, 0, 7.04, 
42, 12, eco121, 89, 1, 12, 1.7, 12.23, 37.63, 25.39, 0.03, 0.01, 9.73, 
42, 1, eco121, 89, 1, 17.5, 3.4, 24.37, 24.6, 0.23, 0.03, 0.02, 9.56, 
42, 2, eco121, 89, 1, 24.6, -0.8, 0.03, 1.02, 0.99, 0.04, 0, 9.69, 
42, 3, eco121, 89, 1, 8.2, 4.1, 31.73, 26.12, -5.61, 0.03, 0.03, 9.41, 
42, 4, eco121, 89, 1, 5.7, 9.5, 117.99, 58.35, -59.64, 0.02, 0.09, 5.18, 
42, 5, eco121, 89, 1, 7.7, 11.9, 103.42, 71.89, -31.53, 0.03, 0.03, 4.3, 
42, 6, eco121, 89, 1, 0.3, 17.8, 55.46, 16.23, -39.22, 0.02, 0, 4.4, 
43, 7, eco121, 89, 1, 0, 20.2, 47.79, 14.35, -33.44, 0.02, 0, 4.36, 
43, 8, eco121, 89, 1, 1.1, 20.5, 58.26, 21.76, -36.5, 0.02, 0, 4.86, 
43, 9, eco121, 89, 1, 3.1, 14.7, 103.15, 67.55, -35.6, 0.02, 0, 4.52, 
43, 10, eco121, 89, 1, 1.5, 7.8, 72.02, 54.62, -17.4, 0.02, 0, 5.35, 
43, 11, eco121, 89, 1, 5.7, 5.8, 51.01, 44.36, -6.65, 0.02, 0, 7.04, 
43, 12, eco121, 89, 1, 12, 1.7, 12.27, 37.68, 25.41, 0.03, 0.01, 9.73, 
43, 1, eco121, 89, 1, 17.5, 3.4, 24.48, 24.68, 0.2, 0.03, 0.02, 9.56, 
43, 2, eco121, 89, 1, 24.6, -0.8, 0.03, 1.02, 0.99, 0.04, 0, 9.69, 
43, 3, eco121, 89, 1, 8.2, 4.1, 31.88, 26.21, -5.67, 0.03, 0.03, 9.41, 
43, 4, eco121, 89, 1, 5.7, 9.5, 118.26, 58.48, -59.78, 0.02, 0.09, 5.18, 
43, 5, eco121, 89, 1, 7.7, 11.9, 103.33, 72.06, -31.27, 0.03, 0.03, 4.3, 
43, 6, eco121, 89, 1, 0.3, 17.8, 55.42, 16.27, -39.14, 0.02, 0, 4.4, 
44, 7, eco121, 89, 1, 0, 20.2, 47.82, 14.39, -33.43, 0.02, 0, 4.36, 
44, 8, eco121, 89, 1, 1.1, 20.5, 58.23, 21.81, -36.41, 0.02, 0, 4.86, 
44, 9, eco121, 89, 1, 3.1, 14.7, 102.81, 67.74, -35.06, 0.02, 0, 4.52, 
44, 10, eco121, 89, 1, 1.5, 7.8, 71.91, 54.78, -17.13, 0.02, 0, 5.35, 
44, 11, eco121, 89, 1, 5.7, 5.8, 50.96, 44.5, -6.46, 0.02, 0, 7.04, 
44, 12, eco121, 89, 1, 12, 1.7, 12.33, 37.8, 25.47, 0.03, 0.01, 9.73, 
44, 1, eco121, 89, 1, 17.5, 3.4, 24.6, 24.79, 0.19, 0.03, 0.02, 9.56, 
44, 2, eco121, 89, 1, 24.6, -0.8, 0.03, 1.02, 1, 0.04, 0, 9.69, 
44, 3, eco121, 89, 1, 8.2, 4.1, 32.05, 26.32, -5.73, 0.03, 0.03, 9.41, 
44, 4, eco121, 89, 1, 5.7, 9.5, 118.41, 58.68, -59.72, 0.02, 0.09, 5.18, 
44, 5, eco121, 89, 1, 7.7, 11.9, 102.94, 72.31, -30.63, 0.03, 0.03, 4.3, 
44, 6, eco121, 89, 1, 0.3, 17.8, 55.39, 16.33, -39.06, 0.02, 0, 4.4, 
45, 7, eco121, 89, 1, 0, 20.2, 47.86, 14.44, -33.43, 0.02, 0, 4.36, 
45, 8, eco121, 89, 1, 1.1, 20.5, 58.21, 21.89, -36.32, 0.02, 0, 4.86, 
45, 9, eco121, 89, 1, 3.1, 14.7, 102.48, 67.98, -34.5, 0.02, 0, 4.52, 
45, 10, eco121, 89, 1, 1.5, 7.8, 71.82, 54.98, -16.85, 0.02, 0, 5.35, 
45, 11, eco121, 89, 1, 5.7, 5.8, 50.92, 44.66, -6.25, 0.02, 0, 7.04, 
45, 12, eco121, 89, 1, 12, 1.7, 12.39, 37.94, 25.55, 0.03, 0.01, 9.73, 
45, 1, eco121, 89, 1, 17.5, 3.4, 24.73, 24.9, 0.17, 0.03, 0.02, 9.56, 
45, 2, eco121, 89, 1, 24.6, -0.8, 0.03, 1.03, 1, 0.04, 0, 9.69, 
45, 3, eco121, 89, 1, 8.2, 4.1, 32.22, 26.43, -5.79, 0.03, 0.03, 9.41, 
45, 4, eco121, 89, 1, 5.7, 9.5, 118.52, 58.9, -59.62, 0.02, 0.09, 5.18, 
45, 5, eco121, 89, 1, 7.7, 11.9, 102.48, 72.57, -29.9, 0.03, 0.03, 4.3, 
45, 6, eco121, 89, 1, 0.3, 17.8, 55.37, 16.39, -38.98, 0.02, 0, 4.4, 
46, 7, eco121, 89, 1, 0, 20.2, 47.91, 14.49, -33.42, 0.02, 0, 4.36, 
46, 8, eco121, 89, 1, 1.1, 20.5, 58.2, 21.97, -36.23, 0.02, 0, 4.86, 
46, 9, eco121, 89, 1, 3.1, 14.7, 102.16, 68.23, -33.93, 0.02, 0, 4.52, 
46, 10, eco121, 89, 1, 1.5, 7.8, 71.74, 55.18, -16.56, 0.02, 0, 5.35, 
46, 11, eco121, 89, 1, 5.7, 5.8, 50.88, 44.83, -6.04, 0.02, 0, 7.04, 
46, 12, eco121, 89, 1, 12, 1.7, 12.45, 38.08, 25.62, 0.03, 0.01, 9.73, 
46, 1, eco121, 89, 1, 17.5, 3.4, 24.85, 25, 0.15, 0.03, 0.02, 9.56, 
46, 2, eco121, 89, 1, 24.6, -0.8, 0.03, 1.03, 1, 0.04, 0, 9.69, 
46, 3, eco121, 89, 1, 8.2, 4.1, 32.4, 26.54, -5.85, 0.03, 0.03, 9.41, 
46, 4, eco121, 89, 1, 5.7, 9.5, 118.62, 59.12, -59.49, 0.02, 0.09, 5.18, 
46, 5, eco121, 89, 1, 7.7, 11.9, 101.99, 72.84, -29.15, 0.03, 0.03, 4.3, 
46, 6, eco121, 89, 1, 0.3, 17.8, 55.35, 16.45, -38.9, 0.02, 0, 4.4, 
47, 7, eco121, 89, 1, 0, 20.2, 48.58, 14.54, -34.04, 0.02, 0, 4.36, 
47, 8, eco121, 89, 1, 1.1, 20.5, 59.08, 22.05, -37.02, 0.02, 0, 4.86, 
47, 9, eco121, 89, 1, 3.1, 14.7, 104.35, 68.5, -35.85, 0.02, 0, 4.52, 
47, 10, eco121, 89, 1, 1.5, 7.8, 73.16, 55.41, -17.76, 0.02, 0, 5.35, 
47, 11, eco121, 89, 1, 5.7, 5.8, 51.89, 45.03, -6.86, 0.02, 0, 7.04, 
47, 12, eco121, 89, 1, 12, 1.7, 12.83, 38.25, 25.42, 0.03, 0.01, 9.73, 
47, 1, eco121, 89, 1, 17.5, 3.4, 25.54, 25.13, -0.41, 0.03, 0.02, 9.56, 
47, 2, eco121, 89, 1, 24.6, -0.8, 0.03, 1.03, 1.01, 0.04, 0, 9.69, 
47, 3, eco121, 89, 1, 8.2, 4.1, 33.26, 26.68, -6.58, 0.03, 0.03, 9.41, 
47, 4, eco121, 89, 1, 5.7, 9.5, 120.32, 59.41, -60.91, 0.02, 0.09, 5.18, 
47, 5, eco121, 89, 1, 7.7, 11.9, 103.42, 73.2, -30.22, 0.03, 0.03, 4.3, 
47, 6, eco121, 89, 1, 0.3, 17.8, 56.09, 16.53, -39.56, 0.02, 0, 4.4, 
48, 7, eco121, 89, 1, 0, 20.2, 48.56, 14.62, -33.94, 0.02, 0, 4.36, 
48, 8, eco121, 89, 1, 1.1, 20.5, 59, 22.17, -36.84, 0.02, 0, 4.86, 
48, 9, eco121, 89, 1, 3.1, 14.7, 103.98, 68.86, -35.12, 0.02, 0, 4.52, 
48, 10, eco121, 89, 1, 1.5, 7.8, 72.96, 55.7, -17.27, 0.02, 0, 5.35, 
48, 11, eco121, 89, 1, 5.7, 5.8, 51.74, 45.27, -6.47, 0.02, 0, 7.04, 
48, 12, eco121, 89, 1, 12, 1.7, 12.79, 38.45, 25.65, 0.03, 0.01, 9.73, 
48, 1, eco121, 89, 1, 17.5, 3.4, 25.57, 25.28, -0.29, 0.03, 0.02, 9.56, 
48, 2, eco121, 89, 1, 24.6, -0.8, 0.03, 1.04, 1.01, 0.04, 0, 9.69, 
48, 3, eco121, 89, 1, 8.2, 4.1, 33.35, 26.84, -6.51, 0.03, 0.03, 9.41, 
48, 4, eco121, 89, 1, 5.7, 9.5, 120.3, 59.73, -60.57, 0.02, 0.1, 5.18, 
48, 5, eco121, 89, 1, 7.7, 11.9, 102.73, 73.59, -29.14, 0.03, 0.03, 4.3, 
48, 6, eco121, 89, 1, 0.3, 17.8, 55.95, 16.62, -39.33, 0.02, 0, 4.4, 
49, 7, eco121, 89, 1, 0, 20.2, 48.48, 14.69, -33.79, 0.02, 0, 4.36, 
49, 8, eco121, 89, 1, 1.1, 20.5, 58.88, 22.28, -36.6, 0.02, 0, 4.86, 
49, 9, eco121, 89, 1, 3.1, 14.7, 103.57, 69.21, -34.36, 0.02, 0, 4.52, 
49, 10, eco121, 89, 1, 1.5, 7.8, 72.76, 55.98, -16.78, 0.02, 0, 5.35, 
49, 11, eco121, 89, 1, 5.7, 5.8, 51.58, 45.5, -6.08, 0.02, 0, 7.04, 
49, 12, eco121, 89, 1, 12, 1.7, 12.75, 38.64, 25.89, 0.03, 0.01, 9.73, 
49, 1, eco121, 89, 1, 17.5, 3.4, 25.6, 25.41, -0.19, 0.03, 0.02, 9.56, 
49, 2, eco121, 89, 1, 24.6, -0.8, 0.03, 1.05, 1.02, 0.04, 0, 9.69, 
49, 3, eco121, 89, 1, 8.2, 4.1, 33.43, 26.98, -6.45, 0.03, 0.03, 9.41, 
49, 4, eco121, 89, 1, 5.7, 9.5, 120.24, 60.02, -60.22, 0.02, 0.1, 5.18, 
49, 5, eco121, 89, 1, 7.7, 11.9, 102.02, 73.94, -28.08, 0.03, 0.03, 4.3, 
49, 6, eco121, 89, 1, 0.3, 17.8, 55.81, 16.7, -39.11, 0.02, 0, 4.4, 
50, 7, eco121, 89, 1, 0, 20.2, 48.98, 14.76, -34.22, 0.02, 0, 4.36, 
50, 8, eco121, 89, 1, 1.1, 20.5, 59.64, 22.39, -37.25, 0.02, 0, 4.86, 
50, 9, eco121, 89, 1, 3.1, 14.7, 105.6, 69.55, -36.05, 0.02, 0, 4.52, 
50, 10, eco121, 89, 1, 1.5, 7.8, 74.03, 56.26, -17.77, 0.02, 0, 5.35, 
50, 11, eco121, 89, 1, 5.7, 5.8, 52.46, 45.73, -6.73, 0.02, 0, 7.04, 
50, 12, eco121, 89, 1, 12, 1.7, 13.02, 38.84, 25.82, 0.03, 0.01, 9.73, 
50, 1, eco121, 89, 1, 17.5, 3.4, 26.18, 25.55, -0.63, 0.03, 0.02, 9.56, 
50, 2, eco121, 89, 1, 24.6, -0.8, 0.03, 1.05, 1.02, 0.04, 0, 9.69, 
50, 3, eco121, 89, 1, 8.2, 4.1, 34.2, 27.13, -7.07, 0.03, 0.03, 9.41, 
50, 4, eco121, 89, 1, 5.7, 9.5, 121.99, 60.34, -61.65, 0.02, 0.1, 5.18, 
50, 5, eco121, 89, 1, 7.7, 11.9, 103.57, 74.35, -29.22, 0.03, 0.03, 4.3, 
50, 6, eco121, 89, 1, 0.3, 17.8, 56.47, 16.79, -39.68, 0.02, 0, 4.4, 
51, 7, eco121, 89, 1, 0, 20.2, 48.62, 14.88, -33.74, 0.02, 0, 4.36, 
51, 8, eco121, 89, 1, 1.1, 20.5, 59.48, 22.55, -36.94, 0.02, 0, 4.86, 
51, 9, eco121, 89, 1, 3.1, 14.7, 99.36, 70, -29.37, 0.02, 0, 4.52, 
51, 10, eco121, 89, 1, 1.5, 7.8, 72.44, 56.59, -15.86, 0.02, 0, 5.35, 
51, 11, eco121, 89, 1, 5.7, 5.8, 51.53, 45.97, -5.56, 0.02, 0, 7.04, 
51, 12, eco121, 89, 1, 12, 1.7, 13.31, 39.02, 25.71, 0.03, 0.01, 9.73, 
51, 1, eco121, 89, 1, 17.5, 3.4, 26.01, 25.66, -0.35, 0.03, 0.02, 9.56, 
51, 2, eco121, 89, 1, 24.6, -0.8, 0.03, 1.05, 1.03, 0.04, 0, 9.69, 
51, 3, eco121, 89, 1, 8.2, 4.1, 33.72, 27.22, -6.5, 0.03, 0.03, 9.41, 
51, 4, eco121, 89, 1, 5.7, 9.5, 119.77, 60.53, -59.24, 0.02, 0.1, 5.18, 
51, 5, eco121, 89, 1, 7.7, 11.9, 97.13, 74.53, -22.59, 0.03, 0.03, 4.3, 
51, 6, eco121, 89, 1, 0.3, 17.8, 56.56, 16.82, -39.74, 0.02, 0, 4.4, 
52, 7, eco121, 89, 1, 0, 20.2, 49.37, 14.87, -34.5, 0.02, 0, 4.36, 
52, 8, eco121, 89, 1, 1.1, 20.5, 59.47, 22.53, -36.94, 0.02, 0, 4.86, 
52, 9, eco121, 89, 1, 3.1, 14.7, 99.04, 69.97, -29.07, 0.02, 0, 4.52, 
52, 10, eco121, 89, 1, 1.5, 7.8, 72.38, 56.56, -15.82, 0.02, 0, 5.35, 
52, 11, eco121, 89, 1, 5.7, 5.8, 51.49, 45.95, -5.53, 0.02, 0, 7.04, 
52, 12, eco121, 89, 1, 12, 1.7, 13.36, 39.01, 25.66, 0.03, 0.01, 9.73, 
52, 1, eco121, 89, 1, 17.5, 3.4, 26.12, 25.65, -0.47, 0.03, 0.02, 9.56, 
52, 2, eco121, 89, 1, 24.6, -0.8, 0.03, 1.05, 1.03, 0.04, 0, 9.69, 
52, 3, eco121, 89, 1, 8.2, 4.1, 33.87, 27.21, -6.65, 0.03, 0.03, 9.41, 
52, 4, eco121, 89, 1, 5.7, 9.5, 119.98, 60.53, -59.45, 0.02, 0.1, 5.18, 
52, 5, eco121, 89, 1, 7.7, 11.9, 96.95, 74.55, -22.4, 0.03, 0.03, 4.3, 
52, 6, eco121, 89, 1, 0.3, 17.8, 56.56, 16.83, -39.73, 0.02, 0, 4.4, 
53, 7, eco121, 89, 1, 0, 20.2, 49.37, 14.87, -34.49, 0.02, 0, 4.36, 
53, 8, eco121, 89, 1, 1.1, 20.5, 59.44, 22.54, -36.9, 0.02, 0, 4.86, 
53, 9, eco121, 89, 1, 3.1, 14.7, 98.73, 70.01, -28.72, 0.02, 0, 4.52, 
53, 10, eco121, 89, 1, 1.5, 7.8, 72.33, 56.6, -15.73, 0.02, 0, 5.35, 
53, 11, eco121, 89, 1, 5.7, 5.8, 51.45, 45.99, -5.47, 0.02, 0, 7.04, 
53, 12, eco121, 89, 1, 12, 1.7, 13.41, 39.04, 25.64, 0.03, 0.01, 9.73, 
53, 1, eco121, 89, 1, 17.5, 3.4, 26.23, 25.67, -0.56, 0.03, 0.02, 9.56, 
53, 2, eco121, 89, 1, 24.6, -0.8, 0.03, 1.06, 1.03, 0.04, 0, 9.69, 
53, 3, eco121, 89, 1, 8.2, 4.1, 34.02, 27.24, -6.78, 0.03, 0.03, 9.41, 
53, 4, eco121, 89, 1, 5.7, 9.5, 120.1, 60.59, -59.5, 0.02, 0.1, 5.18, 
53, 5, eco121, 89, 1, 7.7, 11.9, 96.66, 74.63, -22.03, 0.03, 0.03, 4.3, 
53, 6, eco121, 89, 1, 0.3, 17.8, 56.56, 16.85, -39.72, 0.02, 0, 4.4, 
54, 7, eco121, 89, 1, 0, 20.2, 49.37, 14.89, -34.48, 0.02, 0, 4.36, 
54, 8, eco121, 89, 1, 1.1, 20.5, 59.41, 22.57, -36.84, 0.02, 0, 4.86, 
54, 9, eco121, 89, 1, 3.1, 14.7, 98.43, 70.1, -28.33, 0.02, 0, 4.52, 
54, 10, eco121, 89, 1, 1.5, 7.8, 72.28, 56.68, -15.61, 0.02, 0, 5.35, 
54, 11, eco121, 89, 1, 5.7, 5.8, 51.42, 46.05, -5.37, 0.02, 0, 7.04, 
54, 12, eco121, 89, 1, 12, 1.7, 13.46, 39.1, 25.64, 0.03, 0.01, 9.73, 
54, 1, eco121, 89, 1, 17.5, 3.4, 26.34, 25.71, -0.63, 0.03, 0.02, 9.56, 
54, 2, eco121, 89, 1, 24.6, -0.8, 0.03, 1.06, 1.03, 0.04, 0, 9.69, 
54, 3, eco121, 89, 1, 8.2, 4.1, 34.17, 27.28, -6.89, 0.03, 0.03, 9.41, 
54, 4, eco121, 89, 1, 5.7, 9.5, 120.2, 60.69, -59.51, 0.02, 0.1, 5.18, 
54, 5, eco121, 89, 1, 7.7, 11.9, 96.33, 74.76, -21.57, 0.03, 0.03, 4.3, 
54, 6, eco121, 89, 1, 0.3, 17.8, 56.57, 16.87, -39.69, 0.02, 0, 4.4, 
55, 7, eco121, 89, 1, 0, 20.2, 49.38, 14.91, -34.46, 0.02, 0, 4.36, 
55, 8, eco121, 89, 1, 1.1, 20.5, 59.39, 22.61, -36.78, 0.02, 0, 4.86, 
55, 9, eco121, 89, 1, 3.1, 14.7, 98.14, 70.22, -27.92, 0.02, 0, 4.52, 
55, 10, eco121, 89, 1, 1.5, 7.8, 72.24, 56.78, -15.46, 0.02, 0, 5.35, 
55, 11, eco121, 89, 1, 5.7, 5.8, 51.39, 46.13, -5.26, 0.02, 0, 7.04, 
55, 12, eco121, 89, 1, 12, 1.7, 13.52, 39.17, 25.65, 0.03, 0.01, 9.73, 
55, 1, eco121, 89, 1, 17.5, 3.4, 26.46, 25.75, -0.7, 0.03, 0.02, 9.56, 
55, 2, eco121, 89, 1, 24.6, -0.8, 0.03, 1.06, 1.03, 0.04, 0, 9.69, 
55, 3, eco121, 89, 1, 8.2, 4.1, 34.32, 27.33, -7, 0.03, 0.04, 9.41, 
55, 4, eco121, 89, 1, 5.7, 9.5, 120.28, 60.8, -59.47, 0.02, 0.1, 5.18, 
55, 5, eco121, 89, 1, 7.7, 11.9, 95.98, 74.9, -21.08, 0.03, 0.03, 4.3, 
55, 6, eco121, 89, 1, 0.3, 17.8, 56.58, 16.91, -39.67, 0.02, 0, 4.4, 
56, 7, eco121, 89, 1, 0, 20.2, 49.39, 14.94, -34.45, 0.02, 0, 4.36, 
56, 8, eco121, 89, 1, 1.1, 20.5, 59.37, 22.65, -36.72, 0.02, 0, 4.86, 
56, 9, eco121, 89, 1, 3.1, 14.7, 97.86, 70.36, -27.5, 0.02, 0, 4.52, 
56, 10, eco121, 89, 1, 1.5, 7.8, 72.2, 56.89, -15.31, 0.02, 0, 5.35, 
56, 11, eco121, 89, 1, 5.7, 5.8, 51.36, 46.23, -5.14, 0.02, 0, 7.04, 
56, 12, eco121, 89, 1, 12, 1.7, 13.58, 39.25, 25.67, 0.03, 0.01, 9.73, 
56, 1, eco121, 89, 1, 17.5, 3.4, 26.57, 25.8, -0.77, 0.03, 0.02, 9.56, 
56, 2, eco121, 89, 1, 24.6, -0.8, 0.02, 1.06, 1.04, 0.04, 0, 9.69, 
56, 3, eco121, 89, 1, 8.2, 4.1, 34.47, 27.38, -7.1, 0.03, 0.04, 9.41, 
56, 4, eco121, 89, 1, 5.7, 9.5, 120.34, 60.92, -59.42, 0.02, 0.1, 5.18, 
56, 5, eco121, 89, 1, 7.7, 11.9, 95.61, 75.05, -20.56, 0.03, 0.03, 4.3, 
56, 6, eco121, 89, 1, 0.3, 17.8, 56.59, 16.94, -39.65, 0.02, 0, 4.4, 
57, 7, eco121, 89, 1, 0, 20.2, 49.99, 14.97, -35.02, 0.02, 0, 4.36, 
57, 8, eco121, 89, 1, 1.1, 20.5, 60.2, 22.7, -37.5, 0.02, 0, 4.86, 
57, 9, eco121, 89, 1, 3.1, 14.7, 99.94, 70.53, -29.41, 0.02, 0, 4.52, 
57, 10, eco121, 89, 1, 1.5, 7.8, 73.58, 57.04, -16.55, 0.02, 0, 5.35, 
57, 11, eco121, 89, 1, 5.7, 5.8, 52.32, 46.35, -5.98, 0.02, 0, 7.04, 
57, 12, eco121, 89, 1, 12, 1.7, 13.92, 39.36, 25.44, 0.03, 0.01, 9.73, 
57, 1, eco121, 89, 1, 17.5, 3.4, 27.2, 25.88, -1.33, 0.03, 0.02, 9.56, 
57, 2, eco121, 89, 1, 24.6, -0.8, 0.02, 1.06, 1.04, 0.04, 0, 9.69, 
57, 3, eco121, 89, 1, 8.2, 4.1, 35.27, 27.46, -7.81, 0.03, 0.04, 9.41, 
57, 4, eco121, 89, 1, 5.7, 9.5, 121.93, 61.12, -60.8, 0.02, 0.1, 5.18, 
57, 5, eco121, 89, 1, 7.7, 11.9, 97.12, 75.31, -21.82, 0.03, 0.03, 4.3, 
57, 6, eco121, 89, 1, 0.3, 17.8, 57.34, 17, -40.34, 0.02, 0, 4.4, 
58, 7, eco121, 89, 1, 0, 20.2, 49.96, 15.03, -34.93, 0.02, 0, 4.36, 
58, 8, eco121, 89, 1, 1.1, 20.5, 60.14, 22.79, -37.36, 0.02, 0, 4.86, 
58, 9, eco121, 89, 1, 3.1, 14.7, 99.62, 70.79, -28.83, 0.02, 0, 4.52, 
58, 10, eco121, 89, 1, 1.5, 7.8, 73.49, 57.25, -16.24, 0.02, 0, 5.35, 
58, 11, eco121, 89, 1, 5.7, 5.8, 52.24, 46.53, -5.72, 0.02, 0, 7.04, 
58, 12, eco121, 89, 1, 12, 1.7, 13.93, 39.51, 25.58, 0.03, 0.01, 9.73, 
58, 1, eco121, 89, 1, 17.5, 3.4, 27.27, 25.98, -1.29, 0.03, 0.02, 9.56, 
58, 2, eco121, 89, 1, 24.6, -0.8, 0.02, 1.07, 1.04, 0.04, 0, 9.69, 
58, 3, eco121, 89, 1, 8.2, 4.1, 35.38, 27.57, -7.8, 0.03, 0.04, 9.41, 
58, 4, eco121, 89, 1, 5.7, 9.5, 121.92, 61.36, -60.56, 0.02, 0.1, 5.18, 
58, 5, eco121, 89, 1, 7.7, 11.9, 96.71, 75.6, -21.11, 0.03, 0.03, 4.3, 
58, 6, eco121, 89, 1, 0.3, 17.8, 57.29, 17.07, -40.23, 0.02, 0, 4.4, 
59, 7, eco121, 89, 1, 0, 20.2, 50.5, 15.09, -35.41, 0.02, 0, 4.36, 
59, 8, eco121, 89, 1, 1.1, 20.5, 60.9, 22.88, -38.02, 0.02, 0, 4.86, 
59, 9, eco121, 89, 1, 3.1, 14.7, 101.61, 71.09, -30.53, 0.02, 0, 4.52, 
59, 10, eco121, 89, 1, 1.5, 7.8, 74.79, 57.5, -17.29, 0.02, 0, 5.35, 
59, 11, eco121, 89, 1, 5.7, 5.8, 53.14, 46.73, -6.4, 0.02, 0, 7.04, 
59, 12, eco121, 89, 1, 12, 1.7, 14.23, 39.69, 25.46, 0.03, 0.01, 9.73, 
59, 1, eco121, 89, 1, 17.5, 3.4, 27.85, 26.11, -1.74, 0.03, 0.02, 9.56, 
59, 2, eco121, 89, 1, 24.6, -0.8, 0.02, 1.07, 1.05, 0.04, 0, 9.69, 
59, 3, eco121, 89, 1, 8.2, 4.1, 36.12, 27.71, -8.41, 0.03, 0.04, 9.41, 
59, 4, eco121, 89, 1, 5.7, 9.5, 123.39, 61.66, -61.73, 0.02, 0.1, 5.18, 
59, 5, eco121, 89, 1, 7.7, 11.9, 98.6, 75.99, -22.62, 0.03, 0.03, 4.3, 
59, 6, eco121, 89, 1, 0.3, 17.8, 58.01, 17.15, -40.85, 0.02, 0, 4.4, 
60, 7, eco121, 89, 1, 0, 20.2, 50.45, 15.17, -35.28, 0.02, 0, 4.36, 
60, 8, eco121, 89, 1, 1.1, 20.5, 60.83, 23, -37.83, 0.02, 0, 4.86, 
60, 9, eco121, 89, 1, 3.1, 14.7, 101.29, 71.46, -29.82, 0.02, 0, 4.52, 
60, 10, eco121, 89, 1, 1.5, 7.8, 74.69, 57.8, -16.89, 0.02, 0, 5.35, 
60, 11, eco121, 89, 1, 5.7, 5.8, 53.05, 46.99, -6.06, 0.02, 0, 7.04, 
60, 12, eco121, 89, 1, 12, 1.7, 14.23, 39.9, 25.67, 0.03, 0.01, 9.73, 
60, 1, eco121, 89, 1, 17.5, 3.4, 27.91, 26.25, -1.66, 0.03, 0.02, 9.56, 
60, 2, eco121, 89, 1, 24.6, -0.8, 0.02, 1.08, 1.06, 0.04, 0, 9.69, 
60, 3, eco121, 89, 1, 8.2, 4.1, 36.23, 27.87, -8.36, 0.03, 0.04, 9.41, 
60, 4, eco121, 89, 1, 5.7, 9.5, 123.35, 61.99, -61.36, 0.02, 0.1, 5.18, 
60, 5, eco121, 89, 1, 7.7, 11.9, 98.29, 76.39, -21.9, 0.03, 0.03, 4.3, 
60, 6, eco121, 89, 1, 0.3, 17.8, 57.95, 17.25, -40.71, 0.02, 0, 4.4, 
61, 7, eco121, 89, 1, 0, 20.2, 50.86, 15.27, -35.59, 0.02, 0, 4.36, 
61, 8, eco121, 89, 1, 1.1, 20.5, 59.85, 23.14, -36.7, 0.02, 0, 4.86, 
61, 9, eco121, 89, 1, 3.1, 14.7, 100.75, 71.9, -28.85, 0.02, 0, 4.52, 
61, 10, eco121, 89, 1, 1.5, 7.8, 73.41, 58.14, -15.27, 0.02, 0, 5.35, 
61, 11, eco121, 89, 1, 5.7, 5.8, 52.63, 47.25, -5.37, 0.02, 0, 7.04, 
61, 12, eco121, 89, 1, 12, 1.7, 14.39, 40.12, 25.72, 0.03, 0.01, 9.73, 
61, 1, eco121, 89, 1, 17.5, 3.4, 27.89, 26.4, -1.49, 0.03, 0.02, 9.56, 
61, 2, eco121, 89, 1, 24.6, -0.8, 0.02, 1.08, 1.06, 0.04, 0, 9.69, 
61, 3, eco121, 89, 1, 8.2, 4.1, 36.07, 28.01, -8.06, 0.03, 0.04, 9.41, 
61, 4, eco121, 89, 1, 5.7, 9.5, 122.6, 62.3, -60.3, 0.02, 0.1, 5.18, 
61, 5, eco121, 89, 1, 7.7, 11.9, 97.79, 76.76, -21.04, 0.03, 0.03, 4.3, 
61, 6, eco121, 89, 1, 0.3, 17.8, 57.21, 17.33, -39.89, 0.02, 0, 4.4, 
62, 7, eco121, 89, 1, 0, 20.2, 50.47, 15.32, -35.15, 0.02, 0, 4.36, 
62, 8, eco121, 89, 1, 1.1, 20.5, 60.58, 23.22, -37.36, 0.02, 0, 4.86, 
62, 9, eco121, 89, 1, 3.1, 14.7, 102.7, 72.17, -30.54, 0.02, 0, 4.52, 
62, 10, eco121, 89, 1, 1.5, 7.8, 74.68, 58.37, -16.31, 0.02, 0, 5.35, 
62, 11, eco121, 89, 1, 5.7, 5.8, 53.5, 47.45, -6.06, 0.02, 0, 7.04, 
62, 12, eco121, 89, 1, 12, 1.7, 14.7, 40.29, 25.58, 0.03, 0.01, 9.73, 
62, 1, eco121, 89, 1, 17.5, 3.4, 28.46, 26.52, -1.94, 0.03, 0.02, 9.56, 
62, 2, eco121, 89, 1, 24.6, -0.8, 0.02, 1.09, 1.07, 0.04, 0, 9.69, 
62, 3, eco121, 89, 1, 8.2, 4.1, 36.8, 28.15, -8.64, 0.03, 0.04, 9.41, 
62, 4, eco121, 89, 1, 5.7, 9.5, 124.08, 62.61, -61.47, 0.02, 0.11, 5.18, 
62, 5, eco121, 89, 1, 7.7, 11.9, 99.65, 77.15, -22.5, 0.03, 0.03, 4.3, 
62, 6, eco121, 89, 1, 0.3, 17.8, 57.92, 17.42, -40.5, 0.02, 0, 4.4, 
63, 7, eco121, 89, 1, 0, 20.2, 50.99, 15.4, -35.59, 0.02, 0, 4.36, 
63, 8, eco121, 89, 1, 1.1, 20.5, 61.3, 23.36, -37.94, 0.02, 0, 4.86, 
63, 9, eco121, 89, 1, 3.1, 14.7, 104.61, 72.59, -32.01, 0.02, 0, 4.52, 
63, 10, eco121, 89, 1, 1.5, 7.8, 75.92, 58.73, -17.19, 0.02, 0, 5.35, 
63, 11, eco121, 89, 1, 5.7, 5.8, 54.36, 47.75, -6.61, 0.02, 0, 7.04, 
63, 12, eco121, 89, 1, 12, 1.7, 15.01, 40.55, 25.54, 0.03, 0.01, 9.73, 
63, 1, eco121, 89, 1, 17.5, 3.4, 29.03, 26.71, -2.31, 0.03, 0.02, 9.56, 
63, 2, eco121, 89, 1, 24.6, -0.8, 0.02, 1.1, 1.07, 0.04, 0, 9.69, 
63, 3, eco121, 89, 1, 8.2, 4.1, 37.5, 28.37, -9.14, 0.03, 0.04, 9.41, 
63, 4, eco121, 89, 1, 5.7, 9.5, 125.45, 63.05, -62.4, 0.02, 0.11, 5.18, 
63, 5, eco121, 89, 1, 7.7, 11.9, 101.46, 77.71, -23.75, 0.03, 0.03, 4.3, 
63, 6, eco121, 89, 1, 0.3, 17.8, 58.61, 17.55, -41.06, 0.02, 0, 4.4, 
64, 7, eco121, 89, 1, 0, 20.2, 50.95, 15.52, -35.44, 0.02, 0, 4.36, 
64, 8, eco121, 89, 1, 1.1, 20.5, 61.23, 23.53, -37.7, 0.02, 0, 4.86, 
64, 9, eco121, 89, 1, 3.1, 14.7, 104.31, 73.14, -31.17, 0.02, 0, 4.52, 
64, 10, eco121, 89, 1, 1.5, 7.8, 75.82, 59.17, -16.65, 0.02, 0, 5.35, 
64, 11, eco121, 89, 1, 5.7, 5.8, 54.28, 48.11, -6.16, 0.02, 0, 7.04, 
64, 12, eco121, 89, 1, 12, 1.7, 15.03, 40.85, 25.82, 0.03, 0.01, 9.73, 
64, 1, eco121, 89, 1, 17.5, 3.4, 29.09, 26.93, -2.16, 0.03, 0.02, 9.56, 
64, 2, eco121, 89, 1, 24.6, -0.8, 0.02, 1.11, 1.08, 0.04, 0, 9.69, 
64, 3, eco121, 89, 1, 8.2, 4.1, 37.59, 28.6, -9, 0.03, 0.04, 9.41, 
64, 4, eco121, 89, 1, 5.7, 9.5, 125.35, 63.53, -61.81, 0.02, 0.11, 5.18, 
64, 5, eco121, 89, 1, 7.7, 11.9, 101.18, 78.29, -22.89, 0.03, 0.03, 4.3, 
64, 6, eco121, 89, 1, 0.3, 17.8, 58.57, 17.68, -40.89, 0.02, 0, 4.4, 
65, 7, eco121, 89, 1, 0, 20.2, 50.92, 15.63, -35.28, 0.02, 0, 4.36, 
65, 8, eco121, 89, 1, 1.1, 20.5, 61.16, 23.71, -37.45, 0.02, 0, 4.86, 
65, 9, eco121, 89, 1, 3.1, 14.7, 104.02, 73.68, -30.34, 0.02, 0, 4.52, 
65, 10, eco121, 89, 1, 1.5, 7.8, 75.7, 59.6, -16.1, 0.02, 0, 5.35, 
65, 11, eco121, 89, 1, 5.7, 5.8, 54.2, 48.47, -5.73, 0.02, 0, 7.04, 
65, 12, eco121, 89, 1, 12, 1.7, 15.05, 41.15, 26.1, 0.03, 0.01, 9.73, 
65, 1, eco121, 89, 1, 17.5, 3.4, 29.15, 27.14, -2.01, 0.03, 0.02, 9.56, 
65, 2, eco121, 89, 1, 24.6, -0.8, 0.02, 1.11, 1.09, 0.04, 0, 9.69, 
65, 3, eco121, 89, 1, 8.2, 4.1, 37.68, 28.81, -8.87, 0.03, 0.04, 9.41, 
65, 4, eco121, 89, 1, 5.7, 9.5, 125.22, 63.98, -61.24, 0.02, 0.11, 5.18, 
65, 5, eco121, 89, 1, 7.7, 11.9, 100.9, 78.84, -22.07, 0.03, 0.03, 4.3, 
65, 6, eco121, 89, 1, 0.3, 17.8, 58.5, 17.8, -40.7, 0.02, 0, 4.4, 
66, 7, eco121, 89, 1, 0, 20.2, 50.88, 15.74, -35.14, 0.02, 0, 4.36, 
66, 8, eco121, 89, 1, 1.1, 20.5, 61.09, 23.87, -37.22, 0.02, 0, 4.86, 
66, 9, eco121, 89, 1, 3.1, 14.7, 103.73, 74.17, -29.55, 0.02, 0, 4.52, 
66, 10, eco121, 89, 1, 1.5, 7.8, 75.58, 60, -15.58, 0.02, 0, 5.35, 
66, 11, eco121, 89, 1, 5.7, 5.8, 54.11, 48.79, -5.32, 0.02, 0, 7.04, 
66, 12, eco121, 89, 1, 12, 1.7, 15.06, 41.42, 26.36, 0.03, 0.01, 9.73, 
66, 1, eco121, 89, 1, 17.5, 3.4, 29.21, 27.33, -1.88, 0.03, 0.02, 9.56, 
66, 2, eco121, 89, 1, 24.6, -0.8, 0.02, 1.12, 1.1, 0.04, 0, 9.69, 
66, 3, eco121, 89, 1, 8.2, 4.1, 37.77, 29.01, -8.76, 0.03, 0.04, 9.41, 
66, 4, eco121, 89, 1, 5.7, 9.5, 125.09, 64.4, -60.69, 0.02, 0.11, 5.18, 
66, 5, eco121, 89, 1, 7.7, 11.9, 100.63, 79.34, -21.29, 0.03, 0.03, 4.3, 
66, 6, eco121, 89, 1, 0.3, 17.8, 58.43, 17.91, -40.52, 0.02, 0, 4.4, 
67, 7, eco121, 89, 1, 0, 20.2, 50.84, 15.84, -35, 0.02, 0, 4.36, 
67, 8, eco121, 89, 1, 1.1, 20.5, 61.02, 24.02, -37, 0.02, 0, 4.86, 
67, 9, eco121, 89, 1, 3.1, 14.7, 103.44, 74.63, -28.81, 0.02, 0, 4.52, 
67, 10, eco121, 89, 1, 1.5, 7.8, 75.47, 60.37, -15.1, 0.02, 0, 5.35, 
67, 11, eco121, 89, 1, 5.7, 5.8, 54.02, 49.09, -4.93, 0.02, 0, 7.04, 
67, 12, eco121, 89, 1, 12, 1.7, 15.07, 41.67, 26.59, 0.03, 0.01, 9.73, 
67, 1, eco121, 89, 1, 17.5, 3.4, 29.26, 27.5, -1.76, 0.03, 0.02, 9.56, 
67, 2, eco121, 89, 1, 24.6, -0.8, 0.02, 1.13, 1.1, 0.04, 0, 9.69, 
67, 3, eco121, 89, 1, 8.2, 4.1, 37.84, 29.19, -8.66, 0.03, 0.04, 9.41, 
67, 4, eco121, 89, 1, 5.7, 9.5, 124.97, 64.78, -60.2, 0.02, 0.11, 5.18, 
67, 5, eco121, 89, 1, 7.7, 11.9, 100.36, 79.8, -20.56, 0.03, 0.03, 4.3, 
67, 6, eco121, 89, 1, 0.3, 17.8, 58.36, 18.02, -40.34, 0.02, 0, 4.4, 
68, 7, eco121, 89, 1, 0, 20.2, 50.8, 15.93, -34.87, 0.02, 0, 4.36, 
68, 8, eco121, 89, 1, 1.1, 20.5, 60.95, 24.15, -36.79, 0.02, 0, 4.86, 
68, 9, eco121, 89, 1, 3.1, 14.7, 103.16, 75.05, -28.1, 0.02, 0, 4.52, 
68, 10, eco121, 89, 1, 1.5, 7.8, 75.35, 60.71, -14.64, 0.02, 0, 5.35, 
68, 11, eco121, 89, 1, 5.7, 5.8, 53.94, 49.37, -4.57, 0.02, 0, 7.04, 
68, 12, eco121, 89, 1, 12, 1.7, 15.08, 41.9, 26.82, 0.03, 0.01, 9.73, 
68, 1, eco121, 89, 1, 17.5, 3.4, 29.31, 27.66, -1.65, 0.03, 0.02, 9.56, 
68, 2, eco121, 89, 1, 24.6, -0.8, 0.02, 1.13, 1.11, 0.04, 0, 9.69, 
68, 3, eco121, 89, 1, 8.2, 4.1, 37.92, 29.35, -8.57, 0.03, 0.04, 9.41, 
68, 4, eco121, 89, 1, 5.7, 9.5, 124.87, 65.13, -59.74, 0.02, 0.11, 5.18, 
68, 5, eco121, 89, 1, 7.7, 11.9, 100.09, 80.23, -19.87, 0.03, 0.03, 4.3, 
68, 6, eco121, 89, 1, 0.3, 17.8, 58.29, 18.11, -40.18, 0.02, 0, 4.4, 
69, 7, eco121, 89, 1, 0, 20.2, 50.75, 16.01, -34.74, 0.02, 0, 4.36, 
69, 8, eco121, 89, 1, 1.1, 20.5, 60.87, 24.28, -36.59, 0.02, 0, 4.86, 
69, 9, eco121, 89, 1, 3.1, 14.7, 102.88, 75.44, -27.43, 0.02, 0, 4.52, 
69, 10, eco121, 89, 1, 1.5, 7.8, 75.23, 61.02, -14.21, 0.02, 0, 5.35, 
69, 11, eco121, 89, 1, 5.7, 5.8, 53.84, 49.62, -4.22, 0.02, 0, 7.04, 
69, 12, eco121, 89, 1, 12, 1.7, 15.09, 42.11, 27.03, 0.03, 0.01, 9.73, 
69, 1, eco121, 89, 1, 17.5, 3.4, 29.35, 27.81, -1.55, 0.03, 0.02, 9.56, 
69, 2, eco121, 89, 1, 24.6, -0.8, 0.02, 1.14, 1.12, 0.04, 0, 9.69, 
69, 3, eco121, 89, 1, 8.2, 4.1, 37.99, 29.51, -8.48, 0.03, 0.04, 9.41, 
69, 4, eco121, 89, 1, 5.7, 9.5, 124.76, 65.46, -59.3, 0.02, 0.11, 5.18, 
69, 5, eco121, 89, 1, 7.7, 11.9, 99.83, 80.63, -19.2, 0.03, 0.03, 4.3, 
69, 6, eco121, 89, 1, 0.3, 17.8, 58.21, 18.2, -40.01, 0.02, 0, 4.4, 
70, 7, eco121, 89, 1, 0, 20.2, 50.7, 16.09, -34.61, 0.02, 0, 4.36, 
70, 8, eco121, 89, 1, 1.1, 20.5, 60.8, 24.4, -36.4, 0.02, 0, 4.86, 
70, 9, eco121, 89, 1, 3.1, 14.7, 102.6, 75.82, -26.78, 0.02, 0, 4.52, 
70, 10, eco121, 89, 1, 1.5, 7.8, 75.11, 61.32, -13.79, 0.02, 0, 5.35, 
70, 11, eco121, 89, 1, 5.7, 5.8, 53.75, 49.87, -3.88, 0.02, 0, 7.04, 
70, 12, eco121, 89, 1, 12, 1.7, 15.09, 42.32, 27.23, 0.03, 0.01, 9.73, 
70, 1, eco121, 89, 1, 17.5, 3.4, 29.39, 27.95, -1.44, 0.03, 0.02, 9.56, 
70, 2, eco121, 89, 1, 24.6, -0.8, 0.02, 1.14, 1.12, 0.04, 0, 9.69, 
70, 3, eco121, 89, 1, 8.2, 4.1, 38.06, 29.66, -8.4, 0.03, 0.04, 9.41, 
70, 4, eco121, 89, 1, 5.7, 9.5, 124.67, 65.78, -58.89, 0.02, 0.11, 5.18, 
70, 5, eco121, 89, 1, 7.7, 11.9, 99.57, 81.02, -18.55, 0.03, 0.03, 4.3, 
70, 6, eco121, 89, 1, 0.3, 17.8, 58.14, 18.29, -39.85, 0.02, 0, 4.4, 
71, 7, eco121, 89, 1, 0, 20.2, 50.65, 16.17, -34.49, 0.02, 0, 4.36, 
71, 8, eco121, 89, 1, 1.1, 20.5, 60.72, 24.52, -36.21, 0.02, 0, 4.86, 
71, 9, eco121, 89, 1, 3.1, 14.7, 102.32, 76.17, -26.15, 0.02, 0, 4.52, 
71, 10, eco121, 89, 1, 1.5, 7.8, 75, 61.61, -13.39, 0.02, 0, 5.35, 
71, 11, eco121, 89, 1, 5.7, 5.8, 53.65, 50.11, -3.54, 0.02, 0, 7.04, 
71, 12, eco121, 89, 1, 12, 1.7, 15.08, 42.52, 27.44, 0.03, 0.01, 9.73, 
71, 1, eco121, 89, 1, 17.5, 3.4, 29.43, 28.09, -1.34, 0.03, 0.02, 9.56, 
71, 2, eco121, 89, 1, 24.6, -0.8, 0.02, 1.15, 1.13, 0.04, 0, 9.69, 
71, 3, eco121, 89, 1, 8.2, 4.1, 38.12, 29.8, -8.32, 0.03, 0.04, 9.41, 
71, 4, eco121, 89, 1, 5.7, 9.5, 124.57, 66.08, -58.49, 0.02, 0.11, 5.18, 
71, 5, eco121, 89, 1, 7.7, 11.9, 99.31, 81.39, -17.92, 0.03, 0.03, 4.3, 
71, 6, eco121, 89, 1, 0.3, 17.8, 58.06, 18.38, -39.68, 0.02, 0, 4.4, 
72, 7, eco121, 89, 1, 0, 20.2, 50.6, 16.24, -34.36, 0.02, 0, 4.36, 
72, 8, eco121, 89, 1, 1.1, 20.5, 60.65, 24.63, -36.02, 0.02, 0, 4.86, 
72, 9, eco121, 89, 1, 3.1, 14.7, 102.05, 76.52, -25.53, 0.02, 0, 4.52, 
72, 10, eco121, 89, 1, 1.5, 7.8, 74.88, 61.89, -12.99, 0.02, 0, 5.35, 
72, 11, eco121, 89, 1, 5.7, 5.8, 53.55, 50.33, -3.21, 0.02, 0, 7.04, 
72, 12, eco121, 89, 1, 12, 1.7, 15.07, 42.71, 27.64, 0.03, 0.01, 9.73, 
72, 1, eco121, 89, 1, 17.5, 3.4, 29.46, 28.22, -1.24, 0.03, 0.02, 9.56, 
72, 2, eco121, 89, 1, 24.6, -0.8, 0.02, 1.15, 1.13, 0.04, 0, 9.69, 
72, 3, eco121, 89, 1, 8.2, 4.1, 38.18, 29.94, -8.23, 0.03, 0.04, 9.41, 
72, 4, eco121, 89, 1, 5.7, 9.5, 124.48, 66.38, -58.1, 0.02, 0.11, 5.18, 
72, 5, eco121, 89, 1, 7.7, 11.9, 99.05, 81.75, -17.3, 0.03, 0.03, 4.3, 
72, 6, eco121, 89, 1, 0.3, 17.8, 57.98, 18.46, -39.52, 0.02, 0, 4.4, 
73, 7, eco121, 89, 1, 0, 20.2, 50.54, 16.32, -34.23, 0.02, 0, 4.36, 
73, 8, eco121, 89, 1, 1.1, 20.5, 60.57, 24.74, -35.83, 0.02, 0, 4.86, 
73, 9, eco121, 89, 1, 3.1, 14.7, 101.78, 76.85, -24.93, 0.02, 0, 4.52, 
73, 10, eco121, 89, 1, 1.5, 7.8, 74.76, 62.16, -12.6, 0.02, 0, 5.35, 
73, 11, eco121, 89, 1, 5.7, 5.8, 53.44, 50.56, -2.88, 0.02, 0, 7.04, 
73, 12, eco121, 89, 1, 12, 1.7, 15.06, 42.9, 27.84, 0.03, 0.01, 9.73, 
73, 1, eco121, 89, 1, 17.5, 3.4, 29.49, 28.35, -1.13, 0.03, 0.02, 9.56, 
73, 2, eco121, 89, 1, 24.6, -0.8, 0.02, 1.16, 1.14, 0.04, 0, 9.69, 
73, 3, eco121, 89, 1, 8.2, 4.1, 38.23, 30.08, -8.15, 0.03, 0.04, 9.41, 
73, 4, eco121, 89, 1, 5.7, 9.5, 124.39, 66.66, -57.73, 0.02, 0.11, 5.18, 
73, 5, eco121, 89, 1, 7.7, 11.9, 98.8, 82.11, -16.69, 0.03, 0.03, 4.3, 
73, 6, eco121, 89, 1, 0.3, 17.8, 57.89, 18.54, -39.36, 0.02, 0, 4.4, 
74, 7, eco121, 89, 1, 0, 20.2, 50.49, 16.39, -34.1, 0.02, 0, 4.36, 
74, 8, eco121, 89, 1, 1.1, 20.5, 60.49, 24.84, -35.64, 0.02, 0, 4.86, 
74, 9, eco121, 89, 1, 3.1, 14.7, 101.51, 77.18, -24.33, 0.02, 0, 4.52, 
74, 10, eco121, 89, 1, 1.5, 7.8, 74.64, 62.43, -12.21, 0.02, 0, 5.35, 
74, 11, eco121, 89, 1, 5.7, 5.8, 53.33, 50.78, -2.55, 0.02, 0, 7.04, 
74, 12, eco121, 89, 1, 12, 1.7, 15.04, 43.08, 28.04, 0.03, 0.01, 9.73, 
74, 1, eco121, 89, 1, 17.5, 3.4, 29.51, 28.48, -1.03, 0.03, 0.02, 9.56, 
74, 2, eco121, 89, 1, 24.6, -0.8, 0.02, 1.16, 1.14, 0.04, 0, 9.69, 
74, 3, eco121, 89, 1, 8.2, 4.1, 38.28, 30.22, -8.06, 0.03, 0.04, 9.41, 
74, 4, eco121, 89, 1, 5.7, 9.5, 124.3, 66.95, -57.35, 0.02, 0.11, 5.18, 
74, 5, eco121, 89, 1, 7.7, 11.9, 98.55, 82.46, -16.09, 0.03, 0.03, 4.3, 
74, 6, eco121, 89, 1, 0.3, 17.8, 57.81, 18.62, -39.19, 0.02, 0, 4.4, 
75, 7, eco121, 89, 1, 0, 20.2, 50.42, 16.46, -33.97, 0.02, 0, 4.36, 
75, 8, eco121, 89, 1, 1.1, 20.5, 60.4, 24.95, -35.46, 0.02, 0, 4.86, 
75, 9, eco121, 89, 1, 3.1, 14.7, 101.25, 77.5, -23.74, 0.02, 0, 4.52, 
75, 10, eco121, 89, 1, 1.5, 7.8, 74.52, 62.69, -11.83, 0.02, 0, 5.35, 
75, 11, eco121, 89, 1, 5.7, 5.8, 53.22, 50.99, -2.23, 0.02, 0, 7.04, 
75, 12, eco121, 89, 1, 12, 1.7, 15.02, 43.26, 28.24, 0.03, 0.01, 9.73, 
75, 1, eco121, 89, 1, 17.5, 3.4, 29.53, 28.61, -0.92, 0.03, 0.02, 9.56, 
75, 2, eco121, 89, 1, 24.6, -0.8, 0.02, 1.17, 1.15, 0.04, 0, 9.69, 
75, 3, eco121, 89, 1, 8.2, 4.1, 38.32, 30.35, -7.97, 0.03, 0.04, 9.41, 
75, 4, eco121, 89, 1, 5.7, 9.5, 124.22, 67.23, -56.99, 0.02, 0.12, 5.18, 
75, 5, eco121, 89, 1, 7.7, 11.9, 98.3, 82.8, -15.5, 0.03, 0.03, 4.3, 
75, 6, eco121, 89, 1, 0.3, 17.8, 57.72, 18.69, -39.03, 0.02, 0, 4.4, 
76, 7, eco121, 89, 1, 0, 20.2, 50.36, 16.52, -33.83, 0.02, 0, 4.36, 
76, 8, eco121, 89, 1, 1.1, 20.5, 60.32, 25.05, -35.27, 0.02, 0, 4.86, 
76, 9, eco121, 89, 1, 3.1, 14.7, 100.98, 77.82, -23.16, 0.02, 0, 4.52, 
76, 10, eco121, 89, 1, 1.5, 7.8, 74.41, 62.95, -11.46, 0.02, 0, 5.35, 
76, 11, eco121, 89, 1, 5.7, 5.8, 53.1, 51.2, -1.9, 0.02, 0, 7.04, 
76, 12, eco121, 89, 1, 12, 1.7, 14.99, 43.44, 28.45, 0.03, 0.01, 9.73, 
76, 1, eco121, 89, 1, 17.5, 3.4, 29.54, 28.73, -0.81, 0.03, 0.02, 9.56, 
76, 2, eco121, 89, 1, 24.6, -0.8, 0.02, 1.17, 1.15, 0.04, 0, 9.69, 
76, 3, eco121, 89, 1, 8.2, 4.1, 38.36, 30.48, -7.88, 0.03, 0.04, 9.41, 
76, 4, eco121, 89, 1, 5.7, 9.5, 124.13, 67.5, -56.63, 0.02, 0.12, 5.18, 
76, 5, eco121, 89, 1, 7.7, 11.9, 98.06, 83.13, -14.92, 0.03, 0.03, 4.3, 
76, 6, eco121, 89, 1, 0.3, 17.8, 57.63, 18.77, -38.86, 0.02, 0, 4.4, 
77, 7, eco121, 89, 1, 0, 20.2, 50.29, 16.59, -33.7, 0.02, 0, 4.36, 
77, 8, eco121, 89, 1, 1.1, 20.5, 60.24, 25.15, -35.09, 0.02, 0, 4.86, 
77, 9, eco121, 89, 1, 3.1, 14.7, 100.73, 78.14, -22.59, 0.02, 0, 4.52, 
77, 10, eco121, 89, 1, 1.5, 7.8, 74.29, 63.2, -11.09, 0.02, 0, 5.35, 
77, 11, eco121, 89, 1, 5.7, 5.8, 52.98, 51.41, -1.57, 0.02, 0, 7.04, 
77, 12, eco121, 89, 1, 12, 1.7, 14.96, 43.61, 28.65, 0.03, 0.01, 9.73, 
77, 1, eco121, 89, 1, 17.5, 3.4, 29.56, 28.86, -0.7, 0.03, 0.02, 9.56, 
77, 2, eco121, 89, 1, 24.6, -0.8, 0.02, 1.18, 1.16, 0.04, 0, 9.69, 
77, 3, eco121, 89, 1, 8.2, 4.1, 38.4, 30.61, -7.79, 0.03, 0.04, 9.41, 
77, 4, eco121, 89, 1, 5.7, 9.5, 124.05, 67.77, -56.28, 0.02, 0.12, 5.18, 
77, 5, eco121, 89, 1, 7.7, 11.9, 97.82, 83.47, -14.35, 0.03, 0.03, 4.3, 
77, 6, eco121, 89, 1, 0.3, 17.8, 57.55, 18.85, -38.7, 0.02, 0, 4.4, 
78, 7, eco121, 89, 1, 0, 20.2, 50.23, 16.66, -33.57, 0.02, 0, 4.36, 
78, 8, eco121, 89, 1, 1.1, 20.5, 60.16, 25.25, -34.91, 0.02, 0, 4.86, 
78, 9, eco121, 89, 1, 3.1, 14.7, 100.47, 78.45, -22.02, 0.02, 0, 4.52, 
78, 10, eco121, 89, 1, 1.5, 7.8, 74.18, 63.46, -10.72, 0.02, 0, 5.35, 
78, 11, eco121, 89, 1, 5.7, 5.8, 52.87, 51.62, -1.25, 0.02, 0, 7.04, 
78, 12, eco121, 89, 1, 12, 1.7, 14.93, 43.79, 28.85, 0.03, 0.01, 9.73, 
78, 1, eco121, 89, 1, 17.5, 3.4, 29.57, 28.98, -0.59, 0.03, 0.02, 9.56, 
78, 2, eco121, 89, 1, 24.6, -0.8, 0.02, 1.18, 1.16, 0.04, 0, 9.69, 
78, 3, eco121, 89, 1, 8.2, 4.1, 38.44, 30.74, -7.71, 0.03, 0.04, 9.41, 
78, 4, eco121, 89, 1, 5.7, 9.5, 123.98, 68.04, -55.94, 0.02, 0.12, 5.18, 
78, 5, eco121, 89, 1, 7.7, 11.9, 97.58, 83.8, -13.78, 0.03, 0.03, 4.3, 
78, 6, eco121, 89, 1, 0.3, 17.8, 57.46, 18.92, -38.54, 0.02, 0, 4.4, 
79, 7, eco121, 89, 1, 0, 20.2, 50.16, 16.72, -33.44, 0.02, 0, 4.36, 
79, 8, eco121, 89, 1, 1.1, 20.5, 60.08, 25.35, -34.73, 0.02, 0, 4.86, 
79, 9, eco121, 89, 1, 3.1, 14.7, 100.23, 78.76, -21.47, 0.02, 0, 4.52, 
79, 10, eco121, 89, 1, 1.5, 7.8, 74.07, 63.71, -10.36, 0.02, 0, 5.35, 
79, 11, eco121, 89, 1, 5.7, 5.8, 52.75, 51.83, -0.92, 0.02, 0, 7.04, 
79, 12, eco121, 89, 1, 12, 1.7, 14.9, 43.96, 29.06, 0.03, 0.01, 9.73, 
79, 1, eco121, 89, 1, 17.5, 3.4, 29.58, 29.1, -0.48, 0.03, 0.02, 9.56, 
79, 2, eco121, 89, 1, 24.6, -0.8, 0.02, 1.19, 1.17, 0.04, 0, 9.69, 
79, 3, eco121, 89, 1, 8.2, 4.1, 38.48, 30.86, -7.62, 0.03, 0.04, 9.41, 
79, 4, eco121, 89, 1, 5.7, 9.5, 123.91, 68.31, -55.6, 0.02, 0.12, 5.18, 
79, 5, eco121, 89, 1, 7.7, 11.9, 97.36, 84.13, -13.23, 0.03, 0.03, 4.3, 
79, 6, eco121, 89, 1, 0.3, 17.8, 57.38, 18.99, -38.39, 0.02, 0, 4.4, 
80, 7, eco121, 89, 1, 0, 20.2, 50.1, 16.79, -33.31, 0.02, 0, 4.36, 
80, 8, eco121, 89, 1, 1.1, 20.5, 60.01, 25.45, -34.56, 0.02, 0, 4.86, 
80, 9, eco121, 89, 1, 3.1, 14.7, 99.99, 79.06, -20.92, 0.02, 0, 4.52, 
80, 10, eco121, 89, 1, 1.5, 7.8, 73.97, 63.96, -10.01, 0.02, 0, 5.35, 
80, 11, eco121, 89, 1, 5.7, 5.8, 52.63, 52.03, -0.6, 0.02, 0, 7.04, 
80, 12, eco121, 89, 1, 12, 1.7, 14.88, 44.13, 29.26, 0.03, 0.01, 9.73, 
80, 1, eco121, 89, 1, 17.5, 3.4, 29.59, 29.22, -0.37, 0.03, 0.02, 9.56, 
80, 2, eco121, 89, 1, 24.6, -0.8, 0.02, 1.19, 1.17, 0.04, 0, 9.69, 
80, 3, eco121, 89, 1, 8.2, 4.1, 38.52, 30.99, -7.54, 0.03, 0.04, 9.41, 
80, 4, eco121, 89, 1, 5.7, 9.5, 123.85, 68.58, -55.27, 0.02, 0.12, 5.18, 
80, 5, eco121, 89, 1, 7.7, 11.9, 97.14, 84.46, -12.68, 0.03, 0.03, 4.3, 
80, 6, eco121, 89, 1, 0.3, 17.8, 57.31, 19.07, -38.24, 0.02, 0, 4.4, 
81, 7, eco121, 89, 1, 0, 20.2, 50.04, 16.85, -33.19, 0.02, 0, 4.36, 
81, 8, eco121, 89, 1, 1.1, 20.5, 59.94, 25.55, -34.39, 0.02, 0, 4.86, 
81, 9, eco121, 89, 1, 3.1, 14.7, 99.76, 79.37, -20.39, 0.02, 0, 4.52, 
81, 10, eco121, 89, 1, 1.5, 7.8, 73.86, 64.21, -9.65, 0.02, 0, 5.35, 
81, 11, eco121, 89, 1, 5.7, 5.8, 52.52, 52.23, -0.29, 0.02, 0, 7.04, 
81, 12, eco121, 89, 1, 12, 1.7, 14.85, 44.3, 29.45, 0.03, 0.01, 9.73, 
81, 1, eco121, 89, 1, 17.5, 3.4, 29.61, 29.34, -0.27, 0.03, 0.02, 9.56, 
81, 2, eco121, 89, 1, 24.6, -0.8, 0.02, 1.2, 1.18, 0.04, 0, 9.69, 
81, 3, eco121, 89, 1, 8.2, 4.1, 38.57, 31.12, -7.46, 0.03, 0.04, 9.41, 
81, 4, eco121, 89, 1, 5.7, 9.5, 123.78, 68.84, -54.94, 0.02, 0.12, 5.18, 
81, 5, eco121, 89, 1, 7.7, 11.9, 96.93, 84.78, -12.15, 0.03, 0.03, 4.3, 
81, 6, eco121, 89, 1, 0.3, 17.8, 57.24, 19.14, -38.1, 0.02, 0, 4.4, 
82, 7, eco121, 89, 1, 0, 20.2, 49.99, 16.92, -33.07, 0.02, 0, 4.36, 
82, 8, eco121, 89, 1, 1.1, 20.5, 59.88, 25.65, -34.24, 0.02, 0, 4.86, 
82, 9, eco121, 89, 1, 3.1, 14.7, 99.54, 79.67, -19.87, 0.02, 0, 4.52, 
82, 10, eco121, 89, 1, 1.5, 7.8, 73.73, 64.45, -9.28, 0.02, 0, 5.35, 
82, 11, eco121, 89, 1, 5.7, 5.8, 52.42, 52.44, 0.02, 0.02, 0, 7.04, 
82, 12, eco121, 89, 1, 12, 1.7, 14.83, 44.47, 29.64, 0.03, 0.01, 9.73, 
82, 1, eco121, 89, 1, 17.5, 3.4, 29.63, 29.46, -0.17, 0.03, 0.02, 9.56, 
82, 2, eco121, 89, 1, 24.6, -0.8, 0.02, 1.2, 1.18, 0.04, 0, 9.69, 
82, 3, eco121, 89, 1, 8.2, 4.1, 38.62, 31.24, -7.38, 0.03, 0.04, 9.41, 
82, 4, eco121, 89, 1, 5.7, 9.5, 123.71, 69.1, -54.61, 0.02, 0.12, 5.18, 
82, 5, eco121, 89, 1, 7.7, 11.9, 96.73, 85.1, -11.63, 0.03, 0.03, 4.3, 
82, 6, eco121, 89, 1, 0.3, 17.8, 57.18, 19.22, -37.96, 0.02, 0, 4.4, 
83, 7, eco121, 89, 1, 0, 20.2, 49.94, 16.98, -32.96, 0.02, 0, 4.36, 
83, 8, eco121, 89, 1, 1.1, 20.5, 59.83, 25.74, -34.09, 0.02, 0, 4.86, 
83, 9, eco121, 89, 1, 3.1, 14.7, 99.34, 79.97, -19.36, 0.02, 0, 4.52, 
83, 10, eco121, 89, 1, 1.5, 7.8, 73.61, 64.7, -8.91, 0.02, 0, 5.35, 
83, 11, eco121, 89, 1, 5.7, 5.8, 52.31, 52.64, 0.33, 0.02, 0, 7.04, 
83, 12, eco121, 89, 1, 12, 1.7, 14.81, 44.64, 29.83, 0.03, 0.01, 9.73, 
83, 1, eco121, 89, 1, 17.5, 3.4, 29.65, 29.58, -0.07, 0.03, 0.03, 9.56, 
83, 2, eco121, 89, 1, 24.6, -0.8, 0.02, 1.21, 1.19, 0.04, 0, 9.69, 
83, 3, eco121, 89, 1, 8.2, 4.1, 38.68, 31.36, -7.31, 0.03, 0.04, 9.41, 
83, 4, eco121, 89, 1, 5.7, 9.5, 123.64, 69.37, -54.27, 0.02, 0.12, 5.18, 
83, 5, eco121, 89, 1, 7.7, 11.9, 96.54, 85.42, -11.12, 0.03, 0.03, 4.3, 
83, 6, eco121, 89, 1, 0.3, 17.8, 57.12, 19.29, -37.83, 0.02, 0, 4.4, 
84, 7, eco121, 89, 1, 0, 20.2, 49.88, 17.05, -32.84, 0.02, 0, 4.36, 
84, 8, eco121, 89, 1, 1.1, 20.5, 59.79, 25.84, -33.94, 0.02, 0, 4.86, 
84, 9, eco121, 89, 1, 3.1, 14.7, 99.14, 80.28, -18.86, 0.02, 0, 4.52, 
84, 10, eco121, 89, 1, 1.5, 7.8, 73.49, 64.94, -8.55, 0.02, 0, 5.35, 
84, 11, eco121, 89, 1, 5.7, 5.8, 52.21, 52.84, 0.63, 0.02, 0, 7.04, 
84, 12, eco121, 89, 1, 12, 1.7, 14.79, 44.81, 30.02, 0.03, 0.01, 9.73, 
84, 1, eco121, 89, 1, 17.5, 3.4, 29.68, 29.7, 0.02, 0.03, 0.03, 9.56, 
84, 2, eco121, 89, 1, 24.6, -0.8, 0.02, 1.21, 1.19, 0.04, 0, 9.69, 
84, 3, eco121, 89, 1, 8.2, 4.1, 38.73, 31.49, -7.25, 0.03, 0.04, 9.41, 
84, 4, eco121, 89, 1, 5.7, 9.5, 123.56, 69.63, -53.93, 0.02, 0.12, 5.18, 
84, 5, eco121, 89, 1, 7.7, 11.9, 96.36, 85.74, -10.62, 0.03, 0.03, 4.3, 
84, 6, eco121, 89, 1, 0.3, 17.8, 57.06, 19.36, -37.7, 0.02, 0, 4.4, 
85, 7, eco121, 89, 1, 0, 20.2, 49.82, 17.11, -32.71, 0.02, 0, 4.36, 
85, 8, eco121, 89, 1, 1.1, 20.5, 59.74, 25.94, -33.81, 0.02, 0, 4.86, 
85, 9, eco121, 89, 1, 3.1, 14.7, 98.95, 80.57, -18.38, 0.02, 0, 4.52, 
85, 10, eco121, 89, 1, 1.5, 7.8, 73.39, 65.18, -8.2, 0.02, 0, 5.35, 
85, 11, eco121, 89, 1, 5.7, 5.8, 52.11, 53.04, 0.93, 0.02, 0, 7.04, 
85, 12, eco121, 89, 1, 12, 1.7, 14.77, 44.98, 30.21, 0.03, 0.01, 9.73, 
85, 1, eco121, 89, 1, 17.5, 3.4, 29.7, 29.82, 0.11, 0.03, 0.03, 9.56, 
85, 2, eco121, 89, 1, 24.6, -0.8, 0.02, 1.22, 1.2, 0.04, 0, 9.69, 
85, 3, eco121, 89, 1, 8.2, 4.1, 38.79, 31.61, -7.18, 0.03, 0.04, 9.41, 
85, 4, eco121, 89, 1, 5.7, 9.5, 123.47, 69.89, -53.58, 0.02, 0.12, 5.18, 
85, 5, eco121, 89, 1, 7.7, 11.9, 96.2, 86.06, -10.14, 0.03, 0.03, 4.3, 
85, 6, eco121, 89, 1, 0.3, 17.8, 57.01, 19.43, -37.58, 0.02, 0, 4.4, 
86, 7, eco121, 89, 1, 0, 20.2, 49.76, 17.17, -32.59, 0.02, 0, 4.36, 
86, 8, eco121, 89, 1, 1.1, 20.5, 59.71, 26.03, -33.68, 0.02, 0, 4.86, 
86, 9, eco121, 89, 1, 3.1, 14.7, 98.79, 80.87, -17.92, 0.02, 0, 4.52, 
86, 10, eco121, 89, 1, 1.5, 7.8, 73.28, 65.43, -7.86, 0.02, 0, 5.35, 
86, 11, eco121, 89, 1, 5.7, 5.8, 52.01, 53.24, 1.23, 0.02, 0, 7.04, 
86, 12, eco121, 89, 1, 12, 1.7, 14.74, 45.15, 30.4, 0.03, 0.01, 9.73, 
86, 1, eco121, 89, 1, 17.5, 3.4, 29.72, 29.93, 0.21, 0.03, 0.03, 9.56, 
86, 2, eco121, 89, 1, 24.6, -0.8, 0.02, 1.22, 1.2, 0.04, 0, 9.69, 
86, 3, eco121, 89, 1, 8.2, 4.1, 38.85, 31.73, -7.12, 0.03, 0.04, 9.41, 
86, 4, eco121, 89, 1, 5.7, 9.5, 123.37, 70.14, -53.23, 0.02, 0.12, 5.18, 
86, 5, eco121, 89, 1, 7.7, 11.9, 96.04, 86.37, -9.68, 0.03, 0.03, 4.3, 
86, 6, eco121, 89, 1, 0.3, 17.8, 56.92, 19.5, -37.42, 0.02, 0, 4.4, 
87, 7, eco121, 89, 1, 0, 20.2, 49.66, 17.24, -32.42, 0.02, 0, 4.36, 
87, 8, eco121, 89, 1, 1.1, 20.5, 59.64, 26.13, -33.51, 0.02, 0, 4.86, 
87, 9, eco121, 89, 1, 3.1, 14.7, 98.59, 81.15, -17.43, 0.02, 0, 4.52, 
87, 10, eco121, 89, 1, 1.5, 7.8, 73.09, 65.66, -7.44, 0.02, 0, 5.35, 
87, 11, eco121, 89, 1, 5.7, 5.8, 51.83, 53.43, 1.6, 0.02, 0, 7.04, 
87, 12, eco121, 89, 1, 12, 1.7, 14.64, 45.3, 30.66, 0.03, 0.01, 9.73, 
87, 1, eco121, 89, 1, 17.5, 3.4, 29.67, 30.04, 0.38, 0.03, 0.03, 9.56, 
87, 2, eco121, 89, 1, 24.6, -0.8, 0.02, 1.22, 1.21, 0.04, 0, 9.69, 
87, 3, eco121, 89, 1, 8.2, 4.1, 38.84, 31.85, -6.99, 0.03, 0.04, 9.41, 
87, 4, eco121, 89, 1, 5.7, 9.5, 123.19, 70.38, -52.8, 0.02, 0.12, 5.18, 
87, 5, eco121, 89, 1, 7.7, 11.9, 95.83, 86.66, -9.17, 0.03, 0.03, 4.3, 
87, 6, eco121, 89, 1, 0.3, 17.8, 56.76, 19.57, -37.19, 0.02, 0, 4.4, 
88, 7, eco121, 89, 1, 0, 20.2, 49.5, 17.29, -32.2, 0.02, 0, 4.36, 
88, 8, eco121, 89, 1, 1.1, 20.5, 59.51, 26.22, -33.3, 0.02, 0, 4.86, 
88, 9, eco121, 89, 1, 3.1, 14.7, 98.35, 81.43, -16.92, 0.02, 0, 4.52, 
88, 10, eco121, 89, 1, 1.5, 7.8, 72.89, 65.88, -7.01, 0.02, 0, 5.35, 
88, 11, eco121, 89, 1, 5.7, 5.8, 51.62, 53.61, 1.98, 0.02, 0, 7.04, 
88, 12, eco121, 89, 1, 12, 1.7, 14.53, 45.46, 30.93, 0.03, 0.01, 9.73, 
88, 1, eco121, 89, 1, 17.5, 3.4, 29.6, 30.15, 0.55, 0.03, 0.03, 9.56, 
88, 2, eco121, 89, 1, 24.6, -0.8, 0.02, 1.23, 1.21, 0.04, 0, 9.69, 
88, 3, eco121, 89, 1, 8.2, 4.1, 38.82, 31.95, -6.86, 0.03, 0.04, 9.41, 
88, 4, eco121, 89, 1, 5.7, 9.5, 122.96, 70.61, -52.35, 0.02, 0.13, 5.18, 
88, 5, eco121, 89, 1, 7.7, 11.9, 95.6, 86.94, -8.66, 0.03, 0.03, 4.3, 
88, 6, eco121, 89, 1, 0.3, 17.8, 56.6, 19.63, -36.97, 0.02, 0, 4.4, 
89, 7, eco121, 89, 1, 0, 20.2, 49.32, 17.35, -31.97, 0.02, 0, 4.36, 
89, 8, eco121, 89, 1, 1.1, 20.5, 59.38, 26.3, -33.09, 0.02, 0, 4.86, 
89, 9, eco121, 89, 1, 3.1, 14.7, 98.1, 81.68, -16.42, 0.02, 0, 4.52, 
89, 10, eco121, 89, 1, 1.5, 7.8, 72.67, 66.08, -6.59, 0.02, 0, 5.35, 
89, 11, eco121, 89, 1, 5.7, 5.8, 51.41, 53.77, 2.37, 0.02, 0, 7.04, 
89, 12, eco121, 89, 1, 12, 1.7, 14.4, 45.59, 31.19, 0.03, 0.01, 9.73, 
89, 1, eco121, 89, 1, 17.5, 3.4, 29.52, 30.24, 0.72, 0.03, 0.03, 9.56, 
89, 2, eco121, 89, 1, 24.6, -0.8, 0.01, 1.23, 1.22, 0.04, 0, 9.69, 
89, 3, eco121, 89, 1, 8.2, 4.1, 38.79, 32.05, -6.74, 0.03, 0.04, 9.41, 
89, 4, eco121, 89, 1, 5.7, 9.5, 122.74, 70.82, -51.92, 0.02, 0.13, 5.18, 
89, 5, eco121, 89, 1, 7.7, 11.9, 95.37, 87.19, -8.17, 0.03, 0.03, 4.3, 
89, 6, eco121, 89, 1, 0.3, 17.8, 56.42, 19.69, -36.73, 0.02, 0, 4.4, 
90, 7, eco121, 89, 1, 0, 20.2, 49.13, 17.4, -31.73, 0.02, 0, 4.36, 
90, 8, eco121, 89, 1, 1.1, 20.5, 59.25, 26.37, -32.88, 0.02, 0, 4.86, 
90, 9, eco121, 89, 1, 3.1, 14.7, 97.85, 81.9, -15.95, 0.02, 0, 4.52, 
90, 10, eco121, 89, 1, 1.5, 7.8, 72.44, 66.26, -6.18, 0.02, 0, 5.35, 
90, 11, eco121, 89, 1, 5.7, 5.8, 51.18, 53.92, 2.74, 0.02, 0, 7.04, 
90, 12, eco121, 89, 1, 12, 1.7, 14.26, 45.72, 31.46, 0.03, 0.01, 9.73, 
90, 1, eco121, 89, 1, 17.5, 3.4, 29.44, 30.33, 0.89, 0.03, 0.03, 9.56, 
90, 2, eco121, 89, 1, 24.6, -0.8, 0.01, 1.24, 1.22, 0.04, 0, 9.69, 
90, 3, eco121, 89, 1, 8.2, 4.1, 38.76, 32.14, -6.63, 0.03, 0.04, 9.41, 
90, 4, eco121, 89, 1, 5.7, 9.5, 122.52, 71, -51.52, 0.02, 0.13, 5.18, 
90, 5, eco121, 89, 1, 7.7, 11.9, 95.12, 87.41, -7.71, 0.03, 0.04, 4.3, 
90, 6, eco121, 89, 1, 0.3, 17.8, 56.21, 19.74, -36.48, 0.02, 0, 4.4, 
91, 7, eco121, 89, 1, 0, 20.2, 48.41, 17.48, -30.93, 0.02, 0, 4.36, 
91, 8, eco121, 89, 1, 1.1, 20.5, 57.91, 26.47, -31.44, 0.02, 0, 4.86, 
91, 9, eco121, 89, 1, 3.1, 14.7, 92.53, 82.17, -10.36, 0.02, 0, 4.52, 
91, 10, eco121, 89, 1, 1.5, 7.8, 69.55, 66.44, -3.11, 0.02, 0, 5.35, 
91, 11, eco121, 89, 1, 5.7, 5.8, 49.34, 54.03, 4.69, 0.02, 0, 7.04, 
91, 12, eco121, 89, 1, 12, 1.7, 14.28, 45.79, 31.52, 0.03, 0.01, 9.73, 
91, 1, eco121, 89, 1, 17.5, 3.4, 28.79, 30.35, 1.56, 0.03, 0.03, 9.56, 
91, 2, eco121, 89, 1, 24.6, -0.8, 0.01, 1.24, 1.22, 0.04, 0, 9.69, 
91, 3, eco121, 89, 1, 8.2, 4.1, 37.68, 32.14, -5.54, 0.03, 0.04, 9.41, 
91, 4, eco121, 89, 1, 5.7, 9.5, 118.35, 71, -47.35, 0.02, 0.13, 5.18, 
91, 5, eco121, 89, 1, 7.7, 11.9, 90.02, 87.37, -2.64, 0.03, 0.04, 4.3, 
91, 6, eco121, 89, 1, 0.3, 17.8, 55.18, 19.72, -35.47, 0.02, 0, 4.4, 
92, 7, eco121, 89, 1, 0, 20.2, 48.74, 17.42, -31.32, 0.02, 0, 4.36, 
92, 8, eco121, 89, 1, 1.1, 20.5, 58.53, 26.39, -32.14, 0.02, 0, 4.86, 
92, 9, eco121, 89, 1, 3.1, 14.7, 94.37, 81.93, -12.44, 0.02, 0, 4.52, 
92, 10, eco121, 89, 1, 1.5, 7.8, 70.63, 66.26, -4.37, 0.02, 0, 5.35, 
92, 11, eco121, 89, 1, 5.7, 5.8, 50.04, 53.89, 3.85, 0.02, 0, 7.04, 
92, 12, eco121, 89, 1, 12, 1.7, 14.44, 45.68, 31.25, 0.03, 0.01, 9.73, 
92, 1, eco121, 89, 1, 17.5, 3.4, 29.2, 30.28, 1.08, 0.03, 0.03, 9.56, 
92, 2, eco121, 89, 1, 24.6, -0.8, 0.01, 1.23, 1.22, 0.04, 0, 9.69, 
92, 3, eco121, 89, 1, 8.2, 4.1, 38.24, 32.07, -6.18, 0.03, 0.04, 9.41, 
92, 4, eco121, 89, 1, 5.7, 9.5, 119.88, 70.87, -49.01, 0.02, 0.13, 5.18, 
92, 5, eco121, 89, 1, 7.7, 11.9, 91.79, 87.24, -4.55, 0.03, 0.04, 4.3, 
92, 6, eco121, 89, 1, 0.3, 17.8, 55.73, 19.69, -36.04, 0.02, 0, 4.4, 
93, 7, eco121, 89, 1, 0, 20.2, 48.56, 17.4, -31.16, 0.02, 0, 4.36, 
93, 8, eco121, 89, 1, 1.1, 20.5, 58.42, 26.36, -32.06, 0.02, 0, 4.86, 
93, 9, eco121, 89, 1, 3.1, 14.7, 94.16, 81.85, -12.31, 0.02, 0, 4.52, 
93, 10, eco121, 89, 1, 1.5, 7.8, 70.44, 66.2, -4.24, 0.02, 0, 5.35, 
93, 11, eco121, 89, 1, 5.7, 5.8, 49.85, 53.85, 4, 0.02, 0, 7.04, 
93, 12, eco121, 89, 1, 12, 1.7, 14.33, 45.66, 31.32, 0.03, 0.01, 9.73, 
93, 1, eco121, 89, 1, 17.5, 3.4, 29.14, 30.26, 1.12, 0.03, 0.03, 9.56, 
93, 2, eco121, 89, 1, 24.6, -0.8, 0.01, 1.23, 1.22, 0.04, 0, 9.69, 
93, 3, eco121, 89, 1, 8.2, 4.1, 38.23, 32.05, -6.17, 0.03, 0.05, 9.41, 
93, 4, eco121, 89, 1, 5.7, 9.5, 119.77, 70.85, -48.92, 0.02, 0.13, 5.18, 
93, 5, eco121, 89, 1, 7.7, 11.9, 91.59, 87.22, -4.37, 0.03, 0.04, 4.3, 
93, 6, eco121, 89, 1, 0.3, 17.8, 55.59, 19.69, -35.9, 0.02, 0, 4.4, 
94, 7, eco121, 89, 1, 0, 20.2, 48.37, 17.39, -30.98, 0.02, 0, 4.36, 
94, 8, eco121, 89, 1, 1.1, 20.5, 58.31, 26.36, -31.95, 0.02, 0, 4.86, 
94, 9, eco121, 89, 1, 3.1, 14.7, 93.95, 81.85, -12.1, 0.02, 0, 4.52, 
94, 10, eco121, 89, 1, 1.5, 7.8, 70.22, 66.2, -4.01, 0.02, 0, 5.35, 
94, 11, eco121, 89, 1, 5.7, 5.8, 49.66, 53.86, 4.2, 0.02, 0, 7.04, 
94, 12, eco121, 89, 1, 12, 1.7, 14.22, 45.66, 31.44, 0.03, 0.01, 9.73, 
94, 1, eco121, 89, 1, 17.5, 3.4, 29.07, 30.26, 1.19, 0.03, 0.03, 9.56, 
94, 2, eco121, 89, 1, 24.6, -0.8, 0.01, 1.23, 1.22, 0.04, 0, 9.69, 
94, 3, eco121, 89, 1, 8.2, 4.1, 38.21, 32.06, -6.15, 0.03, 0.05, 9.41, 
94, 4, eco121, 89, 1, 5.7, 9.5, 119.63, 70.86, -48.77, 0.02, 0.13, 5.18, 
94, 5, eco121, 89, 1, 7.7, 11.9, 91.38, 87.24, -4.14, 0.03, 0.04, 4.3, 
94, 6, eco121, 89, 1, 0.3, 17.8, 55.43, 19.69, -35.73, 0.02, 0, 4.4, 
95, 7, eco121, 89, 1, 0, 20.2, 48.01, 17.41, -30.6, 0.02, 0, 4.36, 
95, 8, eco121, 89, 1, 1.1, 20.5, 57.8, 26.38, -31.41, 0.02, 0, 4.86, 
95, 9, eco121, 89, 1, 3.1, 14.7, 92.03, 81.91, -10.13, 0.02, 0, 4.52, 
95, 10, eco121, 89, 1, 1.5, 7.8, 69.1, 66.24, -2.86, 0.02, 0, 5.35, 
95, 11, eco121, 89, 1, 5.7, 5.8, 48.92, 53.87, 4.95, 0.02, 0, 7.04, 
95, 12, eco121, 89, 1, 12, 1.7, 14.15, 45.67, 31.52, 0.03, 0.01, 9.73, 
95, 1, eco121, 89, 1, 17.5, 3.4, 28.81, 30.25, 1.44, 0.03, 0.03, 9.56, 
95, 2, eco121, 89, 1, 24.6, -0.8, 0.01, 1.23, 1.22, 0.04, 0, 9.69, 
95, 3, eco121, 89, 1, 8.2, 4.1, 37.84, 32.04, -5.8, 0.03, 0.05, 9.41, 
95, 4, eco121, 89, 1, 5.7, 9.5, 118.16, 70.83, -47.33, 0.02, 0.13, 5.18, 
95, 5, eco121, 89, 1, 7.7, 11.9, 89.55, 87.19, -2.36, 0.03, 0.04, 4.3, 
95, 6, eco121, 89, 1, 0.3, 17.8, 54.98, 19.68, -35.3, 0.02, 0, 4.4, 
96, 7, eco121, 89, 1, 0, 20.2, 47.65, 17.39, -30.26, 0.02, 0, 4.36, 
96, 8, eco121, 89, 1, 1.1, 20.5, 57.28, 26.35, -30.93, 0.02, 0, 4.86, 
96, 9, eco121, 89, 1, 3.1, 14.7, 90.11, 81.79, -8.32, 0.02, 0, 4.52, 
96, 10, eco121, 89, 1, 1.5, 7.8, 67.98, 66.14, -1.84, 0.02, 0, 5.35, 
96, 11, eco121, 89, 1, 5.7, 5.8, 48.18, 53.78, 5.6, 0.02, 0, 7.04, 
96, 12, eco121, 89, 1, 12, 1.7, 14.09, 45.6, 31.51, 0.03, 0.01, 9.73, 
96, 1, eco121, 89, 1, 17.5, 3.4, 28.55, 30.19, 1.64, 0.03, 0.03, 9.56, 
96, 2, eco121, 89, 1, 24.6, -0.8, 0.01, 1.23, 1.22, 0.04, 0, 9.69, 
96, 3, eco121, 89, 1, 8.2, 4.1, 37.46, 31.97, -5.49, 0.03, 0.05, 9.41, 
96, 4, eco121, 89, 1, 5.7, 9.5, 116.72, 70.7, -46.02, 0.02, 0.13, 5.18, 
96, 5, eco121, 89, 1, 7.7, 11.9, 87.71, 87.02, -0.69, 0.03, 0.04, 4.3, 
96, 6, eco121, 89, 1, 0.3, 17.8, 54.54, 19.64, -34.9, 0.02, 0, 4.4, 
97, 7, eco121, 89, 1, 0, 20.2, 47.47, 17.35, -30.12, 0.02, 0, 4.36, 
97, 8, eco121, 89, 1, 1.1, 20.5, 57.18, 26.28, -30.89, 0.02, 0, 4.86, 
97, 9, eco121, 89, 1, 3.1, 14.7, 89.91, 81.59, -8.32, 0.02, 0, 4.52, 
97, 10, eco121, 89, 1, 1.5, 7.8, 67.78, 65.98, -1.8, 0.02, 0, 5.35, 
97, 11, eco121, 89, 1, 5.7, 5.8, 48.01, 53.65, 5.65, 0.02, 0, 7.04, 
97, 12, eco121, 89, 1, 12, 1.7, 13.99, 45.49, 31.5, 0.03, 0.01, 9.73, 
97, 1, eco121, 89, 1, 17.5, 3.4, 28.5, 30.11, 1.61, 0.03, 0.03, 9.56, 
97, 2, eco121, 89, 1, 24.6, -0.8, 0.01, 1.23, 1.22, 0.04, 0, 9.69, 
97, 3, eco121, 89, 1, 8.2, 4.1, 37.45, 31.89, -5.56, 0.03, 0.05, 9.41, 
97, 4, eco121, 89, 1, 5.7, 9.5, 116.66, 70.54, -46.12, 0.02, 0.13, 5.18, 
97, 5, eco121, 89, 1, 7.7, 11.9, 87.98, 86.84, -1.14, 0.03, 0.04, 4.3, 
97, 6, eco121, 89, 1, 0.3, 17.8, 54.41, 19.6, -34.81, 0.02, 0, 4.4, 
98, 7, eco121, 89, 1, 0, 20.2, 47.29, 17.31, -29.98, 0.02, 0, 4.36, 
98, 8, eco121, 89, 1, 1.1, 20.5, 57.08, 26.23, -30.85, 0.02, 0, 4.86, 
98, 9, eco121, 89, 1, 3.1, 14.7, 89.72, 81.43, -8.29, 0.02, 0, 4.52, 
98, 10, eco121, 89, 1, 1.5, 7.8, 67.57, 65.85, -1.72, 0.02, 0, 5.35, 
98, 11, eco121, 89, 1, 5.7, 5.8, 47.82, 53.55, 5.73, 0.02, 0, 7.04, 
98, 12, eco121, 89, 1, 12, 1.7, 13.89, 45.41, 31.52, 0.03, 0.01, 9.73, 
98, 1, eco121, 89, 1, 17.5, 3.4, 28.44, 30.05, 1.61, 0.03, 0.03, 9.56, 
98, 2, eco121, 89, 1, 24.6, -0.8, 0.01, 1.23, 1.21, 0.04, 0, 9.69, 
98, 3, eco121, 89, 1, 8.2, 4.1, 37.44, 31.82, -5.62, 0.03, 0.05, 9.41, 
98, 4, eco121, 89, 1, 5.7, 9.5, 116.55, 70.41, -46.14, 0.02, 0.13, 5.18, 
98, 5, eco121, 89, 1, 7.7, 11.9, 88.46, 86.68, -1.77, 0.03, 0.04, 4.3, 
98, 6, eco121, 89, 1, 0.3, 17.8, 54.26, 19.56, -34.7, 0.02, 0, 4.4, 
99, 7, eco121, 89, 1, 0, 20.2, 46.94, 17.29, -29.64, 0.02, 0, 4.36, 
99, 8, eco121, 89, 1, 1.1, 20.5, 56.55, 26.2, -30.35, 0.02, 0, 4.86, 
99, 9, eco121, 89, 1, 3.1, 14.7, 87.8, 81.32, -6.48, 0.02, 0, 4.52, 
99, 10, eco121, 89, 1, 1.5, 7.8, 66.44, 65.75, -0.69, 0.02, 0, 5.35, 
99, 11, eco121, 89, 1, 5.7, 5.8, 47.08, 53.46, 6.38, 0.02, 0, 7.04, 
99, 12, eco121, 89, 1, 12, 1.7, 13.83, 45.32, 31.5, 0.03, 0.01, 9.73, 
99, 1, eco121, 89, 1, 17.5, 3.4, 28.18, 29.97, 1.79, 0.03, 0.03, 9.56, 
99, 2, eco121, 89, 1, 24.6, -0.8, 0.01, 1.22, 1.21, 0.04, 0, 9.69, 
99, 3, eco121, 89, 1, 8.2, 4.1, 37.07, 31.73, -5.34, 0.03, 0.05, 9.41, 
99, 4, eco121, 89, 1, 5.7, 9.5, 115.09, 70.24, -44.85, 0.02, 0.13, 5.18, 
99, 5, eco121, 89, 1, 7.7, 11.9, 87.82, 86.46, -1.36, 0.03, 0.04, 4.3, 
99, 6, eco121, 89, 1, 0.3, 17.8, 53.81, 19.51, -34.3, 0.02, 0, 4.4, 
100, 7, eco121, 89, 1, 0, 20.2, 46.57, 17.24, -29.32, 0.02, 0, 4.36, 
100, 8, eco121, 89, 1, 1.1, 20.5, 55.96, 26.12, -29.84, 0.02, 0, 4.86, 
100, 9, eco121, 89, 1, 3.1, 14.7, 85.78, 81.07, -4.71, 0.02, 0, 4.52, 
100, 10, eco121, 89, 1, 1.5, 7.8, 65.29, 65.54, 0.24, 0.02, 0, 5.35, 
100, 11, eco121, 89, 1, 5.7, 5.8, 46.33, 53.27, 6.94, 0.02, 0, 7.04, 
100, 12, eco121, 89, 1, 12, 1.7, 13.78, 45.16, 31.39, 0.03, 0.01, 9.73, 
100, 1, eco121, 89, 1, 17.5, 3.4, 27.92, 29.84, 1.92, 0.03, 0.03, 9.56, 
100, 2, eco121, 89, 1, 24.6, -0.8, 0.01, 1.22, 1.21, 0.04, 0, 9.69, 
100, 3, eco121, 89, 1, 8.2, 4.1, 36.69, 31.59, -5.1, 0.03, 0.05, 9.41, 
100, 4, eco121, 89, 1, 5.7, 9.5, 113.68, 69.96, -43.72, 0.02, 0.13, 5.18, 
100, 5, eco121, 89, 1, 7.7, 11.9, 87.4, 86.12, -1.28, 0.03, 0.04, 4.3, 
100, 6, eco121, 89, 1, 0.3, 17.8, 53.35, 19.43, -33.92, 0.02, 0, 4.4, 
