SimulationYear,DayOfYear,AttemptedNumberIgnitions,ActualNumberIgnitions,FireWeatherIndex,IgnitionType,
1, 3, 1, 1, 0, Accidental, 
1, 4, 1, 1, 0, Lightning, 
1, 5, 1, 1, 0, Lightning, 
1, 67, 1, 1, 5.17302215247146, Accidental, 
1, 93, 1, 1, 6.11860876597328, Accidental, 
1, 108, 1, 1, 5.76748226120737, Accidental, 
1, 115, 1, 1, 9.65969710272796, Lightning, 
1, 119, 1, 1, 8.04340097723481, Lightning, 
1, 142, 1, 1, 15.6906214825474, Lightning, 
1, 147, 1, 1, 25.0640095018543, Lightning, 
1, 149, 1, 1, 24.8536023931885, Accidental, 
1, 154, 1, 1, 28.635810933309, Lightning, 
1, 165, 1, 1, 24.2065427796568, Lightning, 
1, 166, 1, 1, 24.682155466531, Lightning, 
1, 171, 1, 1, 21.8918272763266, Lightning, 
1, 175, 1, 1, 24.0655545263478, Accidental, 
1, 175, 1, 1, 24.0655545263478, Lightning, 
1, 190, 1, 1, 23.913772785643, Lightning, 
1, 204, 1, 1, 31.4648122399535, Lightning, 
1, 206, 1, 1, 34.6047159775056, Accidental, 
1, 210, 1, 1, 36.2724237473237, Accidental, 
1, 210, 1, 1, 36.2724237473237, Lightning, 
1, 215, 1, 1, 31.9440838993177, Lightning, 
1, 225, 1, 1, 23.6138294251144, Lightning, 
1, 262, 1, 1, 29.1053251869555, Accidental, 
1, 274, 1, 1, 30.383145477887, Lightning, 
1, 275, 1, 1, 33.1063743282721, Lightning, 
1, 278, 1, 1, 29.0054903710378, Accidental, 
1, 278, 1, 1, 29.0054903710378, Lightning, 
1, 280, 1, 1, 25.5096929025669, Lightning, 
1, 284, 1, 1, 27.7093706293198, Lightning, 
1, 295, 1, 1, 13.0425280785697, Lightning, 
1, 302, 1, 1, 9.68998511778254, Lightning, 
1, 348, 1, 1, 6.61118483165023, Accidental, 
1, 349, 1, 1, 10.549046233006, Accidental, 
1, 352, 1, 1, 7.5804914457325, Lightning, 
1, 355, 1, 1, 3.81464504412464, Lightning, 
2, 20, 1, 1, 3.22937588135726, Lightning, 
2, 103, 1, 1, 12.2044446470124, Accidental, 
2, 112, 1, 1, 5.80462509104473, Lightning, 
2, 136, 1, 1, 11.8560505841539, Accidental, 
2, 149, 1, 1, 14.3862017560885, Lightning, 
2, 154, 1, 1, 11.9217900128485, Lightning, 
2, 156, 1, 1, 14.1085184880678, Lightning, 
2, 166, 1, 1, 20.7869921169246, Lightning, 
2, 187, 1, 1, 20.9070719419471, Lightning, 
2, 192, 1, 1, 23.4046103139679, Lightning, 
2, 200, 1, 1, 27.8884325052499, Lightning, 
2, 207, 1, 1, 32.3071983816561, Accidental, 
2, 207, 1, 1, 32.3071983816561, Lightning, 
2, 212, 1, 1, 32.6775588528789, Lightning, 
2, 213, 1, 1, 33.1512891028574, Lightning, 
2, 215, 1, 1, 31.667270159141, Lightning, 
2, 217, 1, 1, 27.7405959675735, Lightning, 
2, 222, 1, 1, 31.0215477389497, Lightning, 
2, 225, 1, 1, 34.1471127290045, Lightning, 
2, 238, 1, 1, 28.0892540440863, Accidental, 
2, 239, 1, 1, 27.0599294177887, Lightning, 
2, 248, 1, 1, 28.6238858489999, Accidental, 
2, 272, 1, 1, 29.2806917178579, Lightning, 
2, 275, 1, 1, 35.6377926270568, Lightning, 
2, 286, 1, 1, 15.716630143998, Lightning, 
2, 299, 1, 1, 15.2357190631892, Lightning, 
2, 307, 1, 1, 16.4484768365376, Lightning, 
2, 331, 1, 1, 15.0810586679021, Lightning, 
2, 354, 1, 1, 12.463185604466, Lightning, 
2, 355, 1, 1, 6.21529629748712, Lightning, 
3, 14, 1, 1, 4.24336705864064, Lightning, 
3, 48, 1, 1, 2.66960319915234, Lightning, 
3, 91, 1, 1, 5.61101058801984, Lightning, 
3, 99, 1, 1, 8.39000587444359, Lightning, 
3, 102, 1, 1, 7.66480490790796, Lightning, 
3, 124, 1, 1, 14.9117916197341, Lightning, 
3, 146, 1, 1, 14.9928727695422, Lightning, 
3, 157, 1, 1, 26.3911305445919, Accidental, 
3, 166, 1, 1, 26.7252465288533, Lightning, 
3, 169, 1, 1, 25.4054676606658, Accidental, 
3, 169, 1, 1, 25.4054676606658, Lightning, 
3, 170, 1, 1, 23.9955319308375, Lightning, 
3, 177, 1, 1, 40.3589260060751, Lightning, 
3, 181, 1, 1, 28.0862051783766, Lightning, 
3, 182, 1, 1, 26.0126548040997, Accidental, 
3, 199, 1, 1, 31.2366141889123, Lightning, 
3, 200, 1, 1, 29.3488497299252, Lightning, 
3, 210, 1, 1, 33.3955769239261, Lightning, 
3, 217, 1, 1, 26.3817089403196, Lightning, 
3, 225, 1, 1, 30.7563581187429, Lightning, 
3, 235, 1, 1, 25.7759458364728, Accidental, 
3, 237, 1, 1, 25.3699897111694, Lightning, 
3, 259, 1, 1, 34.1417693722679, Accidental, 
3, 259, 1, 1, 34.1417693722679, Lightning, 
3, 263, 1, 1, 23.7247295956587, Lightning, 
3, 265, 1, 1, 24.3984268348757, Lightning, 
3, 273, 1, 1, 25.1546320505936, Lightning, 
3, 331, 1, 1, 1.87937638340407, Lightning, 
3, 352, 1, 1, 3.14211731990309, Lightning, 
3, 359, 1, 1, 2.78065446445354, Lightning, 
4, 33, 1, 1, 3.15464728999616, Accidental, 
4, 37, 1, 1, 2.77622170748948, Lightning, 
4, 38, 1, 1, 2.98126266471184, Lightning, 
4, 41, 1, 1, 3.27614665819014, Accidental, 
4, 72, 1, 1, 3.8423682123334, Accidental, 
4, 108, 1, 1, 6.48794278942122, Lightning, 
4, 153, 1, 1, 17.2419680927921, Accidental, 
4, 154, 1, 1, 18.6751359182692, Lightning, 
4, 171, 1, 1, 21.7750490078407, Lightning, 
4, 172, 1, 1, 21.5199824748996, Accidental, 
4, 187, 1, 1, 20.805364777526, Accidental, 
4, 189, 1, 1, 20.5274088214761, Lightning, 
4, 191, 1, 1, 23.5466769736901, Lightning, 
4, 202, 1, 1, 29.4798773644221, Accidental, 
4, 218, 1, 1, 25.5190903658359, Accidental, 
4, 219, 1, 1, 27.2713657717502, Lightning, 
4, 222, 1, 1, 23.7122918112775, Lightning, 
4, 247, 1, 1, 28.0374757043282, Lightning, 
4, 255, 1, 1, 28.3940774414535, Lightning, 
4, 256, 1, 1, 29.8686170865349, Lightning, 
4, 261, 1, 1, 17.9513040944826, Lightning, 
4, 274, 1, 1, 22.1487566653543, Accidental, 
4, 289, 1, 1, 23.42990792512, Lightning, 
4, 293, 1, 1, 32.3569691538883, Accidental, 
4, 297, 1, 1, 22.4800903666764, Lightning, 
4, 310, 1, 1, 11.1456872891797, Accidental, 
4, 321, 1, 1, 15.2663479164018, Accidental, 
4, 336, 1, 1, 7.70095991880647, Lightning, 
4, 358, 1, 1, 1.37083935966974, Accidental, 
5, 24, 1, 1, 4.13564147433211, Lightning, 
5, 56, 1, 1, 2.10658163318467, Accidental, 
5, 61, 1, 1, 0.954595370144796, Lightning, 
5, 65, 1, 1, 3.53679208819505, Lightning, 
5, 81, 1, 1, 2.82506955307044, Accidental, 
5, 84, 1, 1, 3.34090497269126, Lightning, 
5, 85, 1, 1, 1.71223038317844, Lightning, 
5, 113, 1, 1, 6.25490931303216, Accidental, 
5, 116, 1, 1, 4.88852499294545, Lightning, 
5, 124, 1, 1, 10.3431209955813, Lightning, 
5, 130, 1, 1, 8.62245179518084, Lightning, 
5, 131, 1, 1, 8.498404116225, Lightning, 
5, 157, 1, 1, 20.484355578751, Lightning, 
5, 166, 1, 1, 22.2572494373432, Lightning, 
5, 178, 1, 1, 20.8365373919727, Lightning, 
5, 181, 1, 1, 27.1280601117618, Lightning, 
5, 191, 1, 1, 29.1020956567124, Accidental, 
5, 191, 1, 1, 29.1020956567124, Lightning, 
5, 195, 1, 1, 34.3235916091881, Lightning, 
5, 200, 1, 1, 20.0709603756766, Lightning, 
5, 204, 1, 1, 27.2065673306833, Accidental, 
5, 204, 1, 1, 27.2065673306833, Lightning, 
5, 210, 1, 1, 25.7659335052921, Accidental, 
5, 214, 1, 1, 23.4048061792669, Lightning, 
5, 221, 1, 1, 26.6653650739529, Lightning, 
5, 228, 1, 1, 29.3128296967876, Accidental, 
5, 246, 1, 1, 25.1333316547032, Accidental, 
5, 266, 1, 1, 18.8735702669004, Lightning, 
5, 283, 1, 1, 16.5840228600008, Accidental, 
5, 295, 1, 1, 13.8091088473274, Lightning, 
5, 336, 1, 1, 4.73494465891824, Lightning, 
5, 350, 1, 1, 1.40160066701368, Accidental, 
5, 352, 1, 1, 2.26874599564485, Lightning, 
6, 12, 1, 1, 2.80265667279983, Accidental, 
6, 25, 1, 1, 3.56704435401017, Lightning, 
6, 51, 1, 1, 2.54710473624322, Lightning, 
6, 72, 1, 1, 8.21410343363275, Accidental, 
6, 77, 1, 1, 2.39775836999811, Lightning, 
6, 78, 1, 1, 4.4659901065501, Lightning, 
6, 114, 1, 1, 13.0539854763086, Accidental, 
6, 118, 1, 1, 8.95367996389118, Lightning, 
6, 125, 1, 1, 9.10323342248079, Accidental, 
6, 134, 1, 1, 15.2718946176634, Lightning, 
6, 148, 1, 1, 21.7545569127844, Lightning, 
6, 149, 1, 1, 26.4138004110945, Lightning, 
6, 154, 1, 1, 23.4874082497174, Accidental, 
6, 161, 1, 1, 15.5299938169276, Accidental, 
6, 165, 1, 1, 23.5601279079799, Lightning, 
6, 176, 1, 1, 23.6512483636, Lightning, 
6, 188, 1, 1, 30.6398808778232, Lightning, 
6, 193, 1, 1, 34.4332213494473, Lightning, 
6, 199, 1, 1, 31.7303955844566, Lightning, 
6, 214, 1, 1, 24.2736110211012, Accidental, 
6, 214, 1, 1, 24.2736110211012, Lightning, 
6, 222, 1, 1, 31.0351022450867, Lightning, 
6, 233, 1, 1, 31.5808927104216, Lightning, 
6, 244, 1, 1, 24.7129243193789, Lightning, 
6, 245, 1, 1, 25.1676269819154, Accidental, 
6, 248, 1, 1, 23.7334869785377, Lightning, 
6, 271, 1, 1, 35.960401246373, Lightning, 
6, 273, 1, 1, 27.9659423266957, Lightning, 
6, 289, 1, 1, 16.3558202003819, Accidental, 
6, 291, 1, 1, 15.1670118024116, Lightning, 
6, 309, 1, 1, 13.8613140840694, Accidental, 
6, 316, 1, 1, 5.35756081220249, Accidental, 
6, 335, 1, 1, 3.06348514429207, Lightning, 
6, 340, 1, 1, 3.16730786830905, Accidental, 
7, 24, 1, 1, 3.03415051531967, Accidental, 
7, 48, 1, 1, 3.54547023388508, Lightning, 
7, 57, 1, 1, 9.13526781232821, Lightning, 
7, 99, 1, 1, 12.1291288724546, Lightning, 
7, 102, 1, 1, 11.5395397477927, Accidental, 
7, 102, 1, 1, 11.5395397477927, Lightning, 
7, 125, 1, 1, 15.9788982074659, Lightning, 
7, 126, 1, 1, 15.2780502517069, Lightning, 
7, 135, 1, 1, 19.303658292108, Lightning, 
7, 138, 1, 1, 21.1694475825178, Accidental, 
7, 138, 1, 1, 21.1694475825178, Lightning, 
7, 140, 1, 1, 17.8727638422485, Lightning, 
7, 141, 1, 1, 17.936816787998, Lightning, 
7, 147, 1, 1, 21.4503274324473, Accidental, 
7, 162, 1, 1, 30.586518723597, Lightning, 
7, 173, 1, 1, 34.055914228548, Lightning, 
7, 179, 1, 1, 31.9811533901662, Lightning, 
7, 180, 1, 1, 24.9586471377017, Lightning, 
7, 190, 1, 1, 28.9234177507247, Lightning, 
7, 197, 1, 1, 30.9692802936352, Accidental, 
7, 202, 1, 1, 31.6521432357061, Accidental, 
7, 205, 1, 1, 35.6551774402593, Lightning, 
7, 207, 1, 1, 38.0828448604016, Accidental, 
7, 214, 1, 1, 26.3149597445596, Lightning, 
7, 217, 1, 1, 27.9380628453563, Lightning, 
7, 230, 1, 1, 24.3488201368959, Lightning, 
7, 234, 1, 1, 29.3078786654113, Lightning, 
7, 236, 1, 1, 33.2665593177469, Accidental, 
7, 248, 1, 1, 21.9692253133028, Lightning, 
7, 261, 1, 1, 21.4103380091105, Lightning, 
7, 271, 1, 1, 28.2751297996186, Lightning, 
7, 275, 1, 1, 33.4845042730636, Lightning, 
7, 277, 1, 1, 32.0928346911067, Lightning, 
7, 278, 1, 1, 31.8376206734068, Lightning, 
7, 283, 1, 1, 24.3754361287081, Lightning, 
7, 324, 1, 1, 9.82847708650706, Accidental, 
7, 354, 1, 1, 8.79002742109371, Accidental, 
8, 10, 1, 1, 2.50747002567813, Lightning, 
8, 16, 1, 1, 1.79919477567245, Lightning, 
8, 24, 1, 1, 1.67349663022632, Lightning, 
8, 56, 1, 1, 1.43750003639479, Accidental, 
8, 84, 1, 1, 3.92025220145945, Lightning, 
8, 102, 1, 1, 5.76561346558744, Accidental, 
8, 118, 1, 1, 8.70821156337495, Accidental, 
8, 118, 1, 1, 8.70821156337495, Lightning, 
8, 131, 1, 1, 12.8188410271584, Lightning, 
8, 134, 1, 1, 16.6151593918379, Lightning, 
8, 164, 1, 1, 27.6682673469899, Lightning, 
8, 172, 1, 1, 26.7876746097828, Lightning, 
8, 182, 1, 1, 27.3007701950827, Accidental, 
8, 183, 1, 1, 27.8101167567809, Lightning, 
8, 195, 1, 1, 34.4087312058496, Accidental, 
8, 209, 1, 1, 30.3573224811997, Lightning, 
8, 210, 1, 1, 33.2678172528121, Lightning, 
8, 213, 1, 1, 29.657107938126, Lightning, 
8, 214, 1, 1, 35.3824135576675, Lightning, 
8, 216, 1, 1, 34.52107679442, Accidental, 
8, 218, 1, 1, 29.089573401633, Accidental, 
8, 232, 1, 1, 32.8594512321325, Lightning, 
8, 240, 1, 1, 26.6766603568981, Lightning, 
8, 241, 1, 1, 25.8674527999769, Accidental, 
8, 250, 1, 1, 33.0597314868565, Lightning, 
8, 254, 1, 1, 29.9951238404947, Lightning, 
8, 268, 1, 1, 15.8661259450382, Accidental, 
8, 269, 1, 1, 9.84039569638268, Lightning, 
8, 277, 1, 1, 19.977101478915, Lightning, 
8, 280, 1, 1, 19.3351632456918, Accidental, 
8, 288, 1, 1, 23.0079426251064, Lightning, 
8, 291, 1, 1, 14.6109377925567, Lightning, 
8, 304, 1, 1, 15.4070685517696, Lightning, 
8, 316, 1, 1, 16.1841063126309, Accidental, 
8, 325, 1, 1, 11.1339554428947, Lightning, 
8, 339, 1, 1, 10.5892814624611, Lightning, 
8, 341, 1, 1, 11.8798623527098, Lightning, 
9, 38, 1, 1, 4.65662791337542, Accidental, 
9, 38, 1, 1, 4.65662791337542, Lightning, 
9, 52, 1, 1, 4.61925671864087, Accidental, 
9, 123, 1, 1, 14.117312621996, Lightning, 
9, 125, 1, 1, 19.9165392832569, Lightning, 
9, 130, 1, 1, 26.598518699838, Lightning, 
9, 138, 1, 1, 25.6686370423555, Accidental, 
9, 139, 1, 1, 21.6265790598085, Lightning, 
9, 157, 1, 1, 22.1745392108409, Accidental, 
9, 172, 1, 1, 23.3757322611888, Lightning, 
9, 174, 1, 1, 30.6016434927573, Accidental, 
9, 188, 1, 1, 31.3318848107243, Accidental, 
9, 190, 1, 1, 26.8882726479308, Lightning, 
9, 193, 1, 1, 29.6538639286877, Lightning, 
9, 194, 1, 1, 34.1365283396636, Accidental, 
9, 211, 1, 1, 32.282090473347, Lightning, 
9, 216, 1, 1, 37.6802098092912, Lightning, 
9, 218, 1, 1, 34.6359701077305, Lightning, 
9, 221, 1, 1, 32.8887319188428, Accidental, 
9, 231, 1, 1, 26.6653339996913, Lightning, 
9, 235, 1, 1, 32.8079240940106, Lightning, 
9, 236, 1, 1, 32.4328677238721, Accidental, 
9, 238, 1, 1, 28.1920236893878, Lightning, 
9, 242, 1, 1, 34.6715836102916, Accidental, 
9, 243, 1, 1, 35.9536271126326, Lightning, 
9, 246, 1, 1, 29.1162603802922, Lightning, 
9, 264, 1, 1, 33.6127090702494, Lightning, 
9, 272, 1, 1, 32.1924202078747, Accidental, 
9, 278, 1, 1, 36.9087255350384, Lightning, 
9, 281, 1, 1, 25.7049817520195, Lightning, 
9, 308, 1, 1, 21.1158348672975, Lightning, 
9, 343, 1, 1, 4.3570556739113, Lightning, 
10, 0, 1, 1, 0, Lightning, 
10, 12, 1, 1, 4.20352651941112, Lightning, 
10, 36, 1, 1, 2.87948423733424, Accidental, 
10, 76, 1, 1, 9.71920446700628, Accidental, 
10, 110, 1, 1, 10.1800464981749, Accidental, 
10, 144, 1, 1, 17.7897369444927, Lightning, 
10, 152, 1, 1, 22.6148085697103, Lightning, 
10, 157, 1, 1, 14.6508471067409, Lightning, 
10, 163, 1, 1, 20.0867440414841, Lightning, 
10, 172, 1, 1, 23.367346697104, Lightning, 
10, 181, 1, 1, 26.0112326347902, Lightning, 
10, 183, 1, 1, 22.7823201805163, Lightning, 
10, 185, 1, 1, 23.0243335912599, Lightning, 
10, 202, 1, 1, 41.0811127111863, Lightning, 
10, 213, 1, 1, 31.0520683822359, Lightning, 
10, 232, 1, 1, 32.9541520649228, Lightning, 
10, 237, 1, 1, 40.4063907065716, Lightning, 
10, 239, 1, 1, 36.209114296332, Lightning, 
10, 240, 1, 1, 40.0643008362294, Accidental, 
10, 243, 1, 1, 33.742954308609, Lightning, 
10, 248, 1, 1, 37.3936099307117, Lightning, 
10, 252, 1, 1, 40.8568349621814, Lightning, 
10, 263, 1, 1, 23.3306022842803, Lightning, 
10, 273, 1, 1, 34.5344936684579, Lightning, 
10, 276, 1, 1, 22.7453466652796, Lightning, 
10, 281, 1, 1, 23.0506526587864, Lightning, 
10, 294, 1, 1, 26.1516202542555, Accidental, 
10, 298, 1, 1, 26.067740166351, Accidental, 
10, 332, 1, 1, 7.43798014024537, Accidental, 
11, 35, 1, 1, 3.15840854934883, Lightning, 
11, 56, 1, 1, 3.05853712942974, Lightning, 
11, 68, 1, 1, 4.69394795470344, Lightning, 
11, 98, 1, 1, 9.46643545236947, Lightning, 
11, 132, 1, 1, 15.1353803429044, Lightning, 
11, 139, 1, 1, 18.1003546402804, Lightning, 
11, 161, 1, 1, 20.4440425145243, Accidental, 
11, 162, 1, 1, 20.0504672111328, Lightning, 
11, 173, 1, 1, 34.8789384525327, Lightning, 
11, 187, 1, 1, 30.5587706624269, Lightning, 
11, 189, 1, 1, 33.4637405477026, Lightning, 
11, 193, 1, 1, 24.6879633285325, Lightning, 
11, 197, 1, 1, 22.2008715104668, Lightning, 
11, 213, 1, 1, 22.5327247482511, Lightning, 
11, 221, 1, 1, 24.8439877681861, Lightning, 
11, 237, 1, 1, 26.6372628088393, Accidental, 
11, 239, 1, 1, 29.0235291220718, Lightning, 
11, 247, 1, 1, 31.1280957442868, Lightning, 
11, 257, 1, 1, 35.370837100425, Lightning, 
11, 262, 1, 1, 16.3140650934431, Lightning, 
11, 264, 1, 1, 23.5314555666116, Accidental, 
11, 268, 1, 1, 21.2210259404912, Accidental, 
11, 279, 1, 1, 22.4473775185604, Lightning, 
11, 303, 1, 1, 13.6448188749266, Lightning, 
11, 304, 1, 1, 13.0532687718866, Lightning, 
11, 347, 1, 1, 14.0422292359142, Lightning, 
11, 348, 1, 1, 13.9218437530382, Accidental, 
11, 349, 1, 1, 13.8121760652965, Lightning, 
11, 360, 1, 1, 0, Accidental, 
12, 1, 1, 1, 0, Lightning, 
12, 38, 1, 1, 1.89371239081947, Accidental, 
12, 83, 1, 1, 6.8135047899368, Accidental, 
12, 123, 1, 1, 18.3922768870323, Lightning, 
12, 139, 1, 1, 23.7567992233849, Accidental, 
12, 142, 1, 1, 11.0591063010378, Accidental, 
12, 149, 1, 1, 16.3192915010179, Accidental, 
12, 166, 1, 1, 17.8254178109314, Accidental, 
12, 170, 1, 1, 23.4773602863115, Accidental, 
12, 170, 1, 1, 23.4773602863115, Lightning, 
12, 178, 1, 1, 20.7664911863066, Accidental, 
12, 192, 1, 1, 27.3372514001432, Lightning, 
12, 196, 1, 1, 28.9447913437109, Lightning, 
12, 201, 1, 1, 26.1399217570617, Accidental, 
12, 206, 1, 1, 24.1599153317594, Lightning, 
12, 210, 1, 1, 31.3251820679813, Lightning, 
12, 212, 1, 1, 34.0682604093739, Lightning, 
12, 215, 1, 1, 30.1422843155215, Lightning, 
12, 217, 1, 1, 32.2315379418207, Accidental, 
12, 222, 1, 1, 31.7169661307088, Accidental, 
12, 222, 1, 1, 31.7169661307088, Lightning, 
12, 230, 1, 1, 18.7518012487197, Accidental, 
12, 232, 1, 1, 18.6331305901342, Lightning, 
12, 236, 1, 1, 21.82893778275, Accidental, 
12, 242, 1, 1, 19.8278553118389, Lightning, 
12, 244, 1, 1, 20.5801215064269, Lightning, 
12, 253, 1, 1, 26.9671054342813, Lightning, 
12, 255, 1, 1, 23.7808961618012, Lightning, 
12, 275, 1, 1, 24.9914456079626, Lightning, 
12, 299, 1, 1, 24.9687525894984, Lightning, 
12, 300, 1, 1, 20.6218199349482, Lightning, 
12, 320, 1, 1, 11.9323685350395, Lightning, 
12, 338, 1, 1, 13.6274421301274, Accidental, 
12, 363, 1, 1, 0, Lightning, 
13, 27, 1, 1, 5.10459906425477, Lightning, 
13, 102, 1, 1, 7.02307216700966, Accidental, 
13, 119, 1, 1, 11.0936100467248, Accidental, 
13, 126, 1, 1, 13.4867958625482, Lightning, 
13, 133, 1, 1, 12.0708305272483, Lightning, 
13, 134, 1, 1, 11.9765026442575, Lightning, 
13, 149, 1, 1, 17.9801034436611, Lightning, 
13, 151, 1, 1, 22.2259635378496, Accidental, 
13, 175, 1, 1, 20.1004814096704, Lightning, 
13, 190, 1, 1, 29.2073845358745, Lightning, 
13, 205, 1, 1, 32.0796522005566, Lightning, 
13, 206, 1, 1, 32.3563102783502, Lightning, 
13, 216, 1, 1, 26.9646763068892, Lightning, 
13, 219, 1, 1, 26.0084141472868, Accidental, 
13, 238, 1, 1, 31.3610182381383, Lightning, 
13, 257, 1, 1, 28.5533376992252, Lightning, 
13, 262, 1, 1, 38.6815415362724, Accidental, 
13, 262, 1, 1, 38.6815415362724, Lightning, 
13, 266, 1, 1, 39.4856152591886, Lightning, 
13, 267, 1, 1, 36.3211219111414, Lightning, 
13, 285, 1, 1, 34.0642829326419, Lightning, 
13, 290, 1, 1, 28.0912322545564, Lightning, 
13, 292, 1, 1, 39.7949511017799, Lightning, 
13, 315, 1, 1, 16.0376185072478, Lightning, 
13, 329, 1, 1, 12.4743411714008, Lightning, 
13, 334, 1, 1, 14.8048659212985, Lightning, 
13, 337, 1, 1, 11.3558005214166, Lightning, 
13, 352, 1, 1, 9.76478323775311, Lightning, 
14, 9, 1, 1, 0, Lightning, 
14, 29, 1, 1, 5.66071064751916, Lightning, 
14, 97, 1, 1, 11.0038681137116, Accidental, 
14, 111, 1, 1, 10.1220192427413, Lightning, 
14, 152, 1, 1, 27.3856086614307, Lightning, 
14, 155, 1, 1, 33.053741444156, Accidental, 
14, 155, 1, 1, 33.053741444156, Lightning, 
14, 159, 1, 1, 27.5555609388795, Lightning, 
14, 169, 1, 1, 24.6706455003457, Lightning, 
14, 170, 1, 1, 28.9478407279749, Lightning, 
14, 175, 1, 1, 21.461392362538, Lightning, 
14, 194, 1, 1, 22.3600772627451, Lightning, 
14, 213, 1, 1, 28.6999605117705, Accidental, 
14, 213, 1, 1, 28.6999605117705, Lightning, 
14, 223, 1, 1, 32.3074624529414, Accidental, 
14, 230, 1, 1, 32.5121417726834, Accidental, 
14, 234, 1, 1, 27.6109211829139, Lightning, 
14, 238, 1, 1, 38.834591877975, Lightning, 
14, 241, 1, 1, 36.7990807947944, Lightning, 
14, 245, 1, 1, 22.7466093448002, Accidental, 
14, 246, 1, 1, 23.653047595669, Lightning, 
14, 250, 1, 1, 29.5620998919402, Lightning, 
14, 251, 1, 1, 26.2092673192495, Lightning, 
14, 257, 1, 1, 26.7548546440815, Accidental, 
14, 265, 1, 1, 30.8931989213463, Accidental, 
14, 266, 1, 1, 26.7564184568569, Lightning, 
14, 271, 1, 1, 42.7849264594653, Accidental, 
14, 274, 1, 1, 17.6296342601646, Lightning, 
14, 281, 1, 1, 34.0502267853251, Lightning, 
14, 283, 1, 1, 29.4952649010924, Lightning, 
14, 292, 1, 1, 22.6625598083608, Lightning, 
14, 297, 1, 1, 20.7254935486472, Accidental, 
14, 303, 1, 1, 18.3076768359106, Lightning, 
14, 304, 1, 1, 13.2387396145246, Lightning, 
14, 335, 1, 1, 10.1121261760543, Lightning, 
14, 352, 1, 1, 4.21340736539722, Accidental, 
15, 14, 1, 1, 1.17456880714517, Lightning, 
15, 35, 1, 1, 3.30067414325045, Lightning, 
15, 54, 1, 1, 0.753934742153522, Lightning, 
15, 84, 1, 1, 2.93363523798105, Accidental, 
15, 118, 1, 1, 7.9548207257886, Lightning, 
15, 120, 1, 1, 9.19875120690891, Accidental, 
15, 122, 1, 1, 12.8999138513111, Lightning, 
15, 128, 1, 1, 9.08402971404744, Lightning, 
15, 159, 1, 1, 13.2997102270786, Lightning, 
15, 161, 1, 1, 16.1035028987943, Lightning, 
15, 187, 1, 1, 28.7147217670444, Lightning, 
15, 199, 1, 1, 24.2844994670901, Lightning, 
15, 216, 1, 1, 26.8613788170344, Accidental, 
15, 234, 1, 1, 29.1450841888881, Accidental, 
15, 236, 1, 1, 30.5750770699204, Accidental, 
15, 236, 1, 1, 30.5750770699204, Lightning, 
15, 272, 1, 1, 33.4884998534758, Lightning, 
15, 284, 1, 1, 15.8611732609453, Lightning, 
15, 295, 1, 1, 18.8192827366871, Lightning, 
15, 298, 1, 1, 34.8852903271515, Lightning, 
15, 301, 1, 1, 30.9999816890788, Accidental, 
15, 302, 1, 1, 27.8017859934882, Accidental, 
15, 304, 1, 1, 27.80820348115, Lightning, 
15, 308, 1, 1, 26.3971722630399, Accidental, 
15, 322, 1, 1, 18.3830969194577, Accidental, 
15, 336, 1, 1, 17.2595946907855, Accidental, 
15, 351, 1, 1, 7.3860633178498, Accidental, 
15, 356, 1, 1, 14.1942841090871, Lightning, 
15, 357, 1, 1, 12.7420179488257, Accidental, 
16, 12, 1, 1, 3.39773268188518, Accidental, 
16, 25, 1, 1, 0.943819444963235, Accidental, 
16, 51, 1, 1, 2.81937123244691, Accidental, 
16, 57, 1, 1, 2.01578920625188, Lightning, 
16, 110, 1, 1, 12.5423971247092, Lightning, 
16, 133, 1, 1, 18.5049717760817, Accidental, 
16, 136, 1, 1, 14.8415953516317, Lightning, 
16, 140, 1, 1, 12.0158154215764, Accidental, 
16, 146, 1, 1, 18.8072965608777, Accidental, 
16, 158, 1, 1, 18.8950107837113, Accidental, 
16, 178, 1, 1, 30.2305383464687, Lightning, 
16, 189, 1, 1, 32.0281764864001, Accidental, 
16, 191, 1, 1, 34.987707187165, Accidental, 
16, 194, 1, 1, 41.4827041436655, Lightning, 
16, 201, 1, 1, 34.6015364137947, Lightning, 
16, 209, 1, 1, 34.4653915116899, Accidental, 
16, 221, 1, 1, 27.5993635231645, Lightning, 
16, 222, 1, 1, 27.3997506398946, Accidental, 
16, 226, 1, 1, 32.2478733575645, Lightning, 
16, 231, 1, 1, 29.843072196227, Lightning, 
16, 235, 1, 1, 27.2101348221484, Accidental, 
16, 253, 1, 1, 21.2844132261136, Accidental, 
16, 254, 1, 1, 23.2369875039234, Lightning, 
16, 264, 1, 1, 36.9593472211011, Lightning, 
16, 265, 1, 1, 37.0687797283972, Lightning, 
16, 267, 1, 1, 24.6822751374302, Lightning, 
16, 270, 1, 1, 25.9123590277573, Lightning, 
16, 279, 1, 1, 22.692510475759, Accidental, 
16, 284, 1, 1, 24.0101844230776, Lightning, 
16, 312, 1, 1, 16.345799836529, Lightning, 
16, 329, 1, 1, 6.24518865315486, Accidental, 
16, 333, 1, 1, 7.74882148870051, Accidental, 
16, 344, 1, 1, 9.26222720882816, Lightning, 
16, 358, 1, 1, 5.73275113930127, Lightning, 
17, 2, 1, 1, 0, Accidental, 
17, 3, 1, 1, 0, Lightning, 
17, 28, 1, 1, 2.03629485845296, Lightning, 
17, 72, 1, 1, 3.01592172510586, Lightning, 
17, 76, 1, 1, 3.29701571664247, Lightning, 
17, 90, 1, 1, 4.28639688112133, Lightning, 
17, 91, 1, 1, 4.03196858423655, Accidental, 
17, 134, 1, 1, 9.10328518704234, Accidental, 
17, 152, 1, 1, 17.6736622458314, Accidental, 
17, 154, 1, 1, 16.9807877253168, Lightning, 
17, 155, 1, 1, 18.7260070209081, Accidental, 
17, 160, 1, 1, 18.4663179814315, Accidental, 
17, 163, 1, 1, 15.1493242775822, Lightning, 
17, 176, 1, 1, 22.2547695911552, Lightning, 
17, 202, 1, 1, 20.7864209381651, Accidental, 
17, 203, 1, 1, 22.4154160858682, Accidental, 
17, 209, 1, 1, 31.2215289358086, Lightning, 
17, 210, 1, 1, 37.8868881005321, Accidental, 
17, 210, 1, 1, 37.8868881005321, Lightning, 
17, 214, 1, 1, 34.1433234576747, Lightning, 
17, 215, 1, 1, 29.3611918378189, Lightning, 
17, 218, 1, 1, 29.5685234269399, Accidental, 
17, 219, 1, 1, 30.1460162841573, Lightning, 
17, 221, 1, 1, 25.851583904136, Lightning, 
17, 261, 1, 1, 31.3316332259855, Lightning, 
17, 262, 1, 1, 29.4707695923328, Lightning, 
17, 273, 1, 1, 23.7380816442464, Lightning, 
17, 275, 1, 1, 29.7551962596369, Lightning, 
17, 281, 1, 1, 20.1320699620138, Lightning, 
17, 286, 1, 1, 29.0222035385129, Lightning, 
17, 299, 1, 1, 21.3231387501559, Lightning, 
17, 304, 1, 1, 20.9184546973659, Lightning, 
17, 314, 1, 1, 23.4480711359248, Lightning, 
17, 336, 1, 1, 16.8120941670855, Accidental, 
17, 359, 1, 1, 4.24091444993566, Accidental, 
18, 20, 1, 1, 0.804570125806732, Accidental, 
18, 29, 1, 1, 0.5156933572517, Accidental, 
18, 36, 1, 1, 2.98847034736748, Accidental, 
18, 59, 1, 1, 0.87441773662099, Lightning, 
18, 89, 1, 1, 8.01129485869161, Accidental, 
18, 97, 1, 1, 8.76356975762437, Lightning, 
18, 103, 1, 1, 9.86551080760542, Lightning, 
18, 127, 1, 1, 13.3723618022498, Accidental, 
18, 163, 1, 1, 23.092456163923, Lightning, 
18, 189, 1, 1, 28.6338903614627, Accidental, 
18, 208, 1, 1, 26.2880812926561, Lightning, 
18, 212, 1, 1, 30.9252517569544, Lightning, 
18, 225, 1, 1, 32.5563344786872, Lightning, 
18, 228, 1, 1, 35.3002089305637, Lightning, 
18, 229, 1, 1, 32.7084769810219, Accidental, 
18, 234, 1, 1, 31.9546380573232, Lightning, 
18, 235, 1, 1, 32.3719633842696, Accidental, 
18, 236, 1, 1, 33.4514462980898, Lightning, 
18, 239, 1, 1, 23.1236542352447, Accidental, 
18, 245, 1, 1, 29.6985396529419, Lightning, 
18, 253, 1, 1, 29.8037940168949, Lightning, 
18, 275, 1, 1, 22.7145810169874, Accidental, 
18, 295, 1, 1, 15.5249864596979, Lightning, 
18, 298, 1, 1, 18.6775093504818, Lightning, 
18, 306, 1, 1, 16.363598888472, Accidental, 
19, 15, 1, 1, 4.162525801417, Lightning, 
19, 31, 1, 1, 0.672897603760705, Lightning, 
19, 53, 1, 1, 4.78384283043223, Lightning, 
19, 91, 1, 1, 12.5937858396181, Lightning, 
19, 105, 1, 1, 12.0859923111491, Lightning, 
19, 114, 1, 1, 9.28747240374912, Accidental, 
19, 168, 1, 1, 23.8566304380659, Accidental, 
19, 173, 1, 1, 26.7954100687917, Accidental, 
19, 176, 1, 1, 26.0084371637951, Lightning, 
19, 181, 1, 1, 19.7240770813676, Lightning, 
19, 190, 1, 1, 28.2568140748524, Lightning, 
19, 195, 1, 1, 27.2187158516867, Accidental, 
19, 201, 1, 1, 28.0416077997773, Lightning, 
19, 209, 1, 1, 27.3052395962632, Lightning, 
19, 218, 1, 1, 30.4045230450789, Lightning, 
19, 219, 1, 1, 31.3559355854307, Lightning, 
19, 240, 1, 1, 20.2598267638981, Lightning, 
19, 242, 1, 1, 20.4811680675512, Lightning, 
19, 248, 1, 1, 21.9289932034845, Lightning, 
19, 251, 1, 1, 25.7978962932962, Lightning, 
19, 255, 1, 1, 26.0339566944042, Lightning, 
19, 259, 1, 1, 20.2418304129301, Lightning, 
19, 268, 1, 1, 25.71909632325, Lightning, 
19, 273, 1, 1, 35.5304035321, Lightning, 
19, 274, 1, 1, 19.2488115150458, Lightning, 
19, 316, 1, 1, 10.7621546852598, Accidental, 
19, 334, 1, 1, 6.60005540371203, Accidental, 
19, 352, 1, 1, 5.3283177384905, Lightning, 
20, 2, 1, 1, 0, Lightning, 
20, 14, 1, 1, 0.597331745668304, Lightning, 
20, 22, 1, 1, 2.53669828023858, Lightning, 
20, 86, 1, 1, 3.5624254571448, Lightning, 
20, 101, 1, 1, 5.4585749596518, Lightning, 
20, 126, 1, 1, 8.06902713572837, Accidental, 
20, 151, 1, 1, 10.7142024312191, Lightning, 
20, 154, 1, 1, 10.2380950983553, Lightning, 
20, 172, 1, 1, 18.3618717751324, Lightning, 
20, 177, 1, 1, 17.3573970117322, Lightning, 
20, 194, 1, 1, 21.7400336385246, Accidental, 
20, 217, 1, 1, 32.4951384103229, Accidental, 
20, 228, 1, 1, 25.7893152511402, Lightning, 
20, 238, 1, 1, 28.5390313417736, Accidental, 
20, 244, 1, 1, 33.4194012986408, Lightning, 
20, 280, 1, 1, 23.2544717396975, Lightning, 
20, 289, 1, 1, 20.665252771108, Accidental, 
20, 293, 1, 1, 32.5123492978064, Lightning, 
20, 301, 1, 1, 18.9679040005487, Lightning, 
20, 320, 1, 1, 10.5096872093146, Lightning, 
20, 356, 1, 1, 3.47277402882908, Accidental, 
20, 357, 1, 1, 4.17097576885212, Lightning, 
21, 49, 1, 1, 0.528276042433694, Lightning, 
21, 52, 1, 1, 2.04129879851868, Lightning, 
21, 109, 1, 1, 8.74893679798084, Lightning, 
21, 139, 1, 1, 14.3287774915646, Lightning, 
21, 143, 1, 1, 18.1298245353197, Accidental, 
21, 165, 1, 1, 20.9468370104362, Lightning, 
21, 174, 1, 1, 30.036465665124, Lightning, 
21, 192, 1, 1, 33.7914450741355, Accidental, 
21, 213, 1, 1, 23.1115652289627, Lightning, 
21, 214, 1, 1, 22.6454124847435, Lightning, 
21, 232, 1, 1, 30.3887352440733, Lightning, 
21, 239, 1, 1, 29.547132486691, Accidental, 
21, 246, 1, 1, 23.4147676977751, Lightning, 
21, 247, 1, 1, 25.8635638528865, Lightning, 
21, 252, 1, 1, 30.0404785603666, Lightning, 
21, 270, 1, 1, 41.6705794737637, Lightning, 
21, 273, 1, 1, 32.7412146511729, Lightning, 
21, 274, 1, 1, 30.9803164542992, Accidental, 
21, 276, 1, 1, 32.133785943524, Lightning, 
21, 279, 1, 1, 18.4939775256196, Lightning, 
21, 288, 1, 1, 48.2444340039938, Lightning, 
21, 290, 1, 1, 38.2338574656363, Lightning, 
21, 292, 1, 1, 34.680594322675, Lightning, 
21, 300, 1, 1, 17.755627143973, Accidental, 
21, 321, 1, 1, 11.8022055879326, Lightning, 
21, 339, 1, 1, 7.95492712332637, Lightning, 
22, 0, 1, 1, 0, Lightning, 
22, 23, 1, 1, 0.608532629956679, Accidental, 
22, 54, 1, 1, 0.992434369727811, Accidental, 
22, 103, 1, 1, 6.85603128400473, Lightning, 
22, 138, 1, 1, 13.119600431552, Lightning, 
22, 140, 1, 1, 18.1137403368617, Accidental, 
22, 147, 1, 1, 14.3418455064017, Lightning, 
22, 151, 1, 1, 18.0772881581775, Lightning, 
22, 154, 1, 1, 20.9975429407369, Lightning, 
22, 165, 1, 1, 33.5656603169196, Lightning, 
22, 201, 1, 1, 26.7134258978147, Lightning, 
22, 204, 1, 1, 28.0926172013121, Lightning, 
22, 216, 1, 1, 26.4149600452423, Lightning, 
22, 225, 1, 1, 31.7403088040861, Accidental, 
22, 236, 1, 1, 28.3468455407783, Lightning, 
22, 241, 1, 1, 30.4602911918719, Lightning, 
22, 252, 1, 1, 24.4060666679625, Accidental, 
22, 283, 1, 1, 15.8668712441966, Accidental, 
22, 285, 1, 1, 14.8824820881089, Lightning, 
22, 292, 1, 1, 21.9683046944382, Lightning, 
22, 321, 1, 1, 12.212196600703, Lightning, 
22, 331, 1, 1, 12.46922013452, Lightning, 
22, 346, 1, 1, 17.3707322775979, Lightning, 
22, 347, 1, 1, 13.6117953415062, Lightning, 
22, 348, 1, 1, 8.12039146862393, Lightning, 
22, 356, 1, 1, 9.14920466950091, Lightning, 
23, 25, 1, 1, 2.39500420323576, Lightning, 
23, 29, 1, 1, 2.8681670651851, Lightning, 
23, 94, 1, 1, 7.4982331295932, Accidental, 
23, 115, 1, 1, 9.15724103198428, Lightning, 
23, 117, 1, 1, 11.4336869658041, Accidental, 
23, 117, 1, 1, 11.4336869658041, Lightning, 
23, 128, 1, 1, 21.6181141164687, Accidental, 
23, 139, 1, 1, 26.7454211124543, Accidental, 
23, 144, 1, 1, 21.7423300574363, Lightning, 
23, 146, 1, 1, 24.3274121778204, Accidental, 
23, 155, 1, 1, 21.0341213317845, Lightning, 
23, 158, 1, 1, 23.4936320286617, Lightning, 
23, 171, 1, 1, 32.6973692319213, Lightning, 
23, 172, 1, 1, 31.7958777684898, Lightning, 
23, 203, 1, 1, 29.4738130211535, Lightning, 
23, 206, 1, 1, 34.5497672936455, Lightning, 
23, 212, 1, 1, 24.7649784490594, Lightning, 
23, 225, 1, 1, 29.0052971945547, Lightning, 
23, 228, 1, 1, 31.5519398388818, Accidental, 
23, 246, 1, 1, 27.6498079406975, Lightning, 
23, 248, 1, 1, 33.7262292743183, Lightning, 
23, 261, 1, 1, 27.5884279250157, Lightning, 
23, 269, 1, 1, 18.9515286848283, Lightning, 
23, 272, 1, 1, 26.5579432139555, Lightning, 
23, 277, 1, 1, 27.0215723993479, Accidental, 
23, 278, 1, 1, 25.150988356788, Lightning, 
23, 284, 1, 1, 24.335889879141, Accidental, 
23, 286, 1, 1, 27.1706163253139, Lightning, 
23, 290, 1, 1, 25.4320731527481, Lightning, 
23, 291, 1, 1, 27.754110542919, Lightning, 
23, 305, 1, 1, 9.93623234272757, Lightning, 
23, 324, 1, 1, 13.2495521254132, Accidental, 
23, 332, 1, 1, 4.34375981917281, Lightning, 
23, 348, 1, 1, 2.05334190291792, Lightning, 
23, 355, 1, 1, 2.65213519551589, Lightning, 
24, 2, 1, 1, 0, Lightning, 
24, 33, 1, 1, 1.04132202372034, Lightning, 
24, 49, 1, 1, 3.28199500545565, Lightning, 
24, 57, 1, 1, 5.20470844424441, Lightning, 
24, 116, 1, 1, 11.0785276210231, Lightning, 
24, 117, 1, 1, 9.00825816876394, Lightning, 
24, 119, 1, 1, 9.96819045923196, Lightning, 
24, 120, 1, 1, 8.68682349018666, Accidental, 
24, 123, 1, 1, 14.3975573711843, Accidental, 
24, 127, 1, 1, 16.0373872960927, Lightning, 
24, 160, 1, 1, 26.7060196542061, Lightning, 
24, 167, 1, 1, 29.1081415514363, Accidental, 
24, 185, 1, 1, 26.4970711563903, Lightning, 
24, 186, 1, 1, 24.9607692950559, Accidental, 
24, 187, 1, 1, 26.7451305657411, Lightning, 
24, 188, 1, 1, 26.3066399708561, Lightning, 
24, 198, 1, 1, 26.7568757626748, Lightning, 
24, 200, 1, 1, 27.3614443050912, Lightning, 
24, 207, 1, 1, 40.7456592952712, Accidental, 
24, 222, 1, 1, 34.9574912750124, Accidental, 
24, 227, 1, 1, 38.6601298899824, Lightning, 
24, 231, 1, 1, 34.1644627727188, Lightning, 
24, 254, 1, 1, 29.9706060991909, Accidental, 
24, 263, 1, 1, 33.4480062732849, Lightning, 
24, 264, 1, 1, 32.8863509311038, Accidental, 
24, 269, 1, 1, 35.4099899731568, Lightning, 
24, 271, 1, 1, 26.7910830325106, Lightning, 
24, 273, 1, 1, 27.6908481527516, Accidental, 
24, 273, 1, 1, 27.6908481527516, Lightning, 
24, 277, 1, 1, 24.5760678855098, Lightning, 
24, 282, 1, 1, 33.9003034179593, Lightning, 
24, 293, 1, 1, 23.1591514119534, Lightning, 
24, 312, 1, 1, 24.8046103930047, Accidental, 
24, 317, 1, 1, 8.92917475933651, Accidental, 
24, 325, 1, 1, 12.4029112151311, Accidental, 
24, 331, 1, 1, 21.4698024107596, Accidental, 
24, 331, 1, 1, 21.4698024107596, Lightning, 
24, 335, 1, 1, 14.204416573429, Lightning, 
24, 346, 1, 1, 16.5202410308901, Lightning, 
25, 99, 1, 1, 4.79517229948762, Accidental, 
25, 111, 1, 1, 5.76372141004464, Lightning, 
25, 113, 1, 1, 7.1571085357859, Lightning, 
25, 150, 1, 1, 17.9506826111571, Accidental, 
25, 166, 1, 1, 24.0444200993975, Lightning, 
25, 168, 1, 1, 29.2179006416964, Lightning, 
25, 177, 1, 1, 32.0164047526195, Accidental, 
25, 178, 1, 1, 33.0556492613748, Lightning, 
25, 179, 1, 1, 38.4185874074268, Lightning, 
25, 180, 1, 1, 26.006968478287, Lightning, 
25, 181, 1, 1, 25.1908983545953, Accidental, 
25, 189, 1, 1, 24.7635202274987, Accidental, 
25, 191, 1, 1, 26.9158078931581, Lightning, 
25, 192, 1, 1, 27.5458695283017, Lightning, 
25, 199, 1, 1, 32.0575832234682, Lightning, 
25, 209, 1, 1, 35.6940165443365, Lightning, 
25, 213, 1, 1, 19.4206111499415, Accidental, 
25, 213, 1, 1, 19.4206111499415, Lightning, 
25, 214, 1, 1, 16.6315338726207, Lightning, 
25, 228, 1, 1, 28.5225991984364, Lightning, 
25, 231, 1, 1, 31.4286601809869, Lightning, 
25, 235, 1, 1, 24.602406420877, Lightning, 
25, 239, 1, 1, 29.5752989010589, Accidental, 
25, 240, 1, 1, 32.9300614014571, Lightning, 
25, 241, 1, 1, 33.1757482596281, Lightning, 
25, 246, 1, 1, 25.2189852458826, Lightning, 
25, 247, 1, 1, 24.3287855286543, Lightning, 
25, 258, 1, 1, 30.1338889705493, Lightning, 
25, 263, 1, 1, 44.3734297568012, Lightning, 
25, 265, 1, 1, 37.5409397009231, Lightning, 
25, 270, 1, 1, 35.2375864638794, Accidental, 
25, 280, 1, 1, 23.5486351004617, Lightning, 
25, 282, 1, 1, 23.1821164196356, Lightning, 
25, 287, 1, 1, 29.0364534717323, Lightning, 
25, 288, 1, 1, 25.0833804151353, Accidental, 
25, 299, 1, 1, 41.3950671691488, Accidental, 
25, 317, 1, 1, 20.4958398089013, Accidental, 
25, 343, 1, 1, 7.20092195812253, Lightning, 
25, 345, 1, 1, 8.40711077118792, Accidental, 
26, 4, 1, 1, 0, Lightning, 
26, 14, 1, 1, 0.959125049205915, Accidental, 
26, 58, 1, 1, 0.822063966109983, Lightning, 
26, 60, 1, 1, 1.50962225888507, Lightning, 
26, 70, 1, 1, 6.92997535186167, Lightning, 
26, 87, 1, 1, 9.57728339975113, Accidental, 
26, 139, 1, 1, 13.3468308828941, Lightning, 
26, 142, 1, 1, 15.8184697948263, Lightning, 
26, 154, 1, 1, 21.4631390119276, Lightning, 
26, 165, 1, 1, 34.507469731469, Accidental, 
26, 167, 1, 1, 26.4247463443319, Accidental, 
26, 169, 1, 1, 25.1464924489977, Lightning, 
26, 199, 1, 1, 24.6181659286346, Accidental, 
26, 217, 1, 1, 25.3783424415032, Lightning, 
26, 223, 1, 1, 34.1437253063053, Lightning, 
26, 226, 1, 1, 29.4817413809053, Lightning, 
26, 230, 1, 1, 30.8773505980617, Lightning, 
26, 233, 1, 1, 25.9197983929179, Lightning, 
26, 237, 1, 1, 24.5940605625443, Accidental, 
26, 245, 1, 1, 34.5608280469619, Lightning, 
26, 266, 1, 1, 25.0766014138214, Lightning, 
26, 271, 1, 1, 27.2906582747084, Accidental, 
26, 273, 1, 1, 22.7689672420944, Lightning, 
26, 275, 1, 1, 23.8674781709426, Lightning, 
26, 282, 1, 1, 26.5261022087363, Lightning, 
26, 285, 1, 1, 33.5240374849731, Lightning, 
26, 286, 1, 1, 31.687683337075, Lightning, 
26, 287, 1, 1, 37.1111545159627, Lightning, 
26, 290, 1, 1, 24.7972192464492, Lightning, 
26, 307, 1, 1, 16.6571878875158, Lightning, 
26, 310, 1, 1, 14.4053455969722, Lightning, 
26, 311, 1, 1, 13.987746435582, Lightning, 
26, 314, 1, 1, 8.08429200767356, Accidental, 
26, 316, 1, 1, 11.3015384229236, Lightning, 
26, 346, 1, 1, 9.5481045408911, Lightning, 
26, 360, 1, 1, 0, Accidental, 
27, 9, 1, 1, 0, Lightning, 
27, 24, 1, 1, 6.62590963975641, Lightning, 
27, 47, 1, 1, 3.45299277892659, Lightning, 
27, 66, 1, 1, 5.76950184529441, Lightning, 
27, 73, 1, 1, 11.5128683196199, Accidental, 
27, 103, 1, 1, 3.54859520470432, Accidental, 
27, 107, 1, 1, 8.4981118614325, Lightning, 
27, 113, 1, 1, 6.24648396522636, Lightning, 
27, 124, 1, 1, 7.1781753501733, Lightning, 
27, 149, 1, 1, 12.6753958862187, Accidental, 
27, 156, 1, 1, 16.1678869198277, Accidental, 
27, 163, 1, 1, 18.5031310961303, Lightning, 
27, 167, 1, 1, 28.1073741095926, Lightning, 
27, 168, 1, 1, 19.4907963128586, Lightning, 
27, 187, 1, 1, 22.6915457734989, Lightning, 
27, 195, 1, 1, 28.3326301752174, Accidental, 
27, 200, 1, 1, 28.6838876836322, Accidental, 
27, 208, 1, 1, 32.2898140525253, Accidental, 
27, 212, 1, 1, 27.6085023444628, Lightning, 
27, 213, 1, 1, 26.6140400570555, Lightning, 
27, 220, 1, 1, 30.5028248265225, Lightning, 
27, 223, 1, 1, 35.6695282893427, Lightning, 
27, 224, 1, 1, 38.200336478214, Lightning, 
27, 235, 1, 1, 29.7600343675762, Lightning, 
27, 237, 1, 1, 28.2543956314777, Accidental, 
27, 244, 1, 1, 29.028177878079, Lightning, 
27, 254, 1, 1, 18.2610649760129, Lightning, 
27, 269, 1, 1, 27.4625819355737, Lightning, 
27, 277, 1, 1, 17.4199557921551, Lightning, 
27, 278, 1, 1, 21.7937513651835, Lightning, 
27, 283, 1, 1, 23.7324929334796, Lightning, 
27, 285, 1, 1, 21.1294317585541, Accidental, 
27, 289, 1, 1, 23.2479839254158, Accidental, 
27, 297, 1, 1, 27.1288166291238, Lightning, 
27, 322, 1, 1, 13.2047045213591, Lightning, 
27, 352, 1, 1, 9.0471326378708, Lightning, 
28, 62, 1, 1, 4.93989678317043, Accidental, 
28, 94, 1, 1, 2.41614166092653, Lightning, 
28, 96, 1, 1, 3.63928788235471, Lightning, 
28, 100, 1, 1, 4.23561357267969, Lightning, 
28, 101, 1, 1, 2.78267430351676, Lightning, 
28, 102, 1, 1, 3.15537963261403, Lightning, 
28, 107, 1, 1, 3.12973746817783, Accidental, 
28, 112, 1, 1, 4.78851766343913, Lightning, 
28, 113, 1, 1, 5.68416920984718, Lightning, 
28, 118, 1, 1, 9.51280637959546, Lightning, 
28, 124, 1, 1, 13.3732469097292, Lightning, 
28, 144, 1, 1, 13.9150631059091, Lightning, 
28, 156, 1, 1, 18.0320731416556, Accidental, 
28, 178, 1, 1, 29.0122447790778, Accidental, 
28, 195, 1, 1, 25.0491533759936, Lightning, 
28, 198, 1, 1, 39.1723602366209, Lightning, 
28, 202, 1, 1, 35.1941484666353, Lightning, 
28, 205, 1, 1, 38.6473647861968, Lightning, 
28, 207, 1, 1, 33.2257198569758, Lightning, 
28, 209, 1, 1, 34.5007153722204, Lightning, 
28, 210, 1, 1, 29.3911683530449, Lightning, 
28, 217, 1, 1, 26.4374671562356, Lightning, 
28, 219, 1, 1, 21.9537746282146, Lightning, 
28, 229, 1, 1, 33.7080702752878, Accidental, 
28, 230, 1, 1, 33.5737166560197, Accidental, 
28, 230, 1, 1, 33.5737166560197, Lightning, 
28, 240, 1, 1, 37.2756094621497, Lightning, 
28, 259, 1, 1, 24.971988700436, Accidental, 
28, 267, 1, 1, 34.3032594710738, Accidental, 
28, 287, 1, 1, 28.6936721228156, Accidental, 
28, 295, 1, 1, 28.3749518443114, Lightning, 
28, 299, 1, 1, 24.9538451211005, Lightning, 
28, 329, 1, 1, 10.9661456619797, Accidental, 
28, 347, 1, 1, 10.8706460970559, Lightning, 
29, 18, 1, 1, 2.90864045180337, Accidental, 
29, 18, 1, 1, 2.90864045180337, Lightning, 
29, 30, 1, 1, 4.51175431975439, Lightning, 
29, 40, 1, 1, 3.7688264088642, Lightning, 
29, 74, 1, 1, 6.86949223036158, Lightning, 
29, 87, 1, 1, 6.28064980402357, Accidental, 
29, 96, 1, 1, 10.2873982362839, Lightning, 
29, 117, 1, 1, 10.932049252581, Lightning, 
29, 126, 1, 1, 17.1319988267326, Lightning, 
29, 131, 1, 1, 18.657845826752, Lightning, 
29, 145, 1, 1, 21.604929717729, Lightning, 
29, 198, 1, 1, 24.2625100144665, Lightning, 
29, 209, 1, 1, 33.7142071716946, Lightning, 
29, 210, 1, 1, 36.4650704913889, Lightning, 
29, 215, 1, 1, 33.0415127977163, Lightning, 
29, 243, 1, 1, 28.9642324139347, Lightning, 
29, 246, 1, 1, 26.0612942661425, Lightning, 
29, 248, 1, 1, 30.9319015034417, Lightning, 
29, 249, 1, 1, 28.6271262255826, Lightning, 
29, 251, 1, 1, 30.3988340477792, Lightning, 
29, 260, 1, 1, 25.9420009889115, Lightning, 
29, 263, 1, 1, 28.8302446776421, Accidental, 
29, 272, 1, 1, 27.636282775805, Accidental, 
29, 278, 1, 1, 16.317323737604, Lightning, 
29, 288, 1, 1, 21.8156327423595, Lightning, 
29, 318, 1, 1, 14.2691218353114, Lightning, 
29, 333, 1, 1, 10.139231386055, Accidental, 
29, 338, 1, 1, 8.15263280522456, Lightning, 
29, 345, 1, 1, 8.19487563254346, Lightning, 
30, 86, 1, 1, 6.07419377315391, Accidental, 
30, 101, 1, 1, 10.947923949706, Lightning, 
30, 104, 1, 1, 10.2805216687549, Lightning, 
30, 121, 1, 1, 10.9462094062285, Lightning, 
30, 129, 1, 1, 14.6417680708984, Lightning, 
30, 154, 1, 1, 24.3123498992381, Lightning, 
30, 162, 1, 1, 31.3311182457307, Lightning, 
30, 168, 1, 1, 26.8600036355274, Lightning, 
30, 176, 1, 1, 36.0544402725473, Lightning, 
30, 180, 1, 1, 30.5383662089431, Lightning, 
30, 189, 1, 1, 38.4175503076227, Lightning, 
30, 190, 1, 1, 42.4953150963825, Lightning, 
30, 191, 1, 1, 42.8947789425348, Lightning, 
30, 195, 1, 1, 32.4988516807698, Accidental, 
30, 203, 1, 1, 33.5411809421891, Lightning, 
30, 212, 1, 1, 29.8935807203505, Lightning, 
30, 213, 1, 1, 25.7891784957416, Accidental, 
30, 214, 1, 1, 26.1848191269704, Lightning, 
30, 221, 1, 1, 28.2121151694968, Accidental, 
30, 224, 1, 1, 29.930858986866, Lightning, 
30, 228, 1, 1, 35.4184229754234, Lightning, 
30, 229, 1, 1, 32.3590117534649, Lightning, 
30, 237, 1, 1, 34.8079434179922, Lightning, 
30, 238, 1, 1, 45.7560936721966, Accidental, 
30, 240, 1, 1, 40.6703491220717, Lightning, 
30, 253, 1, 1, 35.9487071204011, Accidental, 
30, 265, 1, 1, 26.4175355960536, Lightning, 
30, 295, 1, 1, 32.9090896364785, Accidental, 
30, 296, 1, 1, 32.9887788458521, Lightning, 
30, 297, 1, 1, 33.9048039585997, Lightning, 
30, 301, 1, 1, 28.9160119520652, Lightning, 
30, 302, 1, 1, 34.4446310880493, Lightning, 
30, 315, 1, 1, 8.81206965384058, Accidental, 
30, 323, 1, 1, 15.4992566297445, Accidental, 
30, 345, 1, 1, 20.2603711987977, Lightning, 
31, 28, 1, 1, 5.39303641417257, Lightning, 
31, 53, 1, 1, 6.38096056729848, Accidental, 
31, 69, 1, 1, 3.11096392226481, Lightning, 
31, 82, 1, 1, 2.63951839820542, Lightning, 
31, 106, 1, 1, 9.67940016166426, Lightning, 
31, 122, 1, 1, 11.246497340487, Lightning, 
31, 124, 1, 1, 14.1625315078979, Accidental, 
31, 141, 1, 1, 20.6480316474158, Lightning, 
31, 161, 1, 1, 15.0646142074253, Lightning, 
31, 180, 1, 1, 36.3922233490492, Lightning, 
31, 195, 1, 1, 37.2970687322789, Accidental, 
31, 202, 1, 1, 35.0551801168091, Accidental, 
31, 202, 1, 1, 35.0551801168091, Lightning, 
31, 203, 1, 1, 35.545585329971, Lightning, 
31, 242, 1, 1, 32.1781549976972, Lightning, 
31, 247, 1, 1, 31.2631891229641, Accidental, 
31, 262, 1, 1, 30.934855380247, Accidental, 
31, 265, 1, 1, 46.3759291780845, Lightning, 
31, 267, 1, 1, 37.7212195835281, Accidental, 
31, 269, 1, 1, 42.8812530922133, Lightning, 
31, 272, 1, 1, 23.8382165534291, Lightning, 
31, 276, 1, 1, 23.4500238697198, Lightning, 
31, 280, 1, 1, 26.9585454131897, Lightning, 
31, 281, 1, 1, 29.2816644847618, Lightning, 
31, 298, 1, 1, 22.1931131369913, Lightning, 
31, 307, 1, 1, 26.8561234281219, Lightning, 
31, 323, 1, 1, 16.783911093057, Lightning, 
31, 338, 1, 1, 20.0084732594578, Accidental, 
32, 4, 1, 1, 0, Accidental, 
32, 35, 1, 1, 1.80238729028045, Lightning, 
32, 39, 1, 1, 0.776864998923684, Accidental, 
32, 52, 1, 1, 3.58774184368805, Accidental, 
32, 84, 1, 1, 3.82501521487124, Lightning, 
32, 105, 1, 1, 4.76259769533616, Lightning, 
32, 112, 1, 1, 7.06775438081127, Lightning, 
32, 120, 1, 1, 6.87777823598234, Lightning, 
32, 121, 1, 1, 7.08745563029576, Accidental, 
32, 154, 1, 1, 12.0085620261544, Accidental, 
32, 162, 1, 1, 18.0242171934694, Lightning, 
32, 165, 1, 1, 22.9228682792498, Lightning, 
32, 166, 1, 1, 19.4357471092731, Lightning, 
32, 184, 1, 1, 26.3564855805018, Accidental, 
32, 208, 1, 1, 26.7851096431176, Lightning, 
32, 212, 1, 1, 27.2442618951117, Accidental, 
32, 212, 1, 1, 27.2442618951117, Lightning, 
32, 215, 1, 1, 27.4049575904054, Lightning, 
32, 218, 1, 1, 28.7725617319585, Lightning, 
32, 225, 1, 1, 27.2964226701532, Lightning, 
32, 230, 1, 1, 28.0413612525114, Lightning, 
32, 231, 1, 1, 31.4168003034812, Lightning, 
32, 237, 1, 1, 37.6709260579805, Lightning, 
32, 242, 1, 1, 20.444773230008, Lightning, 
32, 247, 1, 1, 36.2552442675458, Lightning, 
32, 264, 1, 1, 14.1587109914162, Accidental, 
32, 267, 1, 1, 24.7932442805371, Lightning, 
32, 277, 1, 1, 30.9127440227683, Lightning, 
32, 286, 1, 1, 35.7941817283743, Accidental, 
32, 295, 1, 1, 19.938831433942, Lightning, 
32, 338, 1, 1, 5.39984278695482, Accidental, 
32, 340, 1, 1, 9.98636561618306, Lightning, 
33, 2, 1, 1, 0, Accidental, 
33, 16, 1, 1, 1.46006432565897, Lightning, 
33, 24, 1, 1, 4.72271810676909, Accidental, 
33, 37, 1, 1, 7.03364284378347, Lightning, 
33, 76, 1, 1, 2.83921168190433, Accidental, 
33, 93, 1, 1, 4.44839154050022, Lightning, 
33, 95, 1, 1, 5.71867990075204, Accidental, 
33, 105, 1, 1, 5.6118284079457, Accidental, 
33, 126, 1, 1, 11.1250754289465, Lightning, 
33, 128, 1, 1, 13.2426687840398, Accidental, 
33, 148, 1, 1, 17.3639961723027, Lightning, 
33, 169, 1, 1, 22.9668999657677, Accidental, 
33, 179, 1, 1, 15.4147469169097, Accidental, 
33, 191, 1, 1, 21.9406412511753, Lightning, 
33, 199, 1, 1, 19.1988756291423, Lightning, 
33, 222, 1, 1, 24.5351085418138, Lightning, 
33, 228, 1, 1, 21.6651658074286, Lightning, 
33, 231, 1, 1, 23.5712923861048, Lightning, 
33, 238, 1, 1, 24.6470834664915, Lightning, 
33, 243, 1, 1, 33.846034712207, Lightning, 
33, 245, 1, 1, 34.8999137920398, Lightning, 
33, 248, 1, 1, 32.5176079068331, Lightning, 
33, 256, 1, 1, 24.7969925826702, Accidental, 
33, 267, 1, 1, 29.4608292294803, Lightning, 
33, 271, 1, 1, 32.2637335709974, Accidental, 
33, 280, 1, 1, 12.6228979898877, Lightning, 
33, 294, 1, 1, 18.1046224358614, Accidental, 
33, 294, 1, 1, 18.1046224358614, Lightning, 
33, 315, 1, 1, 14.275848607307, Accidental, 
33, 362, 1, 1, 0, Accidental, 
34, 21, 1, 1, 1.31004151156997, Lightning, 
34, 55, 1, 1, 6.58053611225379, Lightning, 
34, 79, 1, 1, 3.26024087311665, Lightning, 
34, 90, 1, 1, 2.86174751291162, Accidental, 
34, 138, 1, 1, 17.4244306456255, Lightning, 
34, 158, 1, 1, 19.4268422898481, Lightning, 
34, 172, 1, 1, 20.5807418471149, Lightning, 
34, 177, 1, 1, 19.1132352121782, Accidental, 
34, 179, 1, 1, 21.5109538471162, Lightning, 
34, 187, 1, 1, 23.1437099547663, Lightning, 
34, 207, 1, 1, 29.6774043592623, Accidental, 
34, 210, 1, 1, 32.8224969371176, Accidental, 
34, 212, 1, 1, 32.1900094699446, Accidental, 
34, 213, 1, 1, 31.8640883551248, Lightning, 
34, 216, 1, 1, 32.2465911642143, Lightning, 
34, 219, 1, 1, 33.3902103971598, Accidental, 
34, 224, 1, 1, 38.4797776064833, Lightning, 
34, 227, 1, 1, 38.7450955239651, Lightning, 
34, 229, 1, 1, 39.7932607294278, Lightning, 
34, 233, 1, 1, 34.4495336822438, Lightning, 
34, 241, 1, 1, 34.8071393981119, Lightning, 
34, 249, 1, 1, 36.5374532066222, Lightning, 
34, 254, 1, 1, 38.9235673921849, Lightning, 
34, 255, 1, 1, 40.2191043285955, Lightning, 
34, 260, 1, 1, 34.9828030381563, Lightning, 
34, 266, 1, 1, 33.2477735852073, Lightning, 
34, 272, 1, 1, 38.1208665523954, Accidental, 
34, 276, 1, 1, 45.9358074569486, Lightning, 
34, 285, 1, 1, 21.4071034620094, Lightning, 
34, 289, 1, 1, 25.7782960678951, Lightning, 
34, 292, 1, 1, 24.0516012431681, Lightning, 
35, 5, 1, 1, 0, Accidental, 
35, 28, 1, 1, 3.90461531981573, Lightning, 
35, 73, 1, 1, 7.10109727666685, Lightning, 
35, 77, 1, 1, 7.48451951739061, Lightning, 
35, 81, 1, 1, 7.29082973081342, Accidental, 
35, 98, 1, 1, 8.47385623641181, Accidental, 
35, 99, 1, 1, 8.91993503454124, Lightning, 
35, 118, 1, 1, 16.9373693916206, Accidental, 
35, 128, 1, 1, 12.3664282065062, Lightning, 
35, 138, 1, 1, 19.5056598974068, Lightning, 
35, 157, 1, 1, 30.5219818111602, Lightning, 
35, 160, 1, 1, 29.7834105289104, Lightning, 
35, 164, 1, 1, 29.5052438230576, Lightning, 
35, 166, 1, 1, 25.8212744086936, Lightning, 
35, 172, 1, 1, 24.9233671395919, Lightning, 
35, 175, 1, 1, 27.2390558321763, Lightning, 
35, 182, 1, 1, 30.41297409113, Lightning, 
35, 185, 1, 1, 37.0862307887173, Lightning, 
35, 208, 1, 1, 43.1403253442232, Accidental, 
35, 231, 1, 1, 38.2638840530884, Lightning, 
35, 234, 1, 1, 28.5831425003783, Lightning, 
35, 240, 1, 1, 27.1502941275124, Lightning, 
35, 248, 1, 1, 23.9790898593429, Lightning, 
35, 250, 1, 1, 31.7152224036662, Lightning, 
35, 257, 1, 1, 31.0362255018467, Accidental, 
35, 274, 1, 1, 16.0781567453524, Accidental, 
35, 279, 1, 1, 24.5630185550359, Accidental, 
35, 286, 1, 1, 19.0235007064707, Lightning, 
35, 288, 1, 1, 23.9387367517809, Accidental, 
35, 291, 1, 1, 23.6035058578213, Lightning, 
35, 294, 1, 1, 27.6793584479676, Lightning, 
35, 299, 1, 1, 26.3200885722402, Lightning, 
35, 326, 1, 1, 36.5925362018207, Lightning, 
35, 329, 1, 1, 22.5173622602378, Lightning, 
35, 333, 1, 1, 17.9348178915575, Lightning, 
35, 340, 1, 1, 14.8558676442286, Accidental, 
35, 350, 1, 1, 19.2630671312051, Lightning, 
35, 352, 1, 1, 22.41351473086, Lightning, 
36, 3, 1, 1, 0, Accidental, 
36, 10, 1, 1, 4.26852347837331, Lightning, 
36, 18, 1, 1, 6.1983026046723, Lightning, 
36, 35, 1, 1, 3.5487496587181, Lightning, 
36, 52, 1, 1, 2.40174278951008, Accidental, 
36, 89, 1, 1, 4.01369584166387, Accidental, 
36, 95, 1, 1, 5.05886517310353, Lightning, 
36, 101, 1, 1, 11.499631333968, Accidental, 
36, 122, 1, 1, 17.1470006312298, Lightning, 
36, 129, 1, 1, 13.2150740865557, Lightning, 
36, 132, 1, 1, 21.6824171491149, Lightning, 
36, 135, 1, 1, 21.8721952253682, Lightning, 
36, 141, 1, 1, 20.2743925786647, Lightning, 
36, 145, 1, 1, 19.2893108502778, Lightning, 
36, 149, 1, 1, 21.8741272288527, Lightning, 
36, 150, 1, 1, 22.4547401424182, Accidental, 
36, 155, 1, 1, 33.4045264096049, Accidental, 
36, 155, 1, 1, 33.4045264096049, Lightning, 
36, 156, 1, 1, 36.6141178296706, Lightning, 
36, 157, 1, 1, 39.7245102525439, Accidental, 
36, 157, 1, 1, 39.7245102525439, Lightning, 
36, 160, 1, 1, 35.9291842862307, Lightning, 
36, 169, 1, 1, 26.3147088436327, Accidental, 
36, 181, 1, 1, 34.1892811903817, Lightning, 
36, 191, 1, 1, 26.0596656268851, Accidental, 
36, 192, 1, 1, 26.7678300738476, Accidental, 
36, 196, 1, 1, 31.2821281873496, Lightning, 
36, 197, 1, 1, 27.8391101609262, Lightning, 
36, 201, 1, 1, 29.9706664593374, Accidental, 
36, 203, 1, 1, 20.7055130566372, Accidental, 
36, 205, 1, 1, 35.2017758319921, Lightning, 
36, 207, 1, 1, 37.9273718446078, Lightning, 
36, 209, 1, 1, 38.4575001250168, Lightning, 
36, 210, 1, 1, 38.314130066158, Lightning, 
36, 212, 1, 1, 36.0774093094257, Accidental, 
36, 224, 1, 1, 22.8971709701143, Accidental, 
36, 224, 1, 1, 22.8971709701143, Lightning, 
36, 238, 1, 1, 33.6725026180051, Lightning, 
36, 239, 1, 1, 34.8200677837337, Lightning, 
36, 245, 1, 1, 38.7023477077937, Lightning, 
36, 246, 1, 1, 49.6115079562299, Accidental, 
36, 248, 1, 1, 42.4278920614958, Lightning, 
36, 261, 1, 1, 23.7346699827864, Lightning, 
36, 269, 1, 1, 17.5189690008648, Lightning, 
36, 270, 1, 1, 17.274318302749, Lightning, 
36, 277, 1, 1, 36.9966381309906, Accidental, 
36, 277, 1, 1, 36.9966381309906, Lightning, 
36, 279, 1, 1, 33.0654012857882, Lightning, 
36, 287, 1, 1, 23.1908668316713, Lightning, 
36, 296, 1, 1, 9.68420841212746, Lightning, 
36, 353, 1, 1, 4.31559197820772, Lightning, 
36, 358, 1, 1, 3.6770916972032, Lightning, 
37, 38, 1, 1, 1.98932220354655, Accidental, 
37, 82, 1, 1, 8.3655523681571, Lightning, 
37, 114, 1, 1, 11.126698311192, Lightning, 
37, 125, 1, 1, 22.3203294117738, Lightning, 
37, 126, 1, 1, 26.2899667832766, Accidental, 
37, 152, 1, 1, 17.1199596457026, Accidental, 
37, 152, 1, 1, 17.1199596457026, Lightning, 
37, 174, 1, 1, 33.7512229755844, Lightning, 
37, 183, 1, 1, 36.5613294696611, Lightning, 
37, 200, 1, 1, 33.4498141077568, Accidental, 
37, 206, 1, 1, 28.0181981466439, Lightning, 
37, 211, 1, 1, 42.8754211446572, Lightning, 
37, 219, 1, 1, 30.7010378880707, Accidental, 
37, 227, 1, 1, 43.124456600731, Lightning, 
37, 228, 1, 1, 43.2330175116708, Lightning, 
37, 229, 1, 1, 41.9763171845443, Accidental, 
37, 231, 1, 1, 37.2089324090717, Accidental, 
37, 231, 1, 1, 37.2089324090717, Lightning, 
37, 234, 1, 1, 33.0658667236902, Lightning, 
37, 235, 1, 1, 34.0260668842017, Lightning, 
37, 239, 1, 1, 32.3786391615472, Lightning, 
37, 240, 1, 1, 35.4320733280358, Lightning, 
37, 250, 1, 1, 45.4915249351425, Lightning, 
37, 252, 1, 1, 40.7342181648453, Lightning, 
37, 255, 1, 1, 37.3598111746522, Accidental, 
37, 263, 1, 1, 31.0424212537336, Accidental, 
37, 265, 1, 1, 26.1564289894404, Accidental, 
37, 269, 1, 1, 26.2500500389748, Lightning, 
37, 270, 1, 1, 26.5872149420678, Lightning, 
37, 272, 1, 1, 26.4054846285934, Lightning, 
37, 274, 1, 1, 26.4786712016373, Lightning, 
37, 277, 1, 1, 25.9978494822777, Accidental, 
37, 278, 1, 1, 28.494837799387, Accidental, 
37, 279, 1, 1, 27.7294093050572, Lightning, 
37, 283, 1, 1, 22.87682099298, Lightning, 
37, 285, 1, 1, 32.6993498430546, Accidental, 
37, 304, 1, 1, 19.0701968085983, Lightning, 
37, 305, 1, 1, 14.6685038669906, Accidental, 
37, 307, 1, 1, 17.2398992198958, Accidental, 
37, 311, 1, 1, 15.6378802834062, Lightning, 
37, 342, 1, 1, 11.748409879289, Lightning, 
37, 346, 1, 1, 7.98460230478737, Lightning, 
37, 355, 1, 1, 5.40964915601155, Lightning, 
37, 357, 1, 1, 4.36654530455179, Lightning, 
37, 363, 1, 1, 0, Lightning, 
38, 24, 1, 1, 0.609450988187348, Lightning, 
38, 91, 1, 1, 5.22650539876306, Lightning, 
38, 138, 1, 1, 20.8395979728967, Lightning, 
38, 155, 1, 1, 26.3126898719693, Lightning, 
38, 167, 1, 1, 16.2325080204346, Lightning, 
38, 184, 1, 1, 27.2570368772456, Lightning, 
38, 188, 1, 1, 22.4043246818145, Lightning, 
38, 227, 1, 1, 39.2769205886341, Accidental, 
38, 231, 1, 1, 35.234426086212, Lightning, 
38, 239, 1, 1, 37.6169756329179, Lightning, 
38, 263, 1, 1, 27.5637849450158, Lightning, 
38, 265, 1, 1, 16.6434636599689, Accidental, 
38, 270, 1, 1, 33.8211363296214, Accidental, 
38, 270, 1, 1, 33.8211363296214, Lightning, 
38, 271, 1, 1, 31.5859185578895, Lightning, 
38, 272, 1, 1, 28.234950338206, Lightning, 
38, 275, 1, 1, 14.9258044546666, Lightning, 
38, 286, 1, 1, 24.2455603426682, Accidental, 
38, 292, 1, 1, 7.19718979819291, Accidental, 
38, 317, 1, 1, 6.94263894773705, Lightning, 
38, 332, 1, 1, 2.58275556189754, Accidental, 
38, 363, 1, 1, 0, Lightning, 
39, 37, 1, 1, 6.65053209929232, Accidental, 
39, 54, 1, 1, 0.548229416329372, Lightning, 
39, 104, 1, 1, 3.14797287783874, Accidental, 
39, 124, 1, 1, 10.6679090859371, Accidental, 
39, 139, 1, 1, 15.716738293727, Lightning, 
39, 164, 1, 1, 15.4904541269688, Lightning, 
39, 170, 1, 1, 27.6775704591606, Lightning, 
39, 171, 1, 1, 42.6748717740494, Lightning, 
39, 176, 1, 1, 26.3115040198032, Lightning, 
39, 185, 1, 1, 26.6379868502354, Lightning, 
39, 187, 1, 1, 26.293140761104, Lightning, 
39, 191, 1, 1, 29.9044647762072, Lightning, 
39, 198, 1, 1, 28.9057599258952, Accidental, 
39, 202, 1, 1, 32.2776030159663, Lightning, 
39, 207, 1, 1, 26.9220074751862, Lightning, 
39, 215, 1, 1, 38.1999192353075, Accidental, 
39, 232, 1, 1, 30.7540484292678, Lightning, 
39, 238, 1, 1, 35.7294399039462, Lightning, 
39, 241, 1, 1, 34.3127142251888, Lightning, 
39, 244, 1, 1, 37.9853803255798, Lightning, 
39, 245, 1, 1, 41.1296650525108, Lightning, 
39, 246, 1, 1, 44.1695815918586, Lightning, 
39, 257, 1, 1, 29.4750230469661, Lightning, 
39, 280, 1, 1, 38.2367550514202, Lightning, 
39, 303, 1, 1, 22.7699832536968, Lightning, 
39, 320, 1, 1, 6.85587361178657, Lightning, 
39, 360, 1, 1, 0, Lightning, 
40, 13, 1, 1, 3.57988664771004, Lightning, 
40, 17, 1, 1, 2.99490957554948, Accidental, 
40, 19, 1, 1, 0.970829289333446, Lightning, 
40, 28, 1, 1, 1.61711063520084, Lightning, 
40, 44, 1, 1, 6.05142732843843, Lightning, 
40, 48, 1, 1, 7.46989902193797, Lightning, 
40, 59, 1, 1, 7.22912285260713, Lightning, 
40, 80, 1, 1, 4.16602936587953, Lightning, 
40, 100, 1, 1, 7.51786740013003, Lightning, 
40, 133, 1, 1, 13.9557519998261, Lightning, 
40, 148, 1, 1, 22.495457574005, Lightning, 
40, 151, 1, 1, 13.8254483835578, Accidental, 
40, 152, 1, 1, 21.4290743799083, Lightning, 
40, 153, 1, 1, 22.6842677423459, Accidental, 
40, 169, 1, 1, 22.0578743247003, Accidental, 
40, 180, 1, 1, 35.5903776593388, Lightning, 
40, 209, 1, 1, 38.7141099724644, Lightning, 
40, 211, 1, 1, 36.3995184334737, Lightning, 
40, 215, 1, 1, 32.7095283632729, Lightning, 
40, 218, 1, 1, 29.9944759560943, Lightning, 
40, 219, 1, 1, 28.364962858122, Lightning, 
40, 222, 1, 1, 31.4554696432996, Lightning, 
40, 230, 1, 1, 39.5138764636134, Accidental, 
40, 232, 1, 1, 38.0130692960056, Accidental, 
40, 245, 1, 1, 41.7574250673741, Accidental, 
40, 246, 1, 1, 38.1572339501913, Lightning, 
40, 249, 1, 1, 33.8777951228892, Lightning, 
40, 252, 1, 1, 29.7353550878615, Accidental, 
40, 260, 1, 1, 24.0982620874545, Accidental, 
40, 263, 1, 1, 32.3505059562816, Accidental, 
40, 264, 1, 1, 26.0856741757534, Lightning, 
40, 267, 1, 1, 43.5522011407512, Lightning, 
40, 268, 1, 1, 43.0530038695475, Accidental, 
40, 278, 1, 1, 21.1611074236944, Lightning, 
40, 282, 1, 1, 21.0239597298542, Lightning, 
40, 286, 1, 1, 44.8996134578022, Lightning, 
40, 291, 1, 1, 37.594218807826, Accidental, 
40, 292, 1, 1, 36.2946607089289, Lightning, 
40, 293, 1, 1, 33.6114834230203, Lightning, 
40, 313, 1, 1, 37.0635063659789, Lightning, 
40, 319, 1, 1, 27.4081395876137, Lightning, 
40, 323, 1, 1, 29.1524113185224, Lightning, 
40, 335, 1, 1, 6.09997007323865, Lightning, 
40, 354, 1, 1, 5.07712061197678, Lightning, 
40, 355, 1, 1, 6.36393439081869, Lightning, 
40, 356, 1, 1, 6.45878832895085, Accidental, 
